iata,name,city,country,region,lat,lon,size
AAA,Anaa Airport,Anaa,PF,PF-U-A,-17.3526,-145.509995,medium
AAC,El Arish International Airport,El Arish,EG,EG-SIN,31.055324,33.827964,large
AAE,Annaba Rabah Bitat Airport,Annaba,DZ,DZ-23,36.826781,7.81334,large
AAK,Aranuka Airport,Buariki,KI,KI-G,0.185278,173.636993,small
AAL,Aalborg Airport,Aalborg,DK,DK-81,57.094763,9.84993,large
AAN,Al Ain International Airport,Al Ain,AE,AE-AZ,24.2617,55.6092,large
AAP,Aji Pangeran Tumenggung Pranoto International Airport,Samarinda,ID,ID-KI,-0.374478,117.250128,medium
AAQ,Anapa Vityazevo Airport,Krasnyi Kurgan,RU,RU-KDA,45.002102,37.347301,medium
AAR,Aarhus Airport,Aarhus,DK,DK-82,56.303331,10.618286,large
AAT,Altay Xuedu Airport,Altay,CN,CN-65,47.749886,88.085808,medium
AAX,Romeu Zema Airport,Araxá,BR,BR-MG,-19.5632,-46.9604,medium
AAY,Al Ghaydah International Airport,Al Ghaydah,YE,YE-MR,16.193341,52.174186,medium
AAZ,Quezaltenango Airport,Quezaltenango,GT,GT-QZ,14.8656,-91.501999,small
ABA,Abakan International Airport,Abakan,RU,RU-KK,53.740002,91.385002,large
ABB,Asaba International Airport,Asaba,NG,NG-DE,6.204167,6.665278,large
ABD,Abadan Ayatollah Jami International Airport,Abadan,IR,IR-06,30.367887,48.230075,large
ABE,Lehigh Valley International Airport,Allentown/Bethlehem,US,US-PA,40.651773,-75.442797,medium
ABI,Abilene Regional Airport,Abilene,US,US-TX,32.4113006592,-99.68190002440001,medium
ABJ,Félix-Houphouët-Boigny International Airport,Abidjan,CI,CI-AB,5.26139,-3.92629,large
ABK,Kebri Dahar Airport,Kebri Dahar,ET,ET-SO,6.732577,44.241339,medium
ABL,Ambler Airport,Ambler,US,US-AK,67.105529,-157.855339,medium
ABM,Northern Peninsula Airport,Bamaga,AU,AU-QLD,-10.946194,142.455081,small
ABQ,Albuquerque International Sunport,Albuquerque,US,US-NM,35.039976,-106.608925,large
ABR,Aberdeen Regional Airport,Aberdeen,US,US-SD,45.449100494384766,-98.42179870605469,medium
ABS,Abu Simbel Airport,Abu Simbel,EG,EG-ASN,22.375924,31.611734,medium
ABT,King Saud Bin Abdulaziz (Al Baha) Airport,Al-Baha,SA,SA-11,20.298506,41.636153,medium
ABU,AA Bere Tallo (Haliwen) Airport,Atambua,ID,ID-NT,-9.074841,124.903285,small
ABV,Nnamdi Azikiwe International Airport,Abuja,NG,NG-FC,9.00679,7.26317,large
ABX,Albury Airport,East Albury,AU,AU-NSW,-36.066758,146.959148,medium
ABY,Southwest Georgia Regional Airport,Albany,US,US-GA,31.532946,-84.196215,medium
ABZ,Aberdeen International Airport,Aberdeen,GB,GB-SCT,57.2019,-2.19778,large
ACA,General Juan N. Álvarez International Airport,Acapulco,MX,MX-GRO,16.757126,-99.753113,large
ACC,Kotoka International Airport,Accra,GH,GH-AA,5.605189800262451,-0.16678600013256073,large
ACE,César Manrique-Lanzarote Airport,San Bartolomé,ES,ES-CN,28.945499,-13.6052,large
ACF,Aral Tarim Airport,Aral,CN,CN-65,40.434748,81.26206,small
ACH,Sankt Gallen Altenrhein Airport,St. Gallen,CH,CH-SG,47.485001,9.56077,medium
ACI,Alderney Airport,Saint Anne,GG,GG-A,49.706104,-2.21472,medium
ACK,Nantucket Memorial Airport,Nantucket,US,US-MA,41.25310135,-70.06020355,medium
ACT,Waco Regional Airport,Waco,US,US-TX,31.611299514770508,-97.23049926757812,medium
ACV,California Redwood Coast-Humboldt County Airport,Arcata/Eureka,US,US-CA,40.978101,-124.109,medium
ACX,Xingyi Wanfenglin Airport,Xingyi,CN,CN-52,25.083423,104.960804,medium
ACY,Atlantic City International Airport,Atlantic City,US,US-NJ,39.456201,-74.577511,medium
ADB,Adnan Menderes International Airport,Gaziemir,TR,TR-35,38.2924,27.157,large
ADD,Addis Ababa Bole International Airport,Addis Ababa,ET,ET-AA,8.97789,38.799301,large
ADE,Aden International Airport,Aden,YE,YE-AD,12.829564,45.029976,large
ADF,Adıyaman Airport,Adıyaman,TR,TR-02,37.7314,38.468899,medium
ADJ,Marka International (Amman Civil) Airport,Amman,JO,JO-AM,31.9727,35.9916,large
ADK,Adak Airport,Adak,US,US-AK,51.883564,-176.642783,medium
ADL,Adelaide International Airport,Adelaide,AU,AU-SA,-34.947512,138.533393,large
ADQ,Kodiak Airport,Kodiak,US,US-AK,57.75,-152.4940033,medium
ADU,Ardabil Airport,Ardabil,IR,IR-24,38.3256988525,48.4244003296,medium
ADZ,Gustavo Rojas Pinilla International Airport,San Andrés,CO,CO-SAP,12.5836,-81.7112,large
AEB,Baise (Bose) Bama Airport,Baise (Tianyang),CN,CN-45,23.7206,106.959999,medium
AEP,Aeroparque Jorge Newbery,Buenos Aires,AR,AR-C,-34.559419,-58.415536,large
AER,Sochi International Airport,Sochi,RU,RU-KDA,43.449902,39.9566,large
AES,Ålesund Airport,Ålesund,NO,NO-15,62.560443,6.110845,large
AET,Allakaket Airport,Allakaket,US,US-AK,66.551804,-152.621994,small
AEU,Abu Musa Island Airport,Abu Musa,IR,IR-22,25.8757,55.033001,medium
AEX,Alexandria International Airport,Alexandria,US,US-LA,31.325828,-92.546702,medium
AEY,Akureyri International Airport,Akureyri,IS,IS-6,65.656573,-18.072018,large
AFA,Suboficial Ay Santiago Germano Airport,San Rafael,AR,AR-M,-34.588299,-68.4039,medium
AFL,Piloto Osvaldo Marques Dias Airport,Alta Floresta,BR,BR-MT,-9.866389,-56.106298,medium
AFZ,Sabzevar National Airport,Sabzevar,IR,IR-09,36.16809844970703,57.59519958496094,medium
AGA,Al Massira Airport,Agadir (Temsia),MA,MA-09,30.322478,-9.412003,large
AGE,Wangerooge Airport,Wangerooge,DE,DE-NI,53.782544,7.919584,small
AGH,Ängelholm-Helsingborg Airport,Ängelholm,SE,SE-M,56.29610061645508,12.847100257873535,medium
AGI,Wageningen Airstrip,Wageningen,SR,SR-NI,5.841252,-56.673247,small
AGJ,Aguni Airport,Aguni,JP,JP-47,26.592755,127.240335,small
AGP,Málaga-Costa del Sol Airport,Málaga,ES,ES-AN,36.6749,-4.49911,large
AGR,Agra Airport / Agra Air Force Station,Agra,IN,IN-UP,27.157975,77.961025,medium
AGS,Augusta Regional At Bush Field,Augusta,US,US-GA,33.3699,-81.9645,medium
AGT,Guaraní International Airport,Ciudad del Este,PY,PY-10,-25.457186,-54.839544,large
AGU,Aguascalientes International Airport,Aguascalientes,MX,MX-AGU,21.699589,-102.318372,large
AGX,Agatti Airport,Agatti,IN,IN-LD,10.8237,72.176003,medium
AHA,Maa Mahamaya Airport,Ambikapur,IN,IN-CT,22.98753,83.19612,medium
AHB,Abha International Airport,Abha,SA,SA-14,18.2404,42.656601,large
AHE,Ahe Airport,Ahe Atoll,PF,PF-U-A,-14.428099632263184,-146.2570037841797,medium
AHO,Alghero-Fertilia Airport,Alghero,IT,IT-88,40.632099,8.29077,medium
AHU,Cherif Al Idrissi Airport,Al Hoceima,MA,MA-01,35.177101,-3.83952,medium
AIA,Alliance Municipal Airport,Alliance,US,US-NE,42.052543,-102.803965,medium
AIN,Wainwright Airport,Wainwright,US,US-AK,70.638,-159.994995,medium
AIP,Adampur Airport,Adampur,IN,IN-PB,31.4338,75.758797,small
AIT,Aitutaki Airport,Aitutaki,CK,CK-U-A,-18.8309,-159.764008,small
AIU,Enua Airport,Atiu Island,CK,CK-U-A,-19.96780014038086,-158.11900329589844,small
AJA,Ajaccio Napoléon Bonaparte airport,Ajaccio,FR,FR-COR,41.923599,8.80292,medium
AJF,Al-Jawf International Airport,Al-Jawf,SA,SA-12,29.783301,40.100905,large
AJI,Ağrı Airport,Ağrı,TR,TR-04,39.655642,43.025742,medium
AJL,Lengpui Airport,Aizawl (Lengpui),IN,IN-MZ,23.840599,92.619698,medium
AJN,Ouani Airport,Ouani,KM,KM-A,-12.131047,44.430044,medium
AJR,Arvidsjaur Airport,Arvidsjaur,SE,SE-BD,65.59030151367188,19.28190040588379,medium
AJU,Aracaju - Santa Maria Airport,Aracaju,BR,BR-SE,-10.98394,-37.072873,medium
AKA,Ankang Fuqiang Airport,Ankang (Hanbin),CN,CN-61,32.75696,108.87338,small
AKB,Atka Airport,Atka,US,US-AK,52.220299,-174.205994,small
AKF,Kufra Airport,Kufra,LY,LY-KF,24.178699493408203,23.31399917602539,medium
AKI,Akiak Airport,Akiak,US,US-AK,60.902646,-161.23106,small
AKJ,Asahikawa Airport,Higashikagura,JP,JP-01,43.670799,142.447006,medium
AKK,Akhiok Airport,Akhiok,US,US-AK,56.938702,-154.182999,small
AKL,Auckland International Airport,Auckland,NZ,NZ-AUK,-37.01199,174.786331,large
AKN,King Salmon Airport,King Salmon,US,US-AK,58.677845,-156.651965,medium
AKP,Anaktuvuk Pass Airport,Anaktuvuk Pass,US,US-AK,68.133598,-151.742996,medium
AKR,Akure Airport,Akure,NG,NG-ON,7.246739864349365,5.3010101318359375,medium
AKS,Gwaunaru'u Airport,Auki,SB,SB-ML,-8.70257,160.682007,small
AKU,Aksu Hongqipo Airport,Aksu (Onsu),CN,CN-65,41.262501,80.291702,medium
AKV,Akulivik Airport,Akulivik,CA,CA-QC,60.8186,-78.148598,small
AKX,Aktobe International Airport,Aktobe,KZ,KZ-AKT,50.248116,57.204144,large
AKY,Sittwe Airport,Sittwe,MM,MM-16,20.133165,92.870693,medium
ALA,Almaty International Airport,Almaty,KZ,KZ-ALA,43.354267,77.042828,large
ALB,Albany International Airport,Albany,US,US-NY,42.748299,-73.801697,large
ALC,Alicante-Elche Miguel Hernández Airport,Alicante,ES,ES-VC,38.2822,-0.558156,large
ALF,Alta Airport,Alta,NO,NO-56,69.976097,23.3717,medium
ALG,Houari Boumediene Airport,Algiers,DZ,DZ-16,36.693886,3.214531,large
ALH,Albany Airport,Albany,AU,AU-WA,-34.943333,117.808889,medium
ALO,Waterloo Regional Airport,Waterloo,US,US-IA,42.557098388671875,-92.40029907226562,medium
ALP,Aleppo International Airport,Aleppo,SY,SY-HL,36.181262,37.226869,large
ALS,San Luis Valley Regional Airport/Bergman Field,Alamosa,US,US-CO,37.434898,-105.866997,medium
ALW,Walla Walla Regional Airport,Walla Walla,US,US-WA,46.09489822,-118.288002,medium
AMA,Rick Husband Amarillo International Airport,Amarillo,US,US-TX,35.217857,-101.706444,medium
AMD,Sardar Vallabh Patel International Airport,Ahmedabad,IN,IN-GJ,23.0772,72.634697,large
AMH,Arba Minch Airport,Arba Minch,ET,ET-SN,6.03939,37.5905,medium
AMM,Queen Alia International Airport,Amman,JO,JO-AM,31.7226009369,35.9931983948,large
AMQ,Pattimura International Airport,Ambon,ID,ID-MA,-3.71026,128.089005,large
AMS,Amsterdam Airport Schiphol,Amsterdam,NL,NL-NH,52.308601,4.76389,large
AMV,Amderma Airport,Amderma,RU,RU-NEN,69.76329803466797,61.556400299072266,medium
ANC,Ted Stevens Anchorage International Airport,Anchorage,US,US-AK,61.179004,-149.992561,large
ANF,Andrés Sabella Gálvez International Airport,Antofagasta,CL,CL-AN,-23.445274,-70.445232,large
ANI,Aniak Airport,Aniak,US,US-AK,61.581600189208984,-159.54299926757812,medium
ANR,Antwerp International Airport (Deurne),Antwerp,BE,BE-VAN,51.190667,4.463153,medium
ANS,Andahuaylas Airport,Andahuaylas,PE,PE-APU,-13.706399917602539,-73.35040283203125,small
ANU,V. C. Bird International Airport,Osbourn,AG,AG-03,17.1367,-61.792702,large
ANV,Anvik Airport,Anvik,US,US-AK,62.646702,-160.190994,medium
ANX,"Andøya Airport, Andenes",Andenes,NO,NO-18,69.295193,16.139379,medium
AOE,Hasan Polatkan Airport,Eskişehir,TR,TR-26,39.811644,30.519268,large
AOG,Anshan Teng'ao Airport / Anshan Air Base,Anshan,CN,CN-21,41.105301,122.853996,medium
AOI,Marche Airport,Falconara Marittima (AN),IT,IT-57,43.616299,13.3623,medium
AOJ,Aomori Airport,Aomori,JP,JP-02,40.733777,140.689477,large
AOK,Karpathos Airport,Karpathos Island,GR,GR-L,35.421398,27.146,medium
AOO,Altoona Blair County Airport,Altoona,US,US-PA,40.296398,-78.32,medium
AOR,Sultan Abdul Halim Airport,Alor Satar,MY,MY-02,6.189670085906982,100.39800262451172,medium
APK,Apataki Airport,Apataki,PF,PF-U-A,-15.5736,-146.414993,small
APL,Nampula Airport,Nampula,MZ,MZ-N,-15.1056,39.281799,large
APN,Alpena County Regional Airport,Alpena,US,US-MI,45.0780983,-83.56030273,medium
APO,Antonio Roldán Betancur Airport,Carepa,CO,CO-ANT,7.81196,-76.7164,medium
APW,Faleolo International Airport,Apia,WS,WS-AA,-13.83,-172.007996,large
AQA,Araraquara Airport,Araraquara,BR,BR-SP,-21.812,-48.132999,medium
AQG,Anqing Tianzhushan Airport / Anqing North Air Base,Anqing,CN,CN-34,30.582199,117.050003,medium
AQI,Qaisumah–Hafar Al-Batin International Airport,Qaisumah,SA,SA-04,28.335726,46.127108,large
AQJ,King Hussein International Airport,Aqaba,JO,JO-AQ,29.611601,35.018101,large
AQP,Rodríguez Ballón International Airport,Arequipa,PE,PE-ARE,-16.340786,-71.569485,large
ARC,Arctic Village Airport,Arctic Village,US,US-AK,68.1147,-145.578995,medium
ARD,Alor Island - Mali Airport,Kabola,ID,ID-NT,-8.13234,124.597,small
ARH,Talagi Airport,Archangelsk,RU,RU-ARK,64.60030364990234,40.71670150756836,medium
ARI,Chacalluta International Airport,Arica,CL,CL-AP,-18.348499,-70.338699,medium
ARK,Arusha Airport,Arusha,TZ,TZ-01,-3.3677899837493896,36.63330078125,medium
ARM,Armidale Airport,Armidale,AU,AU-NSW,-30.528099060099997,151.617004395,medium
ARN,Stockholm-Arlanda Airport,Stockholm,SE,SE-AB,59.64849,17.928829,large
ART,Watertown International Airport,Watertown,US,US-NY,43.991901,-76.021698,medium
ARU,Araçatuba Airport,Araçatuba,BR,BR-SP,-21.141479,-50.424575,medium
ARW,Arad International Airport,Arad,RO,RO-AR,46.176136,21.264322,medium
ASB,Ashgabat International Airport,Ashgabat,TM,TM-S,37.986801,58.361,large
ASD,Andros Town Airport,Andros Town,BS,BS-NS,24.697901,-77.795601,medium
ASE,Aspen-Pitkin County Airport (Sardy Field),Aspen,US,US-CO,39.223202,-106.869003,medium
ASF,Astrakhan Narimanovo Boris M. Kustodiev International Airport,Astrakhan,RU,RU-AST,46.282843,48.010511,large
ASI,RAF Ascension Island,Cat Hill,SH,SH-AC,-7.970179,-14.392744,medium
ASJ,Amami Airport,Amami,JP,JP-46,28.430599212646484,129.71299743652344,medium
ASM,Asmara International Airport,Asmara,ER,ER-SK,15.2919,38.910702,medium
ASO,Asosa Airport,Asosa,ET,ET-BE,10.018500328063965,34.586299896240234,medium
ASP,Alice Springs Airport,Alice Springs,AU,AU-NT,-23.806588,133.903427,medium
ASR,Kayseri Erkilet International Airport,Kayseri,TR,TR-38,38.770401,35.495399,large
ASU,Silvio Pettirossi International Airport,Asunción,PY,PY-11,-25.240156,-57.519227,large
ASV,Amboseli Airport,Ol Tukai,KE,KE-34,-2.644786,37.252922,medium
ASW,Aswan International Airport,Aswan,EG,EG-ASN,23.961075,32.820382,large
ATC,Arthur's Town Airport,Arthur's Town,BS,BS-CI,24.6294,-75.673797,medium
ATH,Athens Eleftherios Venizelos International Airport,Spata-Artemida,GR,GR-I,37.936401,23.9445,large
ATK,Atqasuk Edward Burnell Sr Memorial Airport,Atqasuk,US,US-AK,70.46704,-157.436013,medium
ATL,Hartsfield Jackson Atlanta International Airport,Atlanta,US,US-GA,33.6367,-84.428101,large
ATM,Altamira Interstate Airport,Altamira,BR,BR-PA,-3.253144,-52.253938,medium
ATQ,Sri Guru Ram Das Ji International Airport,Amritsar,IN,IN-PB,31.7096,74.797302,large
ATT,Atmautluak Airport,Atmautluak,US,US-AK,60.866699,-162.272996,small
ATW,Appleton International Airport,Appleton,US,US-WI,44.258515,-88.519,medium
ATY,Watertown Regional Airport,Watertown,US,US-SD,44.91400146,-97.15470123,medium
ATZ,Asyut International Airport,Asyut,EG,EG-AST,27.045962,31.01276,large
AUA,Queen Beatrix International Airport,Oranjestad,AW,AW-U-A,12.501056,-70.014281,large
AUC,Santiago Perez Airport,Arauca,CO,CO-ARA,7.06888,-70.7369,medium
AUG,Augusta State Airport,Augusta,US,US-ME,44.320598602299995,-69.7973022461,medium
AUH,Zayed International Airport,Abu Dhabi,AE,AE-AZ,24.440966,54.649237,large
AUK,Alakanuk Airport,Alakanuk,US,US-AK,62.682653,-164.722481,small
AUL,Aur Island Airport,Aur Atoll,MH,MH-AUR,8.14528,171.173004,small
AUQ,Hiva Oa-Atuona Airport,Hiva Oa Island,PF,PF-U-A,-9.76879024506,-139.011001587,medium
AUR,Aurillac airport,Aurillac,FR,FR-ARA,44.891399,2.42194,medium
AUS,Austin Bergstrom International Airport,Austin,US,US-TX,30.197535,-97.662015,large
AUU,Aurukun Airport,Aurukun,AU,AU-QLD,-13.354019,141.720028,small
AUX,Araguaína Airport,Araguaína,BR,BR-TO,-7.22787,-48.240501,medium
AVA,Anshun Huangguoshu Airport,Anshun (Xixiu),CN,CN-52,26.260556,105.873333,medium
AVK,Arvaikheer Airport,Arvaikheer,MN,MN-055,46.250301361083984,102.802001953125,medium
AVL,Asheville Regional Airport,Asheville,US,US-NC,35.435488,-82.541853,medium
AVN,Avignon Caumont airport,Avignon,FR,FR-PAC,43.907299,4.90183,medium
AVP,Wilkes-Barre/Scranton International Airport,Wilkes-Barre/Scranton,US,US-PA,41.337064,-75.724232,medium
AVV,Melbourne Avalon International Airport,Geelong/Melbourne,AU,AU-VIC,-38.040269,144.467196,large
AWA,Hawassa International Airport,Hawassa,ET,ET-XSD,7.100611,38.396455,large
AWK,Wake Island Airfield,Wake Island,UM,UM-79,19.282437,166.636637,medium
AWZ,Qasem Soleimani International Airport,Ahvaz,IR,IR-06,31.3364,48.763789,large
AXA,Clayton J. Lloyd International Airport,The Valley,AI,AI-U-A,18.204773,-63.05383,medium
AXD,Alexandroupoli Democritus Airport,Alexandroupolis,GR,GR-A,40.8559,25.956301,medium
AXF,Alxa Left Banner Bayanhot Airport,Bayanhot,CN,CN-15,38.748317,105.58416,medium
AXJ,Amakusa Airport,Amakusa,JP,JP-43,32.482498,130.158997,medium
AXM,El Eden Airport,Armenia,CO,CO-QUI,4.45278,-75.7664,medium
AXP,Spring Point Airport,Spring Point,BS,BS-AK,22.441799,-73.970901,medium
AXR,Arutua Airport,,PF,PF-U-A,-15.248299598693848,-146.61700439453125,medium
AXT,Akita Airport,Akita,JP,JP-05,39.615601,140.218994,medium
AXU,Axum Airport,Axum,ET,ET-TI,14.1468,38.7728,medium
AYJ,Maharshi Valmiki International Airport,Faizabad,IN,IN-UP,26.747736,82.163664,medium
AYP,Air Force Colonel Alfredo Mendivil Duarte Airport,Ayacucho,PE,PE-AYA,-13.1548,-74.204399,medium
AYQ,Ayers Rock Connellan Airport,Yulara,AU,AU-NT,-25.185913,130.97703,medium
AYT,Antalya International Airport,Antalya,TR,TR-07,36.898701,30.800501,large
AZA,Mesa Gateway Airport,Mesa,US,US-AZ,33.3078,-111.654999,medium
AZD,Shahid Sadooghi Airport,Yazd,IR,IR-21,31.9048995972,54.2765007019,medium
AZN,Andijan International Airport,Andijan,UZ,UZ-AN,40.727699,72.293999,medium
AZO,Kalamazoo/Battle Creek International Airport,Kalamazoo,US,US-MI,42.232105,-85.549637,medium
AZR,Touat-Cheikh Sidi Mohamed Belkebir Airport,Adrar,DZ,DZ-01,27.837601,-0.186414,medium
AZS,Samaná El Catey International Airport,Samana,DO,DO-20,19.269259,-69.737405,medium
BAH,Bahrain International Airport,Manama,BH,BH-15,26.267295,50.63764,large
BAL,Batman Airport,Batman,TR,TR-72,37.929001,41.1166,medium
BAQ,Ernesto Cortissoz International Airport,Barranquilla,CO,CO-ATL,10.8896,-74.7808,large
BAR,Qionghai Bo'ao Airport,Qionghai (Basuo),CN,CN-46,19.140951,110.452766,medium
BAS,Ballalae Airport,Ballalae,SB,SB-WE,-6.990745,155.886656,small
BAV,Baotou Donghe International Airport,Baotou,CN,CN-15,40.560001,109.997002,large
BAX,Barnaul Gherman Titov International Airport,Barnaul,RU,RU-ALT,53.361285,83.539701,large
BAY,Maramureș International Airport,Tăuții-Măgherăuș,RO,RO-MM,47.658444,23.464445,medium
BAZ,Barcelos Airport,Barcelos,BR,BR-AM,-0.981191,-62.918603,small
BBA,Balmaceda Airport,Balmaceda,CL,CL-AI,-45.915968,-71.689499,medium
BBG,Butaritari Airport,Butaritari,KI,KI-G,3.08583,172.811005,small
BBI,Biju Patnaik International Airport,Bhubaneswar,IN,IN-OR,20.251021,85.814747,large
BBK,Kasane International Airport,Kasane,BW,BW-CH,-17.831653,25.166195,large
BBM,Battambang Airport,Battambang,KH,KH-2,13.0956,103.223999,medium
BBN,Bario Airport,Bario,MY,MY-13,3.734648,115.478548,medium
BBO,Berbera Airport,Berbera,SO,SO-WO,10.385035,44.936723,medium
BBQ,Burton-Nibbs International Airport,Codrington,AG,AG-10,17.621194,-61.798347,medium
BBR,Basse-Terre Baillif Airport,Basse-Terre,GP,GP-U-A,16.013648,-61.742928,small
BBU,Bucharest Băneasa Aurel Vlaicu International Airport,Bucharest,RO,RO-B,44.503133,26.102944,large
BCA,Gustavo Rizo Airport,Baracoa,CU,CU-14,20.365299224853516,-74.5062026977539,medium
BCD,Bacolod-Silay International Airport,Bacolod City,PH,PH-NEC,10.776237,123.018879,large
BCH,Baucau Airport,Baucau,TL,TL-BA,-8.486479,126.399981,medium
BCI,Barcaldine Airport,Barcaldine,AU,AU-QLD,-23.566268,145.302086,medium
BCM,Bacău George Enescu International  Airport,Bacău,RO,RO-BC,46.5219,26.910299,large
BCN,Josep Tarradellas Barcelona-El Prat Airport,Barcelona,ES,ES-CT,41.2971,2.07846,large
BCO,Jinka Airport,Jinka,ET,ET-SN,5.749655,36.560165,medium
BCU,Sir Abubakar Tafawa Balewa Bauchi State International Airport,Bauchi,NG,NG-BA,10.482833,9.744,large
BDA,L.F. Wade International Airport,Hamilton,BM,BM-U-A,32.363802,-64.67824,large
BDB,Bundaberg Airport,Bundaberg,AU,AU-QLD,-24.905039,152.322612,medium
BDD,Badu Island Airport,Badu Island,AU,AU-QLD,-10.14955,142.173665,small
BDH,Bandar Lengeh International Airport,Bandar Lengeh,IR,IR-22,26.532283,54.82484,medium
BDJ,Syamsudin Noor International Airport,Banjarbaru,ID,ID-KS,-3.440112,114.761209,large
BDL,Bradley International Airport,Hartford,US,US-CT,41.938555,-72.688016,large
BDO,Husein Sastranegara International Airport,Bandung,ID,ID-JB,-6.90063,107.575996,medium
BDP,Bhadrapur Airport,Bhadrapur,NP,NP-P1,26.5708007812,88.07959747310001,small
BDQ,Vadodara International Airport,Vadodara,IN,IN-GJ,22.336201,73.226303,large
BDS,Brindisi Airport,Brindisi,IT,IT-75,40.6576,17.947001,large
BDT,Gbadolite Airport,Gbadolite,CD,CD-NU,4.252745,20.975271,medium
BDU,Bardufoss Airport,Målselv,NO,NO-55,69.055801,18.5404,medium
BEB,Benbecula Airport,Balivanich,GB,GB-SCT,57.481098,-7.36278,medium
BED,Laurence G Hanscom Field,Bedford,US,US-MA,42.470001,-71.289001,medium
BEF,Bluefields Airport,Bluefields,NI,NI-AS,11.991,-83.774101,medium
BEG,Belgrade Nikola Tesla Airport,Belgrade,RS,RS-00,44.818401,20.309099,large
BEJ,Kalimarau Airport,Tanjung Redeb - Borneo Island,ID,ID-KI,2.14776,117.430705,medium
BEK,Bareilly Air Force Station,Bareilly,IN,IN-UP,28.4221,79.450798,medium
BEL,Val de Cans/Júlio Cezar Ribeiro International Airport,Belém,BR,BR-PA,-1.379279,-48.476207,large
BEM,Beni Mellal Airport,Oulad Yaich,MA,MA-05,32.401895,-6.315905,large
BEN,Benina International Airport,Benina,LY,LY-BA,32.096802,20.269501,large
BER,Berlin Brandenburg Airport,Berlin,DE,DE-BR,52.361738,13.502341,large
BES,Brest Bretagne airport,Brest,FR,FR-BRE,48.447899,-4.41854,large
BET,Bethel Airport,Bethel,US,US-AK,60.77980042,-161.8379974,medium
BEU,Bedourie Airport,Bedourie,AU,AU-QLD,-24.3461,139.460007,medium
BEW,Beira International Airport,Beira,MZ,MZ-S,-19.7964,34.9076,large
BEY,Beirut Rafic Hariri International Airport,Beirut,LB,LB-JL,33.819833,35.487443,large
BFD,Bradford Regional Airport,Bradford,US,US-PA,41.8031005859375,-78.64009857177734,medium
BFF,Western Neb. Rgnl/William B. Heilig Airport,Scottsbluff,US,US-NE,41.87400055,-103.5960007,medium
BFI,King County International Airport - Boeing Field,Seattle,US,US-WA,47.527042,-122.29995,medium
BFJ,Bijie Feixiong Airport,Bijie,CN,CN-52,27.267066,105.472097,medium
BFL,Meadows Field,Bakersfield,US,US-CA,35.433601,-119.056999,medium
BFN,Bram Fischer International Airport,Bloemfontein,ZA,ZA-FS,-29.092699,26.302401,large
BFQ,Bahia Piña Airport,Puerto Piña,PA,PA-5,7.58737,-78.179939,small
BFS,Belfast International Airport,Belfast,GB,GB-NIR,54.6575012207,-6.2158298492399995,large
BFV,Buri Ram Airport,Buriram,TH,TH-31,15.2295,103.252998,medium
BFY,Bengbu Tenghu Airport,Bengbu,CN,CN-34,33.166292,117.058344,medium
BGA,Palonegro Airport,Bucaramanga,CO,CO-SAN,7.1265,-73.1848,medium
BGC,Bragança Airport,Bragança,PT,PT-04,41.8578,-6.70713,medium
BGF,Bangui M'Poko International Airport,Bangui,CF,CF-MP,4.39848,18.518801,large
BGG,Bingöl Airport,Bingöl,TR,TR-12,38.860131,40.594489,small
BGI,Grantley Adams International Airport,Bridgetown,BB,BB-01,13.074667,-59.491034,large
BGK,Big Creek Airport,Big Creek,BZ,BZ-SC,16.519369,-88.407913,small
BGM,Greater Binghamton/Edwin A Link field,Binghamton,US,US-NY,42.20869827,-75.97979736,medium
BGO,"Bergen Airport, Flesland",Bergen,NO,NO-46,60.2934,5.21814,large
BGR,Bangor International Airport,Bangor,US,US-ME,44.806364,-68.826668,medium
BGW,Baghdad International Airport / New Al Muthana Air Base,Baghdad,IQ,IQ-BG,33.262501,44.2346,large
BGY,Il Caravaggio International Airport,Orio al Serio (BG),IT,IT-25,45.669362,9.708851,large
BHB,Hancock County-Bar Harbor Airport,Bar Harbor,US,US-ME,44.45000076,-68.3615036,medium
BHD,George Best Belfast City Airport,Belfast,GB,GB-NIR,54.618099,-5.8725,medium
BHE,Woodbourne Airport,Blenheim,NZ,NZ-MBH,-41.5182991027832,173.8699951171875,medium
BHH,Bisha Airport,Bisha,SA,SA-14,19.9844,42.620899,medium
BHI,Comandante Espora Airport,Bahía Blanca,AR,AR-B,-38.725,-62.1693,medium
BHJ,Bhuj Airport,Bhuj,IN,IN-GJ,23.2877998352,69.6701965332,medium
BHK,Bukhara International Airport,Bukhara,UZ,UZ-BU,39.775319,64.482279,large
BHM,Birmingham-Shuttlesworth International Airport,Birmingham,US,US-AL,33.562877,-86.750712,large
BHO,Raja Bhoj International Airport,Bhopal,IN,IN-MP,23.2875,77.337402,large
BHQ,Broken Hill Airport,Broken Hill,AU,AU-NSW,-32.0013999939,141.472000122,medium
BHR,Bharatpur Airport,Bharatpur,NP,NP-P3,27.678101,84.429398,small
BHS,Bathurst Airport,Bathurst,AU,AU-NSW,-33.406817,149.651161,medium
BHU,Bhavnagar Airport,Bhavnagar,IN,IN-GJ,21.752199173,72.1852035522,medium
BHV,Bahawalpur Airport,Bahawalpur,PK,PK-PB,29.348100662231445,71.71800231933594,medium
BHX,Birmingham Airport,"Birmingham, West Midlands",GB,GB-ENG,52.453899,-1.74803,large
BHY,Beihai Fucheng Airport,Beihai,CN,CN-45,21.538659,109.293683,medium
BIA,Bastia-Poretta International airport,Bastia,FR,FR-COR,42.5527,9.48373,large
BID,Block Island State Airport,Block Island,US,US-RI,41.168446,-71.578631,small
BIH,Eastern Sierra Regional Airport,Bishop,US,US-CA,37.3731,-118.363998,medium
BIK,Frans Kaisiepo Airport,Biak,ID,ID-PA,-1.19002,136.108002,medium
BIL,Billings Logan International Airport,Billings,US,US-MT,45.808932,-108.541242,medium
BIM,South Bimini Airport,South Bimini,BS,BS-BI,25.6998996735,-79.2647018433,medium
BIO,Bilbao Airport,Bilbao,ES,ES-PV,43.301102,-2.91061,large
BIQ,Biarritz Pays Basque airport,Biarritz,FR,FR-NAQ,43.468372,-1.523223,medium
BIR,Biratnagar Airport,Biratnagar,NP,NP-P1,26.48150062561035,87.26399993896484,medium
BIS,Bismarck Municipal Airport,Bismarck,US,US-ND,46.772734,-100.746874,medium
BJA,Soummam–Abane Ramdane Airport,Béjaïa,DZ,DZ-06,36.712547,5.069909,large
BJB,Bojnord Airport,Bojnord,IR,IR-28,37.49300003051758,57.30820083618164,medium
BJC,Rocky Mountain Metropolitan Airport,Denver,US,US-CO,39.908798,-105.116997,medium
BJF,Båtsfjord Airport,Båtsfjord,NO,NO-56,70.60025,29.692612,medium
BJL,Banjul International Airport,Banjul (Yundum),GM,GM-W,13.338,-16.652201,large
BJM,Bujumbura Melchior Ndadaye International Airport,Bujumbura,BI,BI-BM,-3.32402,29.318501,large
BJR,Bahir Dar Airport,Bahir Dar,ET,ET-AM,11.6081,37.321602,medium
BJV,Milas Bodrum International Airport,Bodrum,TR,TR-48,37.249314,27.66401,large
BJX,Guanajuato International Airport,Silao,MX,MX-GUA,20.992695,-101.480284,large
BJZ,Badajoz Airport,Badajoz,ES,ES-EX,38.8913,-6.82133,medium
BKC,Buckland Airport,Buckland,US,US-AK,65.981598,-161.149002,small
BKG,Branson Airport,Branson,US,US-MO,36.532082,-93.200544,medium
BKI,Kota Kinabalu International Airport,Kota Kinabalu,MY,MY-12,5.932743,116.049324,large
BKK,Suvarnabhumi Airport,Bangkok,TH,TH-10,13.6811,100.747002,large
BKM,Bakalalan Airport,Bakalalan,MY,MY-13,3.974,115.617996,small
BKN,Balkanabat International Airport,Balkanabat,TM,TM-B,39.681052,54.206008,medium
BKO,Modibo Keita International Airport,Bamako,ML,ML-2,12.5335,-7.94994,large
BKQ,Blackall Airport,Blackall,AU,AU-QLD,-24.431678,145.429716,medium
BKS,Fatmawati Soekarno Airport,Bengkulu,ID,ID-BE,-3.8637,102.338997,medium
BKW,Raleigh County Memorial Airport,Beaver,US,US-WV,37.7873,-81.124199,medium
BKZ,Bukoba Airport,Bukoba,TZ,TZ-05,-1.332,31.8212,small
BLA,General José Antonio Anzoategui International Airport,Barcelona,VE,VE-B,10.111111,-64.692222,large
BLB,Panamá Pacífico International Airport,Panamá City,PA,PA-10,8.91479,-79.599602,small
BLD,Boulder City Municipal Airport,Boulder City,US,US-NV,35.947161,-114.858799,medium
BLE,Dala Airport,Borlange,SE,SE-W,60.422001,15.5152,medium
BLI,Bellingham International Airport,Bellingham,US,US-WA,48.79280090332031,-122.53800201416016,medium
BLJ,Batna Mostefa Ben Boulaid Airport,Batna,DZ,DZ-05,35.752102,6.30859,large
BLL,Billund Airport,Billund,DK,DK-83,55.740335,9.157019,large
BLQ,Bologna Guglielmo Marconi Airport,Bologna,IT,IT-45,44.5354,11.2887,large
BLR,Kempegowda International Airport Bengaluru,Bengaluru,IN,IN-KA,13.1979,77.706299,large
BLV,Scott AFB/Midamerica Airport,Belleville,US,US-IL,38.5452,-89.835197,medium
BLW,Beledweyne Airport,Beledweyne,SO,SO-HI,4.766976,45.2388,small
BLZ,Chileka International Airport,Blantyre,MW,MW-BL,-15.677189,34.972319,large
BMA,Stockholm-Bromma Airport,Stockholm,SE,SE-AB,59.354401,17.9417,medium
BME,Broome International Airport,Broome,AU,AU-WA,-17.949194,122.2283,large
BMI,Central Illinois Regional Airport at Bloomington-Normal,Bloomington/Normal,US,US-IL,40.4771,-88.915901,medium
BMK,Borkum Airport,Borkum,DE,DE-NI,53.59639,6.709167,small
BMO,Banmaw Airport,Banmaw,MM,MM-11,24.27044,97.2476,small
BMR,Baltrum Airport,Baltrum,DE,DE-NI,53.72485,7.373257,small
BMU,Sultan Muhammad Salahuddin Airport,Bima,ID,ID-NB,-8.537184,118.685002,medium
BMV,Buon Ma Thuot Airport,Buon Ma Thuot,VN,VN-CH,12.668299675,108.120002747,medium
BMW,Bordj Badji Mokhtar Airport,Bordj Badji Mokhtar,DZ,DZ-52,21.3778,0.92698,medium
BMY,Île Art - Waala Airport,Waala,NC,NC-02,-19.720521,163.661077,small
BNA,Nashville International Airport,Nashville,US,US-TN,36.1245,-86.6782,large
BNB,Boende Airport,Boende,CD,CD-TU,-0.286652,20.883551,small
BND,Bandar Abbas International Airport,Bandar Abbas,IR,IR-22,27.2183,56.3778,large
BNE,Brisbane International Airport,Brisbane,AU,AU-QLD,-27.384199142456055,153.11700439453125,large
BNI,Benin Airport,Benin,NG,NG-ED,6.316979885101318,5.5995001792907715,medium
BNK,Ballina Byron Gateway Airport,Ballina,AU,AU-NSW,-28.833236,153.561471,medium
BNN,"Brønnøysund Airport, Brønnøy",Brønnøy,NO,NO-18,65.461098,12.2175,medium
BNS,Barinas Airport,Barinas,VE,VE-E,8.615,-70.214167,medium
BNX,Banja Luka International Airport,Mahovljani,BA,BA-SRP,44.941399,17.297501,large
BNY,Bellona/Anua Airport,Anua,SB,SB-RB,-11.302222222200001,159.798333333,small
BOB,Bora Bora Airport,Motu Mute,PF,PF-U-A,-16.444400787353516,-151.75100708007812,medium
BOC,"Bocas del Toro ""Isla Colón"" International Airport",Isla Colón,PA,PA-1,9.34085,-82.250801,medium
BOD,Bordeaux–Mérignac Airport,Bordeaux,FR,FR-NAQ,44.82865,-0.715356,large
BOG,El Dorado International Airport,Bogota,CO,CO-DC,4.70159,-74.1469,large
BOH,Bournemouth Airport,Bournemouth,GB,GB-ENG,50.780483,-1.839576,medium
BOI,Boise Air Terminal/Gowen Field,Boise,US,US-ID,43.5644,-116.223,large
BOJ,Burgas Airport,Burgas,BG,BG-02,42.569917,27.515173,large
BOM,Chhatrapati Shivaji Maharaj International Airport,Mumbai,IN,IN-MM,19.088699,72.867897,large
BON,Flamingo International Airport,Kralendijk,BQ,BQ-BO,12.131,-68.268501,large
BOO,Bodø Airport,Bodø,NO,NO-18,67.269203,14.3653,large
BOR,Bokeo International Airport,Ton Phueng,LA,LA-BK,20.323986,100.165392,medium
BOS,Boston Logan International Airport,Boston,US,US-MA,42.36197,-71.0079,large
BOT,Bosset Airport,Bosset,PG,PG-WPD,-7.237257,141.1063222,small
BOY,Bobo Dioulasso Airport,Bobo Dioulasso,BF,BF-HOU,11.1601,-4.33097,large
BPE,Qinhuangdao Beidaihe Airport,Qinhuangdao (Changli),CN,CN-13,39.666384,119.061384,medium
BPL,Bole Alashankou Airport,Bole,CN,CN-65,44.895461,82.30007,medium
BPN,Sultan Aji Muhammad Sulaiman Sepinggan International Airport,Balikpapan,ID,ID-KI,-1.268342,116.89452,large
BPS,Porto Seguro International Airport,Porto Seguro,BR,BR-BA,-16.438426,-39.080584,large
BPT,Jack Brooks Regional Airport,Beaumont/Port Arthur,US,US-TX,29.9508,-94.020699,medium
BPX,Qamdo Bangda Airport,Bangda,CN,CN-54,30.553600311279297,97.1082992553711,medium
BPY,Besalampy Airport,Besalampy,MG,MG-M,-16.74453,44.482484,medium
BQB,Busselton Margaret River Regional Airport,Busselton,AU,AU-WA,-33.687222,115.400278,small
BQG,Bogorodskoye Airport,Bogorodskoye,RU,RU-KHA,52.381041,140.449378,small
BQJ,Batagay Airport,Batagay,RU,RU-SA,67.648003,134.695007,small
BQK,Brunswick Golden Isles Airport,Brunswick,US,US-GA,31.258801,-81.466499,medium
BQL,Boulia Airport,,AU,AU-QLD,-22.913299560546875,139.89999389648438,medium
BQN,Rafael Hernández International Airport,Aguadilla,PR,PR-U-A,18.4949,-67.129402,medium
BQS,Ignatyevo Airport,Blagoveschensk,RU,RU-AMU,50.426723,127.415502,medium
BQT,Brest International Airport,Brest,BY,BY-BR,52.108138,23.89676,large
BQU,J F Mitchell Airport,Bequia,VC,VC-06,12.9884,-61.262001,medium
BRA,Dom Ricardo Weberberger Airport,Barreiras,BR,BR-BA,-12.0789,-45.008999,small
BRC,Teniente Luis Candelaria International Airport,San Carlos de Bariloche,AR,AR-R,-41.151199,-71.157501,large
BRD,Brainerd Lakes Regional Airport,Brainerd,US,US-MN,46.402861,-94.129727,medium
BRE,Bremen Airport,Bremen,DE,DE-HB,53.046786,8.78932,large
BRI,Bari Karol Wojtyła International Airport,Bari,IT,IT-75,41.138901,16.760599,large
BRK,Bourke Airport,,AU,AU-NSW,-30.039199829101562,145.95199584960938,medium
BRL,Southeast Iowa Regional Airport,Burlington,US,US-IA,40.783199310302734,-91.12550354003906,medium
BRM,Jacinto Lara International Airport,Barquisimeto,VE,VE-K,10.042747,-69.35862,large
BRN,Bern Airport,Bern,CH,CH-BE,46.912736,7.498819,medium
BRO,Brownsville South Padre Island International Airport,Brownsville,US,US-TX,25.907238,-97.425235,medium
BRQ,Brno-Tuřany Airport,Brno,CZ,CZ-JM,49.151276,16.693972,medium
BRR,Barra Airport,Eoligarry,GB,GB-SCT,57.0228,-7.44306,medium
BRS,Bristol Airport,Bristol,GB,GB-ENG,51.382326,-2.716453,large
BRU,Brussels Airport,Zaventem,BE,BE-VBR,50.901402,4.48444,large
BRW,Wiley Post Will Rogers Memorial Airport,Utqiaġvik,US,US-AK,71.285402,-156.766008,medium
BRX,Maria Montez International Airport,Barahona,DO,DO-04,18.25149917602539,-71.12039947509766,medium
BSA,Bender Qassim International Airport,Bosaso,SO,SO-BR,11.275235,49.139231,large
BSB,Presidente Juscelino Kubitschek International Airport,Brasília,BR,BR-DF,-15.869167,-47.920834,large
BSC,José Celestino Mutis Airport,Bahía Solano,CO,CO-CHO,6.20292,-77.3947,medium
BSD,Baoshan Yunrui Airport,Baoshan (Longyang),CN,CN-53,25.053301,99.168297,medium
BSG,Bata International Airport,Bata,GQ,GQ-LI,1.90547,9.80568,large
BSK,Biskra - Mohamed Khider Airport,Biskra,DZ,DZ-07,34.79318,5.738899,large
BSL,EuroAirport Basel–Mulhouse–Freiburg,Bâle / Mulhouse,FR,FR-GES,47.60068,7.521117,large
BSO,Basco Airport,Basco,PH,PH-BTN,20.4513,121.980003,medium
BSR,Basra International Airport,Basra,IQ,IQ-BA,30.549101,47.662102,large
BSX,Pathein Airport,Pathein,MM,MM-07,16.815201,94.7799,small
BSZ,Manas International Airport,Bishkek,KG,KG-C,43.061298,74.4776,large
BTC,Batticaloa International Airport,Batticaloa,LK,LK-5,7.705073,81.677163,medium
BTH,Hang Nadim International Airport,Batam,ID,ID-KR,1.12103,104.119003,large
BTI,Barter Island Long Range Radar Station Airport,Barter Island,US,US-AK,70.134003,-143.582001,medium
BTJ,Sultan Iskandar Muda International Airport,Banda Aceh,ID,ID-AC,5.525087,95.41997,large
BTK,Bratsk Airport,Bratsk,RU,RU-IRK,56.3696,101.701822,medium
BTM,Bert Mooney Airport,Butte,US,US-MT,45.95479965209961,-112.49700164794922,medium
BTR,Baton Rouge Metropolitan Airport,Baton Rouge,US,US-LA,30.533199,-91.149597,medium
BTS,M. R. Štefánik Airport,Bratislava,SK,SK-BL,48.1702,17.2127,large
BTT,Bettles Airport,Bettles,US,US-AK,66.913902,-151.529007,small
BTU,Bintulu Airport,Bintulu,MY,MY-13,3.12385010719,113.019996643,medium
BTV,Patrick Leahy Burlington International Airport,Burlington,US,US-VT,44.471901,-73.153297,medium
BTW,Bersujud Airport,Batu Licin,ID,ID-KS,-3.41241,115.995003,small
BUA,Buka Airport,Buka Island,PG,PG-NSB,-5.422299,154.672698,medium
BUC,Burketown Airport,,AU,AU-QLD,-17.748600006103516,139.53399658203125,small
BUD,Budapest Liszt Ferenc International Airport,Budapest,HU,HU-BU,47.43018,19.262393,large
BUF,Buffalo Niagara International Airport,Buffalo,US,US-NY,42.940498,-78.732201,large
BUI,Bokondini Airport,Bokondini,ID,ID-PP,-3.68455,138.677437,small
BUN,Gerardo Tobar López Airport,Buenaventura,CO,CO-VAC,3.81963,-76.9898,medium
BUQ,Joshua Mqabuko Nkomo International Airport,Bulawayo,ZW,ZW-BU,-20.016284,28.622897,large
BUR,Hollywood Burbank/Bob Hope Airport,Burbank,US,US-CA,34.202834,-118.35805,large
BUS,Alexander Kartveli Batumi International Airport,Batumi,GE,GE-AJ,41.60939,41.600315,large
BUT,Bathpalathang Airport,Jakar,BT,BT-33,27.5622,90.7471,small
BUU,Muara Bungo Airport,Muara Bungo,ID,ID-JA,-1.541635,102.181613,small
BUX,Bunia Airport,Bunia,CD,CD-IT,1.565743,30.220685,medium
BUZ,Bushehr Airport,Bushehr,IR,IR-18,28.9447994232,50.8345985413,medium
BVA,Beauvais-Tillé airport,Beauvais,FR,FR-HDF,49.454399,2.11278,large
BVB,Atlas Brasil Cantanhede International Airport,Boa Vista,BR,BR-RR,2.84615,-60.690648,large
BVC,Aristides Pereira International Airport,Rabil,CV,CV-B,16.136499,-22.888901,large
BVE,Brive Souillac airport,Brive,FR,FR-NAQ,45.039722,1.485556,medium
BVG,Berlevåg Airport,Berlevåg,NO,NO-56,70.871517,29.034097,medium
BVH,Brigadeiro Camarão Airport,Vilhena,BR,BR-RO,-12.6944,-60.098301,medium
BVI,Birdsville Airport,,AU,AU-QLD,-25.897499084472656,139.34800720214844,medium
BVJ,Bovanenkovo Airport,Bovanenkovo,RU,RU-YAN,70.315278,68.333611,medium
BVS,Breves Airport,Breves,BR,BR-PA,-1.63653,-50.4436,small
BWA,Gautam Buddha International Airport,Siddharthanagar (Bhairahawa),NP,NP-P5,27.504636,83.410381,large
BWI,Baltimore/Washington International Thurgood Marshall Airport,Baltimore,US,US-MD,39.1754,-76.668297,large
BWK,Brač Airport,Gornji Humac,HR,HR-17,43.284454,16.678362,medium
BWN,Brunei International Airport,Bandar Seri Begawan,BN,BN-BM,4.9442,114.928001,large
BWO,Balakovo Airport,Balakovo,RU,RU-SAR,51.858299,47.745602,medium
BWT,Wynyard Airport,Burnie,AU,AU-TAS,-40.997039,145.726,medium
BWX,Banyuwangi Airport,"Rogojampi, Banyuwangi",ID,ID-JI,-8.31015,114.3401,small
BXG,Bendigo Airport,,AU,AU-VIC,-36.739399,144.330002,small
BXH,Balkhash Airport,Balkhash,KZ,KZ-KAR,46.894246,75.004533,medium
BXR,Bam Airport,Bam,IR,IR-08,29.0842,58.450001,medium
BXT,LNG Badak Airport,Bontang-Borneo Island,ID,ID-KI,0.121656,117.476558,small
BXU,Bancasi Airport,Butuan,PH,PH-BTC,8.9515,125.4788,medium
BXY,Baikonur Krayniy International Airport,Baikonur,KZ,KZ-BAY,45.621994,63.210773,large
BYK,Bouaké Airport,Bouaké,CI,CI-VB,7.7388,-5.07367,medium
BYM,Carlos Manuel de Cespedes Airport,Bayamo,CU,CU-12,20.3964,-76.621399,medium
BYN,Bayankhongor Airport,Bayankhongor,MN,MN-069,46.1633,100.704002,medium
BYO,Bonito Airport,Bonito,BR,BR-MS,-21.2473,-56.452399,small
BYR,Læsø Airport,Læsø,DK,DK-81,57.277199,11.0001,small
BYW,Blakely Island Airport,Blakely Island,US,US-WA,48.579162,-122.823844,small
BZE,Philip S. W. Goldson International Airport,Belize City,BZ,BZ-BZ,17.539951,-88.303556,large
BZG,Ignacy Jan Paderewski Bydgoszcz Airport,Bydgoszcz,PL,PL-KP,53.096802,17.977699,medium
BZI,Balıkesir Airport,Balıkesir,TR,TR-10,39.619301,27.926001,medium
BZK,Bryansk International Airport,Bryansk,RU,RU-BRY,53.214403,34.175965,medium
BZL,Barisal Airport,Barisal,BD,BD-A,22.801001,90.301201,medium
BZN,Bozeman Yellowstone International Airport,Bozeman,US,US-MT,45.778853,-111.153711,medium
BZO,Bolzano Airport,Bolzano (BZ),IT,IT-32,46.459245,11.326125,medium
BZR,Béziers Vias airport,Béziers,FR,FR-OCC,43.323502,3.3539,medium
BZV,Maya-Maya International Airport,Brazzaville,CG,CG-12,-4.2517,15.253,large
BZX,Bazhong Enyang Airport,Bazhong,CN,CN-51,31.73842,106.644872,medium
CAB,Cabinda Airport,Cabinda,AO,AO-CAB,-5.59839,12.188145,medium
CAC,Coronel Adalberto Mendes da Silva Airport,Cascavel,BR,BR-PR,-25.000323,-53.501208,medium
CAE,Columbia Metropolitan Airport,Columbia,US,US-SC,33.938172,-81.123022,medium
CAF,Carauari Airport,Carauari,BR,BR-AM,-4.871473,-66.897552,small
CAG,Cagliari Elmas Airport,Cagliari,IT,IT-88,39.251499,9.05428,large
CAH,Cà Mau Airport,Ca Mau City,VN,VN-SW,9.177667,105.177778,medium
CAI,Cairo International Airport,Cairo,EG,EG-C,30.111534,31.396694,large
CAJ,Canaima Airport,Canaima,VE,VE-F,6.231989,-62.85485,medium
CAK,Akron Canton Regional Airport,Akron,US,US-OH,40.916099548339844,-81.44219970703125,medium
CAL,Campbeltown Airport,Campbeltown,GB,GB-SCT,55.437199,-5.68639,medium
CAN,Guangzhou Baiyun International Airport,Guangzhou (Huadu),CN,CN-44,23.392401,113.299004,large
CAP,Cap Haitien International Airport,Cap Haitien,HT,HT-ND,19.725547,-72.20071,large
CAT,Cascais Airport,Cascais,PT,PT-11,38.724998,-9.35523,medium
CAU,Caruaru Airport,Caruaru,BR,BR-PE,-8.28239,-36.0135,small
CAW,Bartolomeu Lisandro Airport,Campos dos Goytacazes,BR,BR-RJ,-21.698299,-41.301701,medium
CAY,Cayenne – Félix Eboué Airport,Matoury,GF,GF-CY,4.819964,-52.361326,large
CAZ,Cobar Airport,,AU,AU-NSW,-31.538299560546875,145.79400634765625,medium
CBB,Jorge Wilsterman International Airport,Cochabamba,BO,BO-C,-17.421105,-66.177102,large
CBH,Béchar Boudghene Ben Ali Lotfi Airport,Béchar,DZ,DZ-08,31.645700454711914,-2.269860029220581,medium
CBO,Cotabato (Awang) Airport,Datu Odin Sinsuat,PH,PH-MDN,7.164753,124.209938,medium
CBQ,Margaret Ekpo International Airport,Calabar,NG,NG-CR,4.976019859313965,8.347200393676758,medium
CBR,Canberra Airport,Canberra,AU,AU-ACT,-35.3069,149.195007,medium
CBT,Catumbela Airport,Catumbela,AO,AO-BGU,-12.4792,13.4869,medium
CCA,Chimore Airport,Chimore,BO,BO-C,-16.976834,-65.145568,small
CCC,Jardines Del Rey Airport,Cayo Coco,CU,CU-08,22.461000442499998,-78.32839965820001,medium
CCE,Capital International Airport,New Cairo,EG,EG-C,30.06465,31.839974,medium
CCF,Carcassonne Salvaza Airport,Carcassonne,FR,FR-OCC,43.216,2.30632,medium
CCJ,Calicut International Airport,Calicut,IN,IN-KL,11.135996,75.955152,large
CCK,Cocos (Keeling) Islands Airport,West Island,CC,CC-U-A,-12.192218,96.834103,large
CCP,Carriel Sur International Airport,Concepcion,CL,CL-BI,-36.77235,-73.062828,large
CCR,Buchanan Field,Concord,US,US-CA,37.9897,-122.056999,medium
CCS,Maiquetía Simón Bolívar International Airport,Maiquetía,VE,VE-X,10.602214,-66.991174,large
CCU,Netaji Subhash Chandra Bose International Airport,Kolkata,IN,IN-WB,22.654012,88.44765,large
CCV,Craig Cove Airport,Craig Cove,VU,VU-MAP,-16.264999,167.923996,small
CCZ,Chub Cay Airport,Chub Cay,BS,BS-NS,25.417101,-77.880898,medium
CDB,Cold Bay Airport,Cold Bay,US,US-AK,55.207871,-162.725029,medium
CDC,Cedar City Regional Airport,Cedar City,US,US-UT,37.70100021362305,-113.0989990234375,medium
CDE,Chengde Puning Airport,Chengde,CN,CN-13,41.1225,118.073889,medium
CDG,Charles de Gaulle International Airport,"Paris (Roissy-en-France, Val-d'Oise)",FR,FR-IDF,49.00896,2.554117,large
CDP,Kadapa Airport,Kadapa,IN,IN-AP,14.513154,78.769183,medium
CDR,Chadron Municipal Airport,Chadron,US,US-NE,42.837601,-103.095001,medium
CDT,Castellón-Costa Azahar Airport,Castellón de la Plana,ES,ES-VC,40.213889,0.073333,medium
CDV,Merle K (Mudhole) Smith Airport,Cordova,US,US-AK,60.491798,-145.477997,medium
CEB,Mactan Cebu International Airport,Cebu City/Lapu-Lapu City,PH,PH-CEB,10.309261,123.97974,large
CEC,Jack Mc Namara Field Airport,Crescent City,US,US-CA,41.778929,-124.236403,medium
CED,Ceduna Airport,,AU,AU-SA,-32.13059997558594,133.7100067138672,medium
CEE,Cherepovets Airport,Cherepovets,RU,RU-VLG,59.273601532,38.015800476100004,medium
CEI,Mae Fah Luang - Chiang Rai International Airport,Chiang Rai,TH,TH-57,19.952299,99.882896,large
CEK,Kurchatov Chelyabinsk International Airport,Chelyabinsk,RU,RU-CHE,55.303141,61.504927,large
CEL,Canela Airport,Canela,BR,BR-RS,-29.370091,-50.831729,small
CEM,Central Airport,Central,US,US-AK,65.573815,-144.780707,small
CEN,Ciudad Obregón International Airport,Ciudad Obregón,MX,MX-SON,27.39259910583496,-109.83300018310547,medium
CEZ,Cortez Municipal Airport,Cortez,US,US-CO,37.303001,-108.627998,medium
CFB,Cabo Frio Airport,Cabo Frio,BR,BR-RJ,-22.921485,-42.071874,small
CFE,Clermont-Ferrand Auvergne airport,Clermont-Ferrand,FR,FR-ARA,45.786701,3.16917,large
CFG,Jaime Gonzalez Airport,Cienfuegos,CU,CU-06,22.149999618530273,-80.41419982910156,medium
CFK,Chlef Aboubakr Belkaid International Airport,Chlef,DZ,DZ-02,36.216614,1.341114,large
CFN,Donegal Airport,Donegal,IE,IE-DL,55.0442008972168,-8.340999603271484,medium
CFR,Caen Carpiquet airport,Caen,FR,FR-NOR,49.17678,-0.454883,medium
CFS,Coffs Harbour Airport,Coffs Harbour,AU,AU-NSW,-30.320601,153.115997,medium
CFU,Corfu Ioannis Kapodistrias International Airport,Kerkyra (Corfu),GR,GR-F,39.60145,19.912179,large
CGB,Várzea Grande–Marechal Rondon International Airport,Cuiabá,BR,BR-MT,-15.6529,-56.116699,large
CGD,Changde Taohuayuan Airport,Changde (Dingcheng),CN,CN-43,28.9189,111.639999,medium
CGH,Congonhas–Deputado Freitas Nobre Airport,São Paulo,BR,BR-SP,-23.627657,-46.654601,large
CGI,Cape Girardeau Regional Airport,Cape Girardeau,US,US-MO,37.2253,-89.570801,medium
CGK,Soekarno-Hatta International Airport,Jakarta,ID,ID-BT,-6.12557,106.655998,large
CGM,Camiguin Airport,Mambajao,PH,PH-CAM,9.253894,124.709115,medium
CGN,Cologne Bonn Airport,Köln (Cologne),DE,DE-NW,50.865898,7.14274,large
CGO,Zhengzhou Xinzheng International Airport,Zhengzhou,CN,CN-41,34.526497,113.849165,large
CGP,Shah Amanat International Airport,Chattogram (Chittagong),BD,BD-B,22.249599,91.813301,large
CGQ,Changchun Longjia International Airport,Changchun,CN,CN-22,43.996201,125.684998,large
CGR,Campo Grande Airport,Campo Grande,BR,BR-MS,-20.469998,-54.673988,medium
CGY,Laguindingan International Airport,Laguindingan,PH,PH-MSR,8.612203,124.456496,large
CHA,Chattanooga Metropolitan Airport (Lovell Field),Chattanooga,US,US-TN,35.035301,-85.203796,medium
CHC,Christchurch International Airport,Christchurch,NZ,NZ-CAN,-43.489029,172.532065,large
CHG,Chaoyang Airport,"Shuangta, Chaoyang",CN,CN-21,41.538101,120.434998,medium
CHH,Chachapoyas Airport,Chachapoyas,PE,PE-AMA,-6.201911,-77.856195,medium
CHM,FAP Lieutenant Jaime Andres de Montreuil Morales Airport,Chimbote,PE,PE-ANC,-9.14961,-78.523804,medium
CHO,Charlottesville Albemarle Airport,Charlottesville,US,US-VA,38.13859939575195,-78.4529037475586,medium
CHQ,Chania International Airport,Souda,GR,GR-M,35.531207,24.150673,large
CHS,Charleston International Airport,Charleston,US,US-SC,32.896159,-80.038151,large
CHT,Inia William Tuuta Memorial Airport,Te One,NZ,NZ-WGN,-43.81189,-176.46514,medium
CHU,Chuathbaluk Airport,Chuathbaluk,US,US-AK,61.579102,-159.216003,small
CHX,Changuinola Captain Manuel Niño International Airport,Changuinola,PA,PA-1,9.458962,-82.515062,medium
CHY,Choiseul Bay Airport,Choiseul Bay,SB,SB-CH,-6.711944,156.396111,small
CIA,Ciampino–G. B. Pastine International Airport,Rome,IT,IT-62,41.798769,12.595331,large
CID,The Eastern Iowa Airport,Cedar Rapids,US,US-IA,41.884701,-91.7108,medium
CIF,Chifeng Yulong Airport,Chifeng,CN,CN-15,42.159723,118.840971,medium
CIH,Changzhi Wangcun Airport,Changzhi,CN,CN-14,36.247501,113.125999,small
CIJ,Capitán Aníbal Arab Airport,Cobija,BO,BO-N,-11.039109,-68.782774,medium
CIK,Chalkyitsik Airport,Chalkyitsik,US,US-AK,66.644997,-143.740005,small
CIT,Shymkent International Airport,Shymkent,KZ,KZ-YUZ,42.365021,69.47564,large
CIU,Chippewa County International Airport,Kincheloe,US,US-MI,46.242038,-84.462082,medium
CIW,Canouan Airport,Canouan,VC,VC-06,12.699,-61.3424,medium
CIX,Capitán FAP José A. Quiñones González International Airport,Chiclayo,PE,PE-LAM,-6.789223,-79.828254,large
CIY,Comiso Airport,Comiso,IT,IT-82,36.99583,14.60889,medium
CJA,Mayor General FAP Armando Revoredo Iglesias Airport,Cajamarca,PE,PE-CAJ,-7.13918,-78.489403,medium
CJB,Coimbatore International Airport,Coimbatore,IN,IN-TN,11.03,77.043404,large
CJC,El Loa Airport,Calama,CL,CL-AN,-22.498199,-68.903603,medium
CJJ,Cheongju International Airport/Cheongju Air Base (K-59/G-513),Cheongju,KR,KR-43,36.71556,127.500289,large
CJL,Chitral Airport,Chitral,PK,PK-KP,35.886213,71.799922,medium
CJM,Chumphon Airport,Chumphon,TH,TH-86,10.7112,99.361702,medium
CJN,Nusawiru Airport,Cijulang,ID,ID-JB,-7.719895,108.488995,small
CJS,Abraham González International Airport,Ciudad Juárez,MX,MX-CHH,31.636673,-106.428533,large
CJU,Jeju International Airport,Jeju City,KR,KR-49,33.512058,126.492548,large
CJZ,Pedro Vieira Moreira Airport,Cajazeiras,BR,BR-PB,-6.8827,-38.61583,small
CKB,North Central West Virginia Airport,Bridgeport,US,US-WV,39.2966,-80.228104,medium
CKD,Crooked Creek Airport,Crooked Creek,US,US-AK,61.870315,-158.137636,small
CKG,Chongqing Jiangbei International Airport,Chongqing,CN,CN-50,29.712254,106.651895,large
CKH,Chokurdakh Airport,Chokurdah,RU,RU-SA,70.6231,147.901993,medium
CKS,Carajás Airport,Parauapebas,BR,BR-PA,-6.117841,-50.003372,medium
CKW,Christmas Creek Airport,Christmas Creek Mine,AU,AU-WA,-22.354302,119.642603,small
CKX,Chicken Airport,Chicken,US,US-AK,64.066495,-141.951342,small
CKY,Ahmed Sékou Touré International Airport,Conakry,GN,GN-C,9.57689,-13.612,large
CKZ,Çanakkale Airport,Çanakkale,TR,TR-17,40.1376991272,26.4267997742,medium
CLD,McClellan-Palomar Airport,Carlsbad,US,US-CA,33.1283,-117.279999,medium
CLE,Cleveland Hopkins International Airport,Cleveland,US,US-OH,41.411701,-81.8498,large
CLJ,Avram Iancu Cluj International Airport,Cluj-Napoca,RO,RO-CJ,46.786042,23.685733,large
CLL,Easterwood Field,College Station,US,US-TX,30.5886,-96.3638,medium
CLO,Alfonso Bonilla Aragon International Airport,Cali,CO,CO-VAC,3.542717,-76.381898,large
CLP,Clarks Point Airport,Clarks Point,US,US-AK,58.833698,-158.529007,small
CLQ,Licenciado Miguel de la Madrid International Airport,Colima,MX,MX-COL,19.277,-103.577002,medium
CLT,Charlotte Douglas International Airport,Charlotte,US,US-NC,35.2140007019043,-80.94309997558594,large
CLV,Nelson Ribeiro Guimarães Airport,Caldas Novas,BR,BR-GO,-17.725096,-48.606324,small
CLY,Calvi Sainte Catherine Airport,Calvi,FR,FR-COR,42.530422,8.792984,medium
CMA,Cunnamulla Airport,,AU,AU-QLD,-28.030000686645508,145.6219940185547,medium
CMB,Bandaranaike International Colombo Airport,Colombo,LK,LK-1,7.180759906768799,79.88410186767578,large
CME,Ciudad del Carmen International Airport,Ciudad del Carmen,MX,MX-CAM,18.651516,-91.799355,medium
CMF,Chambéry Aix les Bains airport,Chambéry,FR,FR-ARA,45.6381,5.88023,medium
CMG,Corumbá International Airport,Corumbá,BR,BR-MS,-19.01193,-57.672772,medium
CMH,John Glenn Columbus International Airport,Columbus,US,US-OH,39.998001,-82.891899,large
CMI,University of Illinois Willard Airport,Savoy,US,US-IL,40.039819,-88.276249,medium
CMN,Mohammed V International Airport,Casablanca,MA,MA-06,33.3675,-7.58997,large
CMU,Chimbu Airport,Kundiawa,PG,PG-CPK,-6.024290084838867,144.9709930419922,medium
CMW,Ignacio Agramonte International Airport,Camaguey,CU,CU-09,21.419909,-77.848039,large
CMX,Houghton County Memorial Airport,Hancock,US,US-MI,47.168399810791016,-88.48909759521484,medium
CNB,Coonamble Airport,,AU,AU-NSW,-30.980946,148.377833,medium
CNC,Coconut Island Airport,,AU,AU-QLD,-10.050139,143.070007,small
CND,Mihail Kogălniceanu International Airport,Constanța,RO,RO-CT,44.362202,28.4883,large
CNF,Tancredo Neves International Airport,Belo Horizonte,BR,BR-MG,-19.63571,-43.966928,large
CNI,Changhai Dachangshandao Airport,Dalian (Changhai),CN,CN-21,39.266441,122.66696,small
CNJ,Cloncurry Airport,Cloncurry,AU,AU-QLD,-20.668600082399998,140.503997803,medium
CNM,Cavern City Air Terminal,Carlsbad,US,US-NM,32.337501525878906,-104.26300048828125,medium
CNN,Kannur International Airport,Kannur,IN,IN-KL,11.916343,75.544979,large
CNP,Neerlerit Inaat Airport,Neerlerit Inaat,GL,GL-SE,70.743103,-22.650499,medium
CNQ,Corrientes Airport,Corrientes,AR,AR-W,-27.4455,-58.7619,medium
CNS,Cairns International Airport,Cairns,AU,AU-QLD,-16.878921,145.74948,large
CNX,Chiang Mai International Airport,Chiang Mai,TH,TH-50,18.766799926799997,98.962600708,large
CNY,Canyonlands Regional Airport,Moab,US,US-UT,38.755001,-109.754997,medium
COD,Yellowstone Regional Airport,Cody,US,US-WY,44.520199,-109.024002,medium
COK,Cochin International Airport,Kochi,IN,IN-KL,10.151047,76.400838,large
COL,Coll Airport,Coll Island,GB,GB-SCT,56.601898,-6.61778,small
COO,Cotonou Cadjehoun International Airport,Cotonou,BJ,BJ-AQ,6.35723,2.38435,large
COQ,Choibalsan Airport,,MN,MN-061,48.135381,114.647231,medium
COR,Ingeniero Aeronáutico Ambrosio L.V. Taravella International Airport,Cordoba,AR,AR-X,-31.312346,-64.208329,large
COS,City of Colorado Springs Municipal Airport,Colorado Springs,US,US-CO,38.805801,-104.700996,large
COU,Columbia Regional Airport,Columbia,US,US-MO,38.8181,-92.219597,medium
COV,Çukurova International Airport,Tarsus,TR,TR-33,36.891478,35.071235,large
CPC,Aviador C. Campos Airport,Chapelco/San Martin de los Andes,AR,AR-Q,-40.075401,-71.137299,medium
CPD,Coober Pedy Airport,Coober Pedy,AU,AU-SA,-29.038312,134.722166,medium
CPE,Ingeniero Alberto Acuña Ongay International Airport,Campeche,MX,MX-CAM,19.815969,-90.500125,medium
CPH,Copenhagen Kastrup Airport,Copenhagen,DK,DK-84,55.617900848389,12.656000137329,large
CPO,Desierto de Atacama Airport,Copiapo,CL,CL-AT,-27.2612,-70.779198,medium
CPR,Casper-Natrona County International Airport,Casper,US,US-WY,42.907381,-106.461609,medium
CPT,Cape Town International Airport,Cape Town,ZA,ZA-WC,-33.97403,18.604333,large
CPV,Presidente João Suassuna Airport,Campina Grande,BR,BR-PB,-7.269662,-35.896057,medium
CPX,Benjamin Rivera Noriega Airport,Culebra,PR,PR-U-A,18.312954,-65.303893,medium
CQW,Chongqing Xiannüshan Airport,Wulong,CN,CN-50,29.465658,107.693664,medium
CRA,Craiova International Airport,Craiova,RO,RO-DJ,44.3181,23.888599,large
CRD,General Enrique Mosconi International Airport,Comodoro Rivadavia,AR,AR-U,-45.786941,-67.463355,large
CRI,Colonel Hill Airport,Colonel Hill,BS,BS-CK,22.7456,-74.182404,medium
CRK,Clark International Airport / Clark Air Base,Mabalacat,PH,PH-PAM,15.186,120.559998,large
CRL,Brussels South Charleroi Airport,Charleroi,BE,BE-WHT,50.461963,4.459562,large
CRM,Catarman National Airport,Catarman,PH,PH-NSA,12.50161,124.635258,medium
CRP,Corpus Christi International Airport,Corpus Christi,US,US-TX,27.770399,-97.501198,medium
CRU,Lauriston Airport,Carriacou Island,GD,GD-PA,12.4761,-61.472801,small
CRV,Crotone Sant'Anna Pythagoras Airport,Isola di Capo Rizzuto (KR),IT,IT-78,38.9972,17.0802,medium
CRW,Yeager Airport,Charleston,US,US-WV,38.3731,-81.593201,medium
CRZ,Türkmenabat International Airport,Türkmenabat,TM,TM-L,38.930662,63.563982,large
CSA,Colonsay Airstrip,Colonsay,GB,GB-SCT,56.057499,-6.24306,small
CSG,Columbus Airport,Columbus,US,US-GA,32.516415,-84.939602,medium
CSH,Solovki Airport,Solovetsky Islands,RU,RU-ARK,65.029996,35.730558,small
CSK,Cap Skirring Airport,Cap Skirring,SN,SN-ZG,12.39533,-16.748,medium
CSW,Cabo San Lucas International Airport,Cabo San Lucas,MX,MX-BCS,22.949072,-109.939479,medium
CSX,Changsha Huanghua International Airport,Changsha (Changsha),CN,CN-43,28.189199,113.220001,large
CSY,Cheboksary Airport,Cheboksary,RU,RU-CU,56.090302,47.347301,medium
CTA,Catania-Fontanarossa Airport,Catania,IT,IT-82,37.466801,15.0664,large
CTC,Coronel Felipe Varela International Airport,Catamarca,AR,AR-K,-28.593117,-65.7512,medium
CTD,Alonso Valderrama Airport,Chitré,PA,PA-6,7.98784,-80.409837,medium
CTG,Rafael Nuñez International Airport,Cartagena,CO,CO-BOL,10.4424,-75.513,large
CTL,Charleville Airport,Charleville,AU,AU-QLD,-26.4132995605,146.261993408,medium
CTM,Chetumal International Airport,Chetumal,MX,MX-ROO,18.504985,-88.328018,medium
CTN,Cooktown Airport,,AU,AU-QLD,-15.443649,145.183221,medium
CTS,New Chitose Airport,Sapporo,JP,JP-01,42.774753,141.690414,large
CTU,Chengdu Shuangliu International Airport,Chengdu (Shuangliu),CN,CN-51,30.558257,103.945966,large
CUA,Ciudad Constitución National Airport,Comondú,MX,MX-BCS,25.053801,-111.614998,small
CUC,Camilo Daza International Airport,Cúcuta,CO,CO-NSA,7.92757,-72.5115,medium
CUE,Mariscal Lamar Airport,Cuenca,EC,EC-A,-2.88947,-78.984398,medium
CUF,Cuneo International Airport,Levaldigi (CN),IT,IT-21,44.547458,7.623045,medium
CUK,Caye Caulker Airport,Caye Caulker,BZ,BZ-BZ,17.735015,-88.032862,medium
CUL,Bachigualato Federal International Airport,Culiacán,MX,MX-SIN,24.76504,-107.475228,large
CUM,Antonio José de Sucre Airport,Cumaná,VE,VE-R,10.450333,-64.13047,medium
CUN,Cancún International Airport,Cancún,MX,MX-ROO,21.040817,-86.87347,large
CUP,General Francisco Bermúdez Airport,Carúpano,VE,VE-R,10.660014,-63.261681,medium
CUQ,Coen Airport,Coen,AU,AU-QLD,-13.761133,143.113311,medium
CUR,Hato International Airport,Willemstad,CW,CW-U-A,12.1889,-68.959801,large
CUU,General Roberto Fierro Villalobos International Airport,Chihuahua,MX,MX-CHH,28.702649,-105.963764,large
CUZ,Alejandro Velasco Astete International Airport,Cusco,PE,PE-CUS,-13.535699844400002,-71.9387969971,large
CVG,Cincinnati Northern Kentucky International Airport,Cincinnati / Covington,US,US-KY,39.048801,-84.667801,large
CVM,General Pedro Jose Mendez International Airport,Ciudad Victoria,MX,MX-TAM,23.7033,-98.956497,medium
CVN,Clovis Municipal Airport,Clovis,US,US-NM,34.426594,-103.078794,medium
CVQ,Carnarvon Airport,Carnarvon,AU,AU-WA,-24.884337,113.666393,medium
CVU,Corvo Airport,Corvo,PT,PT-20,39.671501,-31.1136,small
CWA,Central Wisconsin Airport,Mosinee,US,US-WI,44.777448,-89.670238,medium
CWB,Curitiba-Afonso Pena International Airport,Curitiba,BR,BR-PR,-25.5285,-49.1758,large
CWC,Chernivtsi International Airport,Chernivtsi,UA,UA-77,48.259300231933594,25.98080062866211,medium
CWJ,Cangyuan Washan Airport,Lincang (Cangyuan),CN,CN-53,23.276331,99.373169,medium
CWL,Cardiff International Airport,Cardiff,GB,GB-WLS,51.396702,-3.34333,large
CWS,Center Island Airport,Center Island,US,US-WA,48.490046,-122.831612,small
CXB,Cox's Bazar Airport,Cox's Bazar,BD,BD-B,21.457517,91.963263,medium
CXI,Cassidy International Airport,Kiritimati,KI,KI-L,1.986278,-157.350011,large
CXJ,Hugo Cantergiani Regional Airport,Caxias Do Sul,BR,BR-RS,-29.197183,-51.187647,medium
CXP,Tunggul Wulung Airport,Cilacap,ID,ID-JT,-7.64506,109.033997,medium
CXR,Cam Ranh International Airport / Cam Ranh Air Base,Nha Trang/nha Trang aiurportCam Ranh,VN,VN-SCC,11.9982,109.219002,large
CYA,Antoine-Simon International Airport,Les Cayes,HT,HT-SD,18.271099,-73.7883,medium
CYB,Charles Kirkconnell International Airport,West End,KY,KY-CB,19.687,-79.882797,medium
CYC,Caye Chapel Airport,Caye Chapel,BZ,BZ-BZ,17.683792,-88.044985,medium
CYF,Chefornak Airport,Chefornak,US,US-AK,60.136667,-164.279167,small
CYI,Chiayi Airport,Shuishang,TW,TW-CYQ,23.462577,120.390544,medium
CYO,Vilo Acuña International Airport,Cayo Largo del Sur,CU,CU-99,21.6165008545,-81.5459976196,medium
CYP,Calbayog Airport,Calbayog City,PH,PH-WSA,12.072574,124.54508,medium
CYS,Cheyenne Regional Jerry Olson Field,Cheyenne,US,US-WY,41.155701,-104.811997,medium
CYT,Yakataga Airport,Yakataga,US,US-AK,60.080974,-142.494541,small
CYU,Cuyo Airport,Cuyo,PH,PH-PLW,10.8581,121.069,small
CYX,Cherskiy Airport,Cherskiy,RU,RU-SA,68.740601,161.337997,medium
CYZ,Cauayan Airport,Cauayan City,PH,PH-ISA,16.9298992157,121.752998352,medium
CZE,José Leonardo Chirinos Airport,Coro,VE,VE-I,11.414944,-69.680901,medium
CZH,Corozal Airport,Corozal,BZ,BZ-CZL,18.3822,-88.411903,medium
CZL,Mohamed Boudiaf International Airport,Constantine,DZ,DZ-25,36.276001,6.62039,large
CZM,Cozumel International Airport,Cozumel,MX,MX-ROO,20.514922,-86.928538,large
CZS,Cruzeiro do Sul Airport,Cruzeiro Do Sul,BR,BR-AC,-7.59991,-72.769501,medium
CZU,Las Brujas Airport,Corozal,CO,CO-SUC,9.33274,-75.2856,medium
CZX,Changzhou Benniu International Airport,Changzhou,CN,CN-32,31.920485,119.77546,medium
DAB,Daytona Beach International Airport,Daytona Beach,US,US-FL,29.18255,-81.059464,medium
DAC,Hazrat Shahjalal International Airport,Dhaka,BD,BD-C,23.843347,90.397783,large
DAD,Da Nang International Airport,Da Nang,VN,VN-SCC,16.0439,108.198997,large
DAL,Dallas Love Field,Dallas,US,US-TX,32.844776,-96.847653,large
DAM,Damascus International Airport,Damascus,SY,SY-DI,33.4114990234375,36.51559829711914,large
DAR,Julius Nyerere International Airport,Dar es Salaam,TZ,TZ-02,-6.873499,39.207288,large
DAT,Datong Yungang International Airport,Datong,CN,CN-14,40.06139,113.480509,large
DAU,Daru Airport,Daru,PG,PG-WPD,-9.08676,143.207993,medium
DAV,Enrique Malek International Airport,David,PA,PA-4,8.388983,-82.436425,medium
DAX,Dachuan Airport,Dazhou (Daxian),CN,CN-51,31.1302,107.4295,small
DAY,James M. Cox Dayton International Airport,Dayton,US,US-OH,39.902401,-84.219398,medium
DBA,Dalbandin Airport,Dalbandin,PK,PK-BA,28.878299713100002,64.3998031616,small
DBB,El Alamein International Airport,El Alamein,EG,EG-MT,30.924324,28.46161,large
DBC,Baicheng Chang'an Airport,Baicheng,CN,CN-22,45.505278,123.019722,medium
DBM,Debre Markos Airport,Debre Markos,ET,ET-AM,10.321501,37.741887,small
DBO,Dubbo City Regional Airport,Dubbo,AU,AU-NSW,-32.2167015076,148.574996948,medium
DBQ,Dubuque Regional Airport,Dubuque,US,US-IA,42.402,-90.709503,medium
DBR,Darbhanga Airport,Darbhanga,IN,IN-BR,26.192801,85.916901,medium
DBV,Dubrovnik Ruđer Bošković Airport,Dubrovnik,HR,HR-19,42.562247,18.265543,large
DCA,Ronald Reagan Washington National Airport,Washington,US,US-DC,38.8521,-77.037697,large
DCF,Canefield Airport,Canefield,DM,DM-10,15.336693,-61.392108,medium
DCM,Castres Mazamet Airport,Castres,FR,FR-OCC,43.556301,2.28918,medium
DCY,Daocheng Yading Airport,Garzê (Daocheng),CN,CN-51,29.31632,100.060317,medium
DDC,Dodge City Regional Airport,Dodge City,US,US-KS,37.76340103149414,-99.9655990600586,medium
DDG,Dandong Langtou International Airport,Dandong (Zhenxing),CN,CN-21,40.025453,124.28669,medium
DDR,Shigatse Tingri Airport,Xigazê (Dingri),CN,CN-54,28.604567,86.798,medium
DEA,Dera Ghazi Khan Airport,Dera Ghazi Khan,PK,PK-PB,29.961000442504883,70.48590087890625,medium
DEB,Debrecen International Airport,Debrecen,HU,HU-HB,47.489469,21.616278,large
DEC,Decatur Airport,Decatur,US,US-IL,39.834598541259766,-88.8656997680664,medium
DED,Dehradun Jolly Grant Airport,Dehradun (Jauligrant),IN,IN-UT,30.189243,78.176651,medium
DEE,Yuzhno-Kurilsk Mendeleyevo Airport,Yuzhno-Kurilsk,RU,RU-SAK,43.961066,145.684977,small
DEF,Dezful Airport,Dezful,IR,IR-06,32.434399,48.397598,medium
DEL,Indira Gandhi International Airport,New Delhi,IN,IN-DL,28.55563,77.09519,large
DEM,Dembidollo Airport,Dembidollo,ET,ET-OR,8.554,34.858002,small
DEN,Denver International Airport,Denver,US,US-CO,39.860027,-104.673792,large
DEX,Nop Goliat Dekai Airport,Dekai,ID,ID-PP,-4.8557,139.482006,small
DFW,Dallas Fort Worth International Airport,Dallas-Fort Worth,US,US-TX,32.896801,-97.038002,large
DGA,Dangriga Airport,Dangriga,BZ,BZ-SC,16.98251,-88.230988,medium
DGH,Deoghar Airport,Deoghar,IN,IN-JH,24.446842,86.704955,small
DGO,General Guadalupe Victoria International Airport,Durango,MX,MX-DUR,24.125468,-104.527938,medium
DGT,Sibulan Airport,Dumaguete City,PH,PH-NER,9.334183,123.30191,medium
DHM,Kangra Airport,Kangra,IN,IN-HP,32.164902,76.263018,medium
DHN,Dothan Regional Airport,Dothan,US,US-AL,31.321300506591797,-85.44960021972656,medium
DHX,Dhoho International Airport,Kediri,ID,ID-JI,-7.749527,111.946831,medium
DIA,Doha International Airport,Doha,QA,QA-DA,25.259431,51.565528,large
DIB,Dibrugarh Airport,Dibrugarh,IN,IN-AS,27.4839000702,95.0168991089,medium
DIE,Arrachart Airport,Antisiranana,MG,MG-D,-12.3494,49.291698,medium
DIG,Diqing Shangri-La Airport,Diqing (Shangri-La),CN,CN-53,27.7936,99.6772,medium
DIJ,Dijon Longvic airport,Dijon,FR,FR-BFC,47.268902,5.09,medium
DIK,Dickinson Theodore Roosevelt Regional Airport,Dickinson,US,US-ND,46.797533,-102.801905,medium
DIL,Presidente Nicolau Lobato International Airport,Dili,TL,TL-DI,-8.546562,125.524507,large
DIN,Dien Bien Phu Airport,Dien Bien Phu,VN,VN-NW,21.3974990845,103.008003235,medium
DIR,Aba Tenna Dejazmach Yilma International Airport,Dire Dawa,ET,ET-DD,9.623549,41.855027,large
DIU,Diu Airport,Diu,IN,IN-DH,20.714185,70.921855,small
DIY,Diyarbakır Airport,Diyarbakır,TR,TR-21,37.893902,40.201,medium
DJB,Sultan Thaha Airport,Jambi,ID,ID-JA,-1.638685,103.645063,small
DJE,Djerba Zarzis International Airport,Mellita,TN,TN-82,33.873719,10.7773,large
DJG,Tiska Djanet Airport,Djanet,DZ,DZ-56,24.285448,9.463652,large
DJJ,Dortheys Hiyo Eluay International Airport,Sentani,ID,ID-PA,-2.579627,140.519857,large
DKA,Umaru Musa Yar'adua Airport,Katsina,NG,NG-KT,13.0078,7.66045,medium
DKR,Léopold Sédar Senghor International Airport,Dakar,SN,SN-DK,14.742337,-17.479222,large
DLA,Douala International Airport,Douala,CM,CM-LT,4.00608,9.71948,large
DLC,Dalian Zhoushuizi International Airport,Dalian (Ganjingzi),CN,CN-21,38.965719,121.538477,large
DLE,Dole Tavaux Airport,Dole,FR,FR-BFC,47.038955,5.427589,medium
DLG,Dillingham Airport,Dillingham,US,US-AK,59.04470062,-158.5050049,medium
DLH,Duluth International Airport,Duluth,US,US-MN,46.841873,-92.198746,medium
DLI,Lien Khuong Airport,Da Lat,VN,VN-CH,11.750556,108.366997,medium
DLM,Dalaman International Airport,Dalaman,TR,TR-48,36.7131,28.7925,large
DLR,Dalnerechensk Airport,Dalnerechensk,RU,RU-PRI,45.879857,133.737629,small
DLU,Dali Fengyi Airport,Dali (Xiaguan),CN,CN-53,25.649401,100.319,medium
DLZ,Dalanzadgad Airport,Dalanzadgad,MN,MN-053,43.608628,104.367734,medium
DMB,Taraz International Airport,Taraz,KZ,KZ-ZHA,42.8536,71.303596,large
DMD,Doomadgee Airport,,AU,AU-QLD,-17.9403,138.822006,small
DME,Domodedovo International Airport,Moscow,RU,RU-MOS,55.408798,37.9063,large
DMK,Don Mueang International Airport,Bangkok,TH,TH-10,13.9126,100.607002,large
DMM,King Fahd International Airport,Ad Dammam,SA,SA-04,26.4691,49.798209,large
DMU,Dimapur Airport,Dimapur,IN,IN-NL,25.883899688699998,93.77110290530001,medium
DND,Dundee Airport,Dundee,GB,GB-SCT,56.452499,-3.02583,medium
DNH,Dunhuang Mogao International Airport,Dunhuang,CN,CN-62,40.161953,94.812827,large
DNK,Dnipro International Airport,Dnipro,UA,UA-12,48.357201,35.100601,medium
DNR,Dinard Pleurtuit Saint-Malo airport,Dinard,FR,FR-BRE,48.5877,-2.07996,medium
DNZ,Çardak Airport,Denizli,TR,TR-20,37.7855987549,29.7012996674,medium
DOD,Dodoma Airport,Dodoma,TZ,TZ-03,-6.170559,35.756036,medium
DOG,Dongola Airport,Dongola,SD,SD-01,19.153666,30.430069,medium
DOH,Hamad International Airport,Doha,QA,QA-DA,25.273056,51.608056,large
DOL,Deauville Normandie airport,Deauville,FR,FR-NOR,49.365237,0.154481,medium
DOM,Douglas-Charles Airport,Marigot,DM,DM-02,15.546673,-61.301082,medium
DOP,Dolpa Airport,Dolpa,NP,NP-P6,28.985659,82.818703,small
DOV,Dover Civil Air Terminal/Dover Air Force Base,Dover,US,US-DE,39.129501,-75.466003,medium
DOY,Dongying Shengli Airport,Dongying (Kenli),CN,CN-37,37.50137,118.789863,medium
DPL,Dipolog Airport,Dipolog,PH,PH-ZAN,8.601983,123.341875,medium
DPO,Devonport Airport,Devonport,AU,AU-TAS,-41.1697006226,146.429992676,medium
DPS,Denpasar I Gusti Ngurah Rai International Airport,"Kuta, Badung",ID,ID-BA,-8.748409,115.167123,large
DPT,Deputatskiy Airport,Deputatskiy,RU,RU-SA,69.392503,139.890012,small
DQA,Daqing Sartu Airport,Daqing,CN,CN-23,46.750883,125.138642,small
DQM,Duqm International Airport,Duqm,OM,OM-WU,19.501944,57.634167,large
DRG,Deering Airport,Deering,US,US-AK,66.068901,-162.766914,medium
DRJ,Drietabbetje Airport,Drietabbetje,SR,SR-SI,4.111359,-54.672766,small
DRO,Durango La Plata County Airport,Durango,US,US-CO,37.151501,-107.753998,medium
DRP,Bicol International Airport,Legazpi,PH,PH-ALB,13.111915,123.676829,large
DRS,Dresden Airport,Dresden,DE,DE-SN,51.134123,13.767831,large
DRV,Dharavandhoo Airport,Baa Atoll,MV,MV-20,5.1561,73.1302,small
DRW,Darwin International Airport / RAAF Darwin,Darwin,AU,AU-NT,-12.41497,130.88185,large
DSD,La Désirade Airport,Grande Anse,GP,GP-U-A,16.296902,-61.0844,small
DSE,Kombolcha Airport,Dessie,ET,ET-AM,11.10975,39.725911,small
DSI,Destin Executive Airport,Destin,US,US-FL,30.400101,-86.471497,medium
DSM,Des Moines International Airport,Des Moines,US,US-IA,41.534027,-93.656719,large
DSN,Ordos Ejin Horo International Airport,Ordos,CN,CN-15,39.493514,109.8599,large
DSO,Sondok Airport,Sŏndŏng-ni,KP,KP-08,39.745201,127.473999,medium
DSS,Blaise Diagne International Airport,Dakar,SN,SN-DK,14.670878,-17.072829,large
DSY,Dara Sakor International Airport,Ta Noun,KH,KH-9,10.914244,103.226652,large
DTB,Silangit Airport,Siborong-Borong,ID,ID-SU,2.25973,98.991898,small
DTD,Datadawai Airport,Datadawai-Borneo Island,ID,ID-KI,0.807028,114.529052,small
DTM,Dortmund Airport,Dortmund,DE,DE-NW,51.518299,7.61224,large
DTR,Decatur Shores Airport,Decatur,US,US-WA,48.500171,-122.813973,small
DTU,Wudalianchi Dedu Airport,Heihe,CN,CN-23,48.441037,126.128374,medium
DTW,Detroit Metropolitan Wayne County Airport,Detroit,US,US-MI,42.21377,-83.353786,large
DUB,Dublin Airport,Dublin,IE,IE-D,53.428713,-6.262121,large
DUD,Dunedin International Airport,Dunedin,NZ,NZ-OTA,-45.929017,170.197758,medium
DUE,Dundo Airport,Chitato,AO,AO-LNO,-7.400889873504639,20.818500518798828,medium
DUJ,DuBois Regional Airport,Dubois,US,US-PA,41.17829895,-78.8986969,medium
DUM,Pinang Kampai Airport,Dumai,ID,ID-RI,1.609026,101.433493,medium
DUR,King Shaka International Airport,Durban,ZA,ZA-NL,-29.6144444444,31.1197222222,large
DUS,Düsseldorf Airport,Düsseldorf,DE,DE-NW,51.289501,6.76678,large
DUT,Tom Madsen (Dutch Harbor) Airport,Unalaska,US,US-AK,53.89881,-166.544996,medium
DVL,Devils Lake Regional Airport,Devils Lake,US,US-ND,48.115454,-98.908796,medium
DVO,Francisco Bangoy International Airport,Davao,PH,PH-DVO,7.12552,125.646004,large
DWB,Soalala Airport,Soalala,MG,MG-M,-16.10169,45.358837,small
DWC,Al Maktoum International Airport,Dubai(Jebel Ali),AE,AE-DU,24.896171,55.16235,large
DWD,Dawadmi Domestic Airport,Dawadmi,SA,SA-01,24.4499,44.121201,medium
DXB,Dubai International Airport,Dubai,AE,AE-DU,25.24979,55.370992,large
DXJ,Xiangxi Biancheng Airport,Xiangxi,CN,CN-43,28.4972,109.5218,small
DXN,Noida International Airport,Gautam Buddha Nagar,IN,IN-UP,28.179868,77.611843,large
DYG,Zhangjiajie Hehua International Airport,Zhangjiajie (Yongding),CN,CN-43,29.104749,110.442786,large
DYR,Ugolny Yuri Ryktheu Airport,Anadyr,RU,RU-CHU,64.734902,177.740997,medium
DYU,Dushanbe International Airport,Dushanbe,TJ,TJ-DU,38.543746,68.822977,large
DZA,Dzaoudzi Pamandzi International Airport,Dzaoudzi,YT,YT-U-A,-12.809319,45.281815,large
DZH,Dazhou Jinya Airport,Dazhou (Dachuan),CN,CN-51,31.048815,107.435646,medium
DZN,Zhezkazgan National Airport,Zhezkazgan,KZ,KZ-ULY,47.708953,67.738094,large
EAA,Eagle Airport,Eagle,US,US-AK,64.778003,-141.150455,small
EAM,Najran Domestic Airport,Najran,SA,SA-10,17.611401,44.419201,medium
EAR,Kearney Regional Airport,Kearney,US,US-NE,40.727001,-99.006798,medium
EAS,San Sebastián Airport,Hondarribia,ES,ES-PV,43.356499,-1.79061,medium
EAT,Pangborn Memorial Airport,Wenatchee,US,US-WA,47.398899,-120.207001,medium
EAU,Chippewa Valley Regional Airport,Eau Claire,US,US-WI,44.86579895019531,-91.48429870605469,medium
EAX,Eduard Alexander Gummels Airport,Kwatta,SR,SR-PM,5.863807,-55.189504,small
EBA,Marina di Campo Airport,Campo nell'Elba (LI),IT,IT-52,42.760871,10.239811,medium
EBB,Entebbe International Airport,Entebbe,UG,UG-C,0.042386,32.443501,large
EBD,El-Obeid Airport,El-Obeid,SD,SD-09,13.1532,30.2327,medium
EBH,El Bayadh Airport,El Bayadh,DZ,DZ-32,33.721667,1.0925,small
EBJ,Esbjerg Airport,Esbjerg,DK,DK-83,55.525902,8.5534,medium
EBL,Erbil International Airport,Arbil,IQ,IQ-AR,36.236047,43.946615,large
ECN,Ercan International Airport,Tymbou (Kirklar),CY,CY-02,35.153064,33.507352,large
ECP,Northwest Florida Beaches International Airport,Panama City Beach,US,US-FL,30.357106,-85.795414,medium
EDI,Edinburgh Airport,"Ingliston, Edinburgh",GB,GB-SCT,55.950145,-3.372288,large
EDL,Eldoret International Airport,Eldoret,KE,KE-27,0.404458,35.238899,large
EDO,Balıkesir Koca Seyit Airport,Edremit,TR,TR-10,39.552533,27.010192,large
EDR,Pormpuraaw Airport,Pormpuraaw,AU,AU-QLD,-14.896451,141.60908,small
EEK,Eek Airport,Eek,US,US-AK,60.213173,-162.044048,small
EFL,Kefallinia Airport,Kefallinia Island,GR,GR-F,38.12009811401367,20.500499725341797,medium
EGC,Bergerac Dordogne-Périgord airport,Bergerac,FR,FR-NAQ,44.825298,0.518611,medium
EGE,Eagle County Regional Airport,Eagle,US,US-CO,39.64260101,-106.9179993,medium
EGO,Belgorod International Airport,Belgorod,RU,RU-BEL,50.643798828125,36.5900993347168,medium
EGS,Egilsstaðir Airport,Egilsstaðir,IS,IS-7,65.2833023071289,-14.401399612426758,medium
EGX,Egegik Airport,Egegik,US,US-AK,58.184386,-157.374873,medium
EHU,Ezhou Huahu International Airport,Ezhou,CN,CN-42,30.341178,115.03926,large
EIE,Yeniseysk Airport,Yeniseysk,RU,RU-KYA,58.474201,92.112503,medium
EIN,Eindhoven Airport,Eindhoven,NL,NL-NB,51.4500999451,5.37452983856,large
EIS,Terrance B. Lettsome International Airport,Beef Island,VG,VG-U-A,18.445492,-64.541707,large
EJA,Yariguíes Airport,Barrancabermeja,CO,CO-SAN,7.02433,-73.8068,medium
EJH,Al Wajh Domestic Airport,Al Wajh,SA,SA-07,26.198601,36.476398,medium
EJT,Enejit Airport,Enejit Island,MH,MH-MIL,6.0404,171.9846,small
EKO,Elko Regional Airport,Elko,US,US-NV,40.82490158081055,-115.79199981689453,medium
EKS,Shakhtyorsk Airport,Shakhtyorsk,RU,RU-SAK,49.1903,142.082993,small
ELC,Elcho Island Airport,Elcho Island,AU,AU-NT,-12.019399642899998,135.570999146,medium
ELD,South Arkansas Regional Airport at Goodwin Field,El Dorado,US,US-AR,33.221001,-92.813301,medium
ELF,El Fasher Airport,El Fasher,SD,SD-02,13.614899635314941,25.324600219726562,medium
ELG,El Golea Airport,El Menia,DZ,DZ-50,30.580732,2.861595,medium
ELH,North Eleuthera Airport,North Eleuthera,BS,BS-HI,25.475823,-76.680784,medium
ELI,Elim Airport,Elim,US,US-AK,64.6147,-162.272003,small
ELM,Elmira Corning Regional Airport,Elmira/Corning,US,US-NY,42.1599006652832,-76.8916015625,medium
ELP,El Paso International Airport,El Paso,US,US-TX,31.809908,-106.375607,large
ELQ,Prince Naif bin Abdulaziz International Airport,Qassim,SA,SA-05,26.302799,43.774399,large
ELS,King Phalo Airport,East London,ZA,ZA-EC,-33.035599,27.825899,large
ELU,Guemar Airport - مطار قمار بالوادي,Guemar,DZ,DZ-39,33.511398,6.77679,medium
EMA,East Midlands Airport,"Nottingham, Leicestershire",GB,GB-ENG,52.8311,-1.32806,large
EMD,Emerald Airport,Emerald,AU,AU-QLD,-23.5674991608,148.179000854,medium
EME,Emden Airport,Emden,DE,DE-NI,53.391109,7.2275,small
EMK,Emmonak Airport,Emmonak,US,US-AK,62.78609848,-164.4909973,medium
ENA,Kenai Municipal Airport,Kenai,US,US-AK,60.570946,-151.245174,medium
ENE,H. Hasan Aroeboesman (Ende) Airport,Ende,ID,ID-NT,-8.849114,121.66101,small
ENF,Enontekio Airport,Enontekio,FI,FI-10,68.362602233887,23.424299240112,medium
ENH,Enshi Xujiaping Airport,Enshi (Enshi),CN,CN-42,30.320299,109.485001,medium
ENI,El Nido Airport,El Nido,PH,PH-PLW,11.202399,119.416087,small
ENO,Teniente Ramon A. Ayub Gonzalez International Airport,Encarnación,PY,PY-7,-27.227537,-55.837584,large
ENT,Eniwetok Airport,Eniwetok Atoll,MH,MH-ENI,11.340700149536133,162.3280029296875,small
ENU,Akanu Ibiam International Airport,Enegu,NG,NG-EN,6.473718,7.560463,large
ENY,Yan'an Nanniwan Airport,Yan'an (Baota),CN,CN-61,36.479413,109.464083,medium
EOH,Enrique Olaya Herrera Airport,Medellín,CO,CO-ANT,6.219686,-75.590597,medium
EOI,Eday Airport,Eday,GB,GB-SCT,59.19060134887695,-2.7722198963165283,medium
EPR,Esperance Airport,Esperance,AU,AU-WA,-33.684399,121.822998,medium
EPU,Pärnu Airport,Pärnu,EE,EE-67,58.41899871826172,24.47279930114746,medium
EQS,Esquel Brigadier Antonio Parodi International Airport,Esquel,AR,AR-U,-42.908001,-71.139503,medium
ERC,Erzincan Airport,Erzincan,TR,TR-24,39.7102012634,39.527000427199994,medium
ERF,Erfurt-Weimar Airport,Erfurt,DE,DE-TH,50.978281,10.960713,large
ERH,Moulay Ali Cherif Airport,Errachidia,MA,MA-08,31.9475002289,-4.39833021164,medium
ERI,Erie International Tom Ridge Field,Erie,US,US-PA,42.083127,-80.173867,medium
ERL,Erenhot Saiwusu International Airport,Erenhot,CN,CN-15,43.424079,112.091081,medium
ERS,Eros Airport,Windhoek,NA,NA-KH,-22.60492,17.079002,medium
ERZ,Erzurum International Airport,Erzurum,TR,TR-25,39.956501,41.1702,medium
ESB,Esenboğa International Airport,Ankara,TR,TR-06,40.128101,32.995098,large
ESC,Delta County Airport,Escanaba,US,US-MI,45.723199,-87.088623,medium
ESD,Orcas Island Airport,Eastsound,US,US-WA,48.708199,-122.910004,medium
ESL,Elista Airport,Elista,RU,RU-KL,46.373901,44.330898,medium
ESM,Carlos Concha Torres International Airport,Tachina,EC,EC-E,0.978519,-79.626602,large
ESR,Ricardo García Posada Airport,El Salvador,CL,CL-AT,-26.3111,-69.765198,medium
ESU,Essaouira-Mogador Airport,Essaouira,MA,MA-07,31.397499,-9.68167,medium
ETM,Ramon International Airport,Eilat,IL,IL-D,29.727009,35.014116,large
ETR,Santa Rosa - Artillery Colonel Victor Larrea International Airport,Santa Rosa,EC,EC-O,-3.441986,-79.996957,medium
ETZ,Metz-Nancy-Lorraine Airport,Goin,FR,FR-GES,48.982101,6.25132,medium
EUA,Kaufana Airport,Eua Island,TO,TO-01,-21.378299713100002,-174.957992554,small
EUG,Eugene Airport,Eugene,US,US-OR,44.124599,-123.211998,medium
EUN,Laayoune Hassan I International Airport,El Aaiún,EH,EH-U-A,27.142467,-13.224947,large
EUX,F. D. Roosevelt Airport,Oranjestad,BQ,BQ-SE,17.4965,-62.979401,medium
EVE,Harstad/Narvik Airport,Evenes,NO,NO-18,68.491302,16.678101,large
EVG,Sveg Airport,Sveg,SE,SE-Z,62.047798,14.4229,small
EVN,Zvartnots International Airport,Yerevan,AM,AM-ER,40.148941,44.397887,large
EVV,Evansville Regional Airport,Evansville,US,US-IN,38.0369987488,-87.5324020386,medium
EWB,New Bedford Regional Airport,New Bedford,US,US-MA,41.67610168457031,-70.95690155029297,medium
EWN,Coastal Carolina Regional Airport,New Bern,US,US-NC,35.0730018616,-77.04290008539999,medium
EWR,Newark Liberty International Airport,Newark,US,US-NJ,40.6894,-74.170545,large
EXT,Exeter International Airport,"Exeter, Devon",GB,GB-ENG,50.734261,-3.413984,medium
EYK,Beloyarskiy Airport,,RU,RU-KHM,63.686901,66.698601,medium
EYP,El Alcaravan - Yopal Airport,Yopal,CO,CO-CAS,5.31911,-72.384,medium
EYW,Key West International Airport,Key West,US,US-FL,24.556119,-81.759579,medium
EZE,Ezeiza International Airport - Ministro Pistarini,Buenos Aires (Ezeiza),AR,AR-B,-34.8222,-58.5358,large
EZS,Elazığ Airport,Elazığ,TR,TR-23,38.597974,39.28348,medium
FAE,Vágar Airport,Vágar,FO,FO-U-A,62.063256,-7.275782,large
FAI,Fairbanks International Airport,Fairbanks,US,US-AK,64.815102,-147.856003,medium
FAO,Faro - Gago Coutinho International Airport,Faro,PT,PT-08,37.015909,-7.970939,large
FAR,Hector International Airport,Fargo,US,US-ND,46.9207,-96.815804,medium
FAT,Fresno Yosemite International Airport,Fresno,US,US-CA,36.775767,-119.718018,large
FAV,Fakarava Airport,,PF,PF-U-A,-16.054100036621094,-145.65699768066406,medium
FAY,Fayetteville Regional Airport - Grannis Field,Fayetteville,US,US-NC,34.991199,-78.880302,medium
FBD,Fayzabad Airport,Fayzabad,AF,AF-BDS,37.122148,70.5201,small
FBE,Paulo Abdala Airport,Francisco Beltrão,BR,BR-PR,-26.05938,-53.063827,small
FBM,Lubumbashi International Airport,Lubumbashi,CD,CD-HK,-11.591494,27.530753,large
FCA,Glacier Park International Airport,Kalispell,US,US-MT,48.310501,-114.255997,medium
FCN,Sea-Airport Cuxhaven/Nordholz / Nordholz Naval Airbase,Wurster Nordseeküste,DE,DE-NI,53.767689,8.659201,medium
FCO,Rome–Fiumicino Leonardo da Vinci International Airport,Rome,IT,IT-62,41.804532,12.251998,large
FDE,"Førde Airport, Bringeland",Førde,NO,NO-46,61.391102,5.75694,small
FDF,Martinique Aimé Césaire International Airport,Fort-de-France,MQ,MQ-U-A,14.591,-61.003201,large
FDH,Bodensee Airport Friedrichshafen,Friedrichshafen,DE,DE-BW,47.671299,9.51149,large
FDU,Bandundu Airport,Bandundu,CD,CD-KL,-3.31132,17.381701,medium
FEG,Fergana International Airport,Fergana,UZ,UZ-FA,40.358799,71.745003,medium
FEN,Fernando de Noronha Airport,Fernando de Noronha,BR,BR-PE,-3.854534,-32.423017,medium
FEZ,Fes Saïss International Airport,Saïss,MA,MA-03,33.927299,-4.97796,large
FGU,Fangatau Airport,Fangatau,PF,PF-U-A,-15.820044,-140.888071,medium
FHZ,Fakahina Airport,Fakahina,PF,PF-U-A,-15.992259,-140.164246,small
FIE,Fair Isle Airport,Fair Isle,GB,GB-SCT,59.534721,-1.628509,small
FIH,Ndjili International Airport,Kinshasa,CD,CD-KN,-4.38575,15.4446,large
FIZ,Fitzroy Crossing Airport,,AU,AU-WA,-18.183596,125.559783,medium
FJR,Fujairah International Airport,Fujairah,AE,AE-FU,25.108411,56.328061,large
FKB,Karlsruhe Baden-Baden Airport,Rheinmünster,DE,DE-BW,48.7794,8.0805,large
FKI,Bangoka International Airport,Kisangani,CD,CD-TO,0.481639,25.337999,large
FKQ,Fakfak Airport,Fakfak,ID,ID-PB,-2.920508,132.267011,medium
FKS,Fukushima Airport,Sukagawa,JP,JP-07,37.22740173339844,140.43099975585938,medium
FLA,Gustavo Artunduaga Paredes Airport,Florencia,CO,CO-CAQ,1.58919,-75.5644,medium
FLG,Flagstaff Pulliam Airport,Flagstaff,US,US-AZ,35.139757,-111.669826,medium
FLL,Fort Lauderdale Hollywood International Airport,Fort Lauderdale,US,US-FL,26.072599,-80.152702,large
FLN,Hercílio Luz International Airport,Florianópolis,BR,BR-SC,-27.670279,-48.552502,large
FLO,Florence Regional Airport,Florence,US,US-SC,34.18539810180664,-79.7238998413086,medium
FLR,"Florence Airport, Peretola",Firenze (FI),IT,IT-52,43.808558,11.202822,large
FLS,Flinders Island Airport,Whitemark,AU,AU-TAS,-40.091702,147.992996,small
FLW,Flores Airport,Santa Cruz das Flores,PT,PT-20,39.455299377441406,-31.131399154663086,medium
FLZ,Dr. Ferdinand Lumban Tobing Airport,Sibolga (Pinangsori),ID,ID-SU,1.557127,98.887145,medium
FMA,Formosa National Airport,Formosa,AR,AR-P,-26.2127,-58.2281,medium
FMI,Kalemie Airport,Kalemie,CD,CD-TA,-5.87556,29.25,medium
FMM,Memmingen Allgau Airport,Memmingen,DE,DE-BY,47.988092,10.238248,large
FMO,Münster Osnabrück Airport,Greven,DE,DE-NW,52.133816,7.688482,large
FMT,Faresmaathoda Airport,Faresmaathodaa,MV,MV-28,0.192647,73.196755,small
FNA,Lungi International Airport,Freetown (Lungi-Town),SL,SL-N,8.61644,-13.1955,large
FNC,Cristiano Ronaldo International Airport,Funchal,PT,PT-30,32.697812,-16.774613,large
FND,Funadhoo Airport,Funadhoo,MV,MV-24,6.162443,73.28752,small
FNI,Nîmes-Arles-Camargue Airport,Nîmes/Garons,FR,FR-OCC,43.757401,4.41635,medium
FNJ,Pyongyang Sunan International Airport,Pyongyang,KP,KP-01,39.224098,125.669998,large
FNT,Bishop International Airport,Flint,US,US-MI,42.969294,-83.743355,medium
FOA,Foula Airfield,Foula,GB,GB-SCT,60.121916,-2.053439,small
FOC,Fuzhou Changle International Airport,Fuzhou (Changle),CN,CN-35,25.929254,119.672524,large
FOD,Fort Dodge Regional Airport,Fort Dodge,US,US-IA,42.552624,-94.191237,medium
FOG,Foggia Gino Lisa Airport,Foggia (FG),IT,IT-75,41.433596,15.534566,medium
FON,La Fortuna Arenal Airport,La Fortuna,CR,CR-A,10.469311,-84.579073,medium
FOR,Pinto Martins International Airport,Fortaleza,BR,BR-CE,-3.775833,-38.532222,large
FPO,Grand Bahama International Airport,Freeport,BS,BS-FP,26.557996,-78.695583,large
FRA,Frankfurt Main Airport,Frankfurt am Main,DE,DE-HE,50.026706,8.55835,large
FRD,Friday Harbor Airport,Friday Harbor,US,US-WA,48.523654,-123.024645,medium
FRE,Fera/Maringe Airport,Fera Island,SB,SB-IS,-8.1075,159.576996,small
FRL,Forlì-Luigi Ridolfi International Airport,Forlì (FC),IT,IT-45,44.194801,12.0701,medium
FRO,Florø Airport,Florø,NO,NO-46,61.583599090576,5.0247201919556,medium
FRS,Mundo Maya International Airport,San Benito,GT,GT-PE,16.913707,-89.866143,medium
FRW,Phillip Gaonwe Matante International Airport,Francistown,BW,BW-FR,-21.159183,27.468826,large
FSC,Figari Sud-Corse Airport,Figari,FR,FR-COR,41.50185,9.097092,large
FSD,Sioux Falls Regional Airport,Sioux Falls,US,US-SD,43.585463,-96.741152,medium
FSH,Syekh Hamzah Fansyuri Airport,Singkil,ID,ID-AC,2.269614,97.967863,small
FSM,Fort Smith Regional Airport,Fort Smith,US,US-AR,35.336601,-94.367401,medium
FSP,Saint-Pierre Pointe-Blanche Airport,Saint-Pierre,PM,PM-SP,46.762651,-56.17499,medium
FSZ,Mount Fuji Shizuoka Airport,Makinohara / Shimada,JP,JP-22,34.795022,138.190976,large
FTA,Futuna Airport,Futuna Island,VU,VU-TAE,-19.516399383499998,170.231994629,small
FTE,El Calafate - Commander Armando Tola International Airport,El Calafate,AR,AR-Z,-50.280267,-72.053401,medium
FTI,Fitiuta Airport,Fitiuta Village,AS,AS-MA,-14.216131,-169.423771,small
FTU,Tôlanaro Airport,Tôlanaro,MG,MG-U,-25.038099,46.9561,medium
FTW,Fort Worth Meacham International Airport,Fort Worth,US,US-TX,32.819919,-97.360818,medium
FUE,Fuerteventura Airport,El Matorral,ES,ES-CN,28.4527,-13.8638,large
FUG,Fuyang Xiguan Airport,"Yingzhou, Fuyang",CN,CN-34,32.882157,115.734364,medium
FUJ,Fukue Airport,Goto,JP,JP-42,32.666302,128.832993,medium
FUK,Fukuoka Airport,Fukuoka,JP,JP-40,33.585899353027344,130.4510040283203,large
FUN,Funafuti International Airport,Funafuti,TV,TV-FUN,-8.523885,179.196976,medium
FUO,Foshan Shadi Airport,Foshan (Nanhai),CN,CN-44,23.0825,113.070833,medium
FUT,Pointe Vele Airport,Futuna Island,WF,WF-U-A,-14.311565,-178.066492,small
FWA,Fort Wayne International Airport,Fort Wayne,US,US-IN,40.978896,-85.194465,medium
FYJ,Fuyuan Dongji Airport,Fuyuan,CN,CN-23,48.197219,134.36298,medium
FYN,Fuyun Koktokay Airport,Fuyun,CN,CN-65,46.804169,89.512006,medium
FYU,Fort Yukon Airport,Fort Yukon,US,US-AK,66.571651,-145.249987,medium
GAJ,Yamagata Airport,Higashine,JP,JP-06,38.4119,140.371002,medium
GAL,Edward G. Pitka Sr Airport,Galena,US,US-AK,64.736198,-156.936997,medium
GAM,Gambell Airport,Gambell,US,US-AK,63.767694,-171.733303,medium
GAN,Gan International Airport,Gan,MV,MV-01,-0.692975,73.152627,large
GAQ,Gao International Airport,Gao,ML,ML-7,16.248466,-0.005389,medium
GAU,Lokpriya Gopinath Bordoloi International Airport,Guwahati,IN,IN-AS,26.106654,91.585226,large
GAX,Gamba Airport,Gamba,GA,GA-8,-2.785278,10.047222,small
GAY,Gaya Airport,Gaya,IN,IN-BR,24.744301,84.951202,medium
GBB,Gabala International Airport,Gabala,AZ,AZ-QAB,40.808617,47.725389,medium
GBE,Sir Seretse Khama International Airport,Gaborone,BW,BW-GA,-24.555201,25.9182,large
GBI,Kalaburagi Airport,Kalaburagi,IN,IN-KA,17.308154,76.965246,small
GBJ,Marie-Galante Airport,Grand-Bourg,GP,GP-U-A,15.868925,-61.270087,medium
GBZ,Great Barrier Aerodrome,Claris,NZ,NZ-AUK,-36.241402,175.472,small
GCC,Northeast Wyoming Regional Airport,Gillette,US,US-WY,44.3489,-105.539001,medium
GCH,Gachsaran Airport,Gachsaran,IR,IR-17,30.333869,50.833796,medium
GCI,Guernsey Airport,Saint Peter Port,GG,GG-G,49.435001,-2.60197,medium
GCK,Garden City Regional Airport,Garden City,US,US-KS,37.9275016785,-100.723999023,medium
GCM,Owen Roberts International Airport,George Town,KY,KY-GC,19.292801,-81.357697,large
GCN,Grand Canyon National Park Airport,Grand Canyon - Tusayan,US,US-AZ,35.9524,-112.147003,medium
GDB,Gondia Airport,Gondia,IN,IN-MM,21.526817,80.290347,medium
GDE,Gode Airport,Gode,ET,ET-SO,5.93513011932,43.5786018372,medium
GDL,Guadalajara International Airport,Guadalajara,MX,MX-JAL,20.523342,-103.310108,large
GDN,Gdańsk Lech Wałęsa Airport,Gdańsk,PL,PL-PM,54.377602,18.4662,large
GDQ,Gondar Airport,Azezo,ET,ET-AM,12.5199,37.433998,medium
GDT,JAGS McCartney International Airport,Cockburn Town,TC,TC-GT,21.4445,-71.142303,medium
GDV,Dawson Community Airport,Glendive,US,US-MT,47.137658,-104.80691,medium
GDX,Sokol Airport,Magadan,RU,RU-MAG,59.9109992980957,150.72000122070312,medium
GDZ,Gelendzhik Airport,Gelendzhik,RU,RU-KDA,44.5820926295,38.0124807358,medium
GEA,Nouméa Magenta Airport,Nouméa,NC,NC-03,-22.257706,166.472822,medium
GEG,Spokane International Airport,Spokane,US,US-WA,47.6199,-117.533997,large
GEL,Santo Ângelo Airport,Santo Ângelo,BR,BR-RS,-28.282503,-54.169623,medium
GEM,President Obiang Nguema International Airport,Mengomeyén,GQ,GQ-WN,1.676437,11.024904,medium
GEO,Cheddi Jagan International Airport,Georgetown,GY,GY-DE,6.49855,-58.254101,large
GER,Rafael Cabrera Airport,Nueva Gerona,CU,CU-99,21.834699630737305,-82.78379821777344,medium
GES,General Santos International Airport,General Santos,PH,PH-SCO,6.057208,125.096243,large
GET,Geraldton Airport,Moonyoonooka,AU,AU-WA,-28.796101,114.707001,medium
GEV,Gällivare Airport,Gällivare,SE,SE-BD,67.13240051269531,20.814599990844727,medium
GFF,Griffith Airport,Griffith,AU,AU-NSW,-34.2508010864,146.067001343,medium
GFK,Grand Forks International Airport,Grand Forks,US,US-ND,47.949299,-97.176102,medium
GGF,Almeirim Airport,Almeirim,BR,BR-PA,-1.479524,-52.578214,small
GGG,East Texas Regional Airport,Longview,US,US-TX,32.38399887084961,-94.71150207519531,medium
GGJ,Guaíra Airport,Guaíra,BR,BR-PR,-24.0811,-54.1917,small
GGR,Garowe Airport,Garowe,SO,SO-NU,8.458474,48.568136,small
GGS,Gobernador Gregores Airport,Gobernador Gregores,AR,AR-Z,-48.7831,-70.150002,small
GGT,Exuma International Airport,Moss Town,BS,BS-EX,23.562599,-75.877998,medium
GGW,Glasgow Valley County Airport Wokal Field,Glasgow,US,US-MT,48.212502,-106.614998,medium
GHA,Noumérat - Moufdi Zakaria Airport,El Atteuf,DZ,DZ-47,32.384102,3.79411,medium
GHB,Governor's Harbour Airport,Governor's Harbour,BS,BS-CE,25.2847,-76.331001,medium
GHV,Brașov-Ghimbav International Airport,Brașov (Ghimbav),RO,RO-BV,45.70558,25.522871,large
GIB,Gibraltar Airport,Gibraltar,GI,GI-U-A,36.151679,-5.34978,large
GIC,Boigu Island Airport,Boigu Island,AU,AU-QLD,-9.23278,142.218002,small
GID,Gitega Airport,Gitega,BI,BI-GI,-3.417209,29.911308,medium
GIG,Rio Galeão – Tom Jobim International Airport,Rio De Janeiro,BR,BR-RJ,-22.809999,-43.250557,large
GIL,Gilgit Airport,Gilgit,PK,PK-GB,35.918800354003906,74.33360290527344,medium
GIS,Gisborne Airport,Gisborne,NZ,NZ-GIS,-38.6633,177.977997,medium
GIZ,Jizan Regional Airport / King Abdullah bin Abdulaziz Airport,Jizan,SA,SA-09,16.9011,42.5858,medium
GJA,La Laguna Airport,Guanaja,HN,HN-IB,16.4454,-85.906601,medium
GJL,Jijel Ferhat Abbas Airport,Tahir,DZ,DZ-18,36.794125,5.873652,large
GJT,Grand Junction Regional Airport,Grand Junction,US,US-CO,39.126663,-108.529387,medium
GKA,Goroka Airport,Goronka,PG,PG-EHG,-6.081689834590001,145.391998291,medium
GKK,Kooddoo Airport,Huvadhu Atoll,MV,MV-27,0.7324,73.4336,small
GKN,Gulkana Airport,Gulkana,US,US-AK,62.155859,-145.454662,medium
GLA,Glasgow Airport,Glasgow,GB,GB-SCT,55.871899,-4.43306,large
GLF,Golfito Airport,Golfito,CR,CR-P,8.65401,-83.182198,medium
GLH,Mid Delta Regional Airport,Greenville,US,US-MS,33.482899,-90.985603,medium
GLK,Galcaio Airport,Galcaio,SO,SO-MU,6.78082990646,47.45470047,small
GLT,Gladstone Airport,Gladstone,AU,AU-QLD,-23.869763,151.225439,medium
GLV,Golovin Airport,Golovin,US,US-AK,64.550499,-163.007004,small
GMA,Gemena Airport,Gemena,CD,CD-SU,3.23537,19.771299,medium
GMB,Gambela Airport,Gambela,ET,ET-GA,8.12876,34.563099,medium
GME,Gomel Airport,Gomel,BY,BY-HO,52.527000427246094,31.016700744628906,medium
GMI,Gasmata Island Airport,Gasmata Island,PG,PG-WBK,-6.27111005783,150.330993652,small
GMO,Gombe Lawanti International Airport,Gombe,NG,NG-GO,10.298889,10.9,medium
GMP,Seoul Gimpo International Airport,Seoul,KR,KR-11,37.5583,126.791,large
GMQ,Golog Maqên Airport,Golog (Maqên),CN,CN-63,34.418066,100.301144,medium
GMR,Totegegie Airport,,PF,PF-U-A,-23.07990074157715,-134.88999938964844,medium
GMZ,La Gomera Airport,"Alajero, La Gomera Island",ES,ES-CN,28.0296,-17.2146,small
GNB,Grenoble Alpes Isère Airport,Grenoble,FR,FR-ARA,45.3629,5.32937,medium
GND,Maurice Bishop International Airport,Saint George's,GD,GD-GE,12.003996,-61.785302,large
GNJ,Ganja International Airport,Ganja,AZ,AZ-GA,40.738692,46.320383,large
GNS,Binaka Airport,Gunungsitoli,ID,ID-SU,1.166275,97.705196,medium
GNU,Goodnews Airport,Goodnews,US,US-AK,59.117561,-161.575241,small
GNV,Gainesville Regional Airport,Gainesville,US,US-FL,29.6900997162,-82.2717971802,medium
GNY,Şanlıurfa GAP Airport,Şanlıurfa,TR,TR-63,37.445663,38.895592,large
GOA,Genoa Cristoforo Colombo Airport,Genova (GE),IT,IT-42,44.412039,8.840732,large
GOH,Nuuk International Airport,Nuuk,GL,GL-SE,64.191066,-51.67914,large
GOI,Goa Dabolim International Airport,Vasco da Gama,IN,IN-GA,15.380062,73.833328,large
GOJ,Nizhny Novgorod / Strigino International Airport,Nizhny Novgorod,RU,RU-NIZ,56.227351,43.785152,large
GOM,Goma International Airport,Goma,CD,CD-NK,-1.666758,29.238037,large
GOP,Gorakhpur Airport,Gorakhpur,IN,IN-UP,26.739700317399997,83.4496994019,medium
GOQ,Golmud Airport,Golmud,CN,CN-63,36.4006,94.786102,medium
GOT,Göteborg Landvetter Airport,Göteborg,SE,SE-Q,57.6628,12.2798,large
GOU,Garoua International Airport,Garoua,CM,CM-NO,9.334785,13.372129,large
GOV,Gove Airport,Nhulunbuy,AU,AU-NT,-12.269399642899998,136.817993164,medium
GOX,Manohar International Airport,Mopa,IN,IN-GA,15.744257,73.860625,large
GOY,Tura Mountain Airport,Tura,RU,RU-KYA,64.333511,100.432892,small
GPA,Patras Araxos Agamemnon Airport,Patras,GR,GR-G,38.1511,21.4256,medium
GPI,Guapi Airport,Guapi,CO,CO-CAU,2.57013,-77.897969,medium
GPS,Seymour Galapagos Ecological Airport,Isla Baltra,EC,EC-W,-0.453758,-90.2659,medium
GPT,Gulfport Biloxi International Airport,Gulfport,US,US-MS,30.405582,-89.069836,medium
GRB,Austin Straubel International Airport,Green Bay,US,US-WI,44.483459,-88.130805,medium
GRI,Central Nebraska Regional Airport,Grand Island,US,US-NE,40.967498779296875,-98.30960083007812,medium
GRJ,George Airport,George,ZA,ZA-WC,-34.0056,22.378902,large
GRK,Killeen Regional Airport / Robert Gray Army Airfield,Fort Cavazos,US,US-TX,31.0672,-97.828903,medium
GRO,Girona-Costa Brava Airport,Girona,ES,ES-CT,41.904639,2.761774,large
GRQ,Groningen Airport Eelde,Groningen,NL,NL-DR,53.119107,6.577652,large
GRR,Gerald R. Ford International Airport,Grand Rapids,US,US-MI,42.880798,-85.522797,large
GRU,São Paulo/Guarulhos–Governor André Franco Montoro International Airport,São Paulo,BR,BR-SP,-23.431274,-46.469954,large
GRV,Akhmat Kadyrov Grozny International Airport,Grozny,RU,RU-CE,43.388106,45.699772,large
GRW,Graciosa Airport,Santa Cruz da Graciosa,PT,PT-20,39.092201232910156,-28.029800415039062,medium
GRX,F.G.L. Airport Granada-Jaén Airport,Granada,ES,ES-AN,37.188702,-3.77736,medium
GRY,Grímsey Airport,Grímsey/Sandvík,IS,IS-6,66.5458,-18.0173,medium
GRZ,Graz Airport,Feldkirchen bei Graz,AT,AT-6,46.9911,15.4396,large
GSM,Qeshm International Airport,Qeshm(Dayrestan),IR,IR-22,26.754639,55.902353,large
GSO,Piedmont Triad International Airport,Greensboro,US,US-NC,36.09937,-79.937262,large
GSP,Greenville-Spartanburg International Airport,Greenville/Greer/Spartanburg,US,US-SC,34.895699,-82.218903,medium
GST,Gustavus Airport,Gustavus,US,US-AK,58.4253006,-135.7070007,medium
GSV,Gagarin International Airport,Saratov,RU,RU-SAR,51.712778,46.171111,large
GTA,Gatokae Aerodrome,Gatokae,SB,SB-WE,-8.738358,158.202836,small
GTE,Groote Eylandt Airport,Groote Eylandt,AU,AU-NT,-13.972405,136.458553,medium
GTF,Great Falls International Airport,Great Falls,US,US-MT,47.481998,-111.371002,medium
GTO,Jalaluddin Airport,Gorontalo,ID,ID-GO,0.637119,122.849998,small
GTR,Golden Triangle Regional Airport,Columbus/W Point/Starkville,US,US-MS,33.450298,-88.5914,medium
GUA,La Aurora International Airport,Guatemala City,GT,GT-GU,14.582896,-90.527515,large
GUB,Guerrero Negro Airport,San Quintín,MX,MX-BCN,28.0261,-114.024002,small
GUC,Gunnison Crested Butte Regional Airport,Gunnison,US,US-CO,38.534672,-106.934566,medium
GUM,Antonio B. Won Pat International Airport,Hagåtña,GU,GU-U-A,13.485,144.797282,large
GUP,Gallup Municipal Airport,Gallup,US,US-NM,35.511653,-108.788166,medium
GUR,Gurney Airport,Gurney,PG,PG-MBA,-10.3114995956,150.333999634,medium
GUW,Atyrau International Airport,Atyrau,KZ,KZ-ATY,47.121318,51.820343,large
GUZ,Guarapari Airport,Guarapari,BR,BR-ES,-20.6465,-40.491901,small
GVA,Geneva International Airport,Geneva,CH,CH-GE,46.238098,6.10895,large
GVR,Coronel Altino Machado Airport,Governador Valadares,BR,BR-MG,-18.895882,-41.982869,medium
GWD,New Gwadar International Airport,Gurandani,PK,PK-BA,25.296733,62.498822,large
GWL,Gwalior Airport,Gwalior,IN,IN-MP,26.29330062866211,78.22779846191406,medium
GWT,Westerland Sylt Airport,Sylt,DE,DE-SH,54.9132,8.34047,medium
GXF,Seiyun Hadhramaut International Airport,Seiyun,YE,YE-HD,15.965887,48.788146,large
GXG,Negage Airport,Negage,AO,AO-UIG,-7.754509925842285,15.287699699401855,medium
GXH,Gannan Xiahe Airport,Gannan (Xiahe),CN,CN-62,34.819014,102.622261,medium
GYA,Guayaramerín Airport,Guayaramerín,BO,BO-B,-10.88856,-65.380955,medium
GYD,Heydar Aliyev International Airport,Baku,AZ,AZ-BA,40.47278,50.050931,large
GYE,José Joaquín de Olmedo International Airport,Guayaquil,EC,EC-G,-2.15742,-79.883598,large
GYM,General José María Yáñez International Airport,Guaymas,MX,MX-SON,27.9689998626709,-110.92500305175781,medium
GYN,Santa Genoveva International Airport,Goiânia,BR,BR-GO,-16.632,-49.220699,large
GYS,Guangyuan Panlong Airport,Guangyuan (Lizhou),CN,CN-51,32.390254,105.694571,medium
GYU,Guyuan Liupanshan Airport,Guyuan (Yuanzhou),CN,CN-64,36.078889,106.216944,medium
GYY,Gary/Chicago International Airport,Gary,US,US-IN,41.617087,-87.413206,medium
GYZ,Gruyere Airport,Cosmo Newbery,AU,AU-WA,-28.034548,123.81506,small
GZG,Garze Gesar Airport,Garzê (Garzê),CN,CN-51,31.7575,99.554167,small
GZO,Nusatupe Airport,Gizo,SB,SB-WE,-8.09778022766,156.863998413,small
GZP,Gazipaşa-Alanya Airport,Gazipaşa,TR,TR-07,36.298832,32.297017,medium
GZT,Gaziantep Oğuzeli International Airport,Gaziantep,TR,TR-27,36.947201,37.478699,large
HAA,Hasvik Airport,Hasvik,NO,NO-56,70.486702,22.1397,small
HAC,Hachijojima Airport,Hachijojima,JP,JP-13,33.114843,139.785645,medium
HAD,Halmstad Airport,Halmstad,SE,SE-N,56.69110107421875,12.820199966430664,medium
HAH,Prince Said Ibrahim International Airport,Moroni,KM,KM-G,-11.5337,43.2719,large
HAJ,Hannover Airport,Hannover,DE,DE-NI,52.461102,9.68508,large
HAK,Haikou Meilan International Airport,Haikou (Meilan),CN,CN-46,19.9349,110.459,large
HAL,Halali Airport,Halali,NA,NA-OT,-19.0285,16.4585,small
HAM,Hamburg Helmut Schmidt Airport,Hamburg,DE,DE-HH,53.630402,9.98823,large
HAN,Noi Bai International Airport,Hanoi (Soc Son),VN,VN-RRD,21.221201,105.806999,large
HAQ,Hanimaadhoo International Airport,Haa Dhaalu Atoll,MV,MV-23,6.743235,73.167072,large
HAS,Hail International Airport,Hail,SA,SA-06,27.437901,41.686298,large
HAU,"Haugesund Airport, Karmøy",Karmøy,NO,NO-11,59.345299,5.20836,medium
HAV,José Martí International Airport,Havana,CU,CU-03,22.989200592041016,-82.40910339355469,large
HBA,Hobart International Airport,Hobart (Cambridge),AU,AU-TAS,-42.837032,147.513022,large
HBE,Alexandria International Airport,Alexandria,EG,EG-ALX,30.93249,29.696437,large
HBQ,Haibei Qilian Airport,Haibei (Qilian),CN,CN-63,38.008068,100.645065,small
HBX,Hubballi Airport,Hubballi,IN,IN-KA,15.361084,75.082096,medium
HCJ,Hechi Jinchengjiang Airport,Hechi (Jinchengjiang),CN,CN-45,24.804344,107.710819,medium
HCR,Holy Cross Airport,Holy Cross,US,US-AK,62.18830108642578,-159.77499389648438,medium
HCZ,Chenzhou Beihu Airport,Chenzhou,CN,CN-43,25.753419,112.845404,medium
HDD,Hyderabad Airport,Hyderabad,PK,PK-SD,25.3181,68.366096,small
HDF,Heringsdorf Airport,Zirchow,DE,DE-MV,53.8787,14.1523,medium
HDG,Handan Airport,Handan,CN,CN-13,36.524824,114.424126,medium
HDK,Kulhudhuffushi Airport,Kulhudhuffushi,MV,MV-23,6.630762,73.067815,small
HDM,Hamadan Airport,Hamadan,IR,IR-13,34.866416,48.56069,medium
HDN,Yampa Valley Airport,Hayden,US,US-CO,40.481201,-107.218002,medium
HDO,Hindon Airport / Hindon Air Force Station,Ghaziabad,IN,IN-UP,28.707701,77.358902,small
HDS,Eastgate Airport / Air Force Base Hoedspruit,Hoedspruit,ZA,ZA-NP,-24.361864,31.052921,medium
HDY,Hat Yai International Airport,Hat Yai,TH,TH-90,6.93321,100.392998,large
HEA,Herat - Khwaja Abdullah Ansari International Airport,Guzara,AF,AF-HER,34.209999,62.228298,large
HEH,Heho Airport,Heho,MM,MM-17,20.74714,96.792029,medium
HEI,Heide-Büsum Airport,Oesterdeichstrich,DE,DE-SH,54.153332,8.901667,small
HEK,Heihe Aihui Airport,Heihe,CN,CN-23,50.171621,127.308884,medium
HEL,Helsinki Vantaa Airport,Helsinki (Vantaa),FI,FI-18,60.318363,24.963341,large
HER,Heraklion International Nikos Kazantzakis Airport,Heraklion,GR,GR-M,35.339699,25.1803,large
HET,Hohhot Baita International Airport,Hohhot,CN,CN-15,40.849658,111.824598,large
HFA,Uri Michaeli Haifa International Airport,Haifa,IL,IL-HA,32.810219,35.043719,medium
HFE,Hefei Xinqiao International Airport,Hefei,CN,CN-34,31.98779,116.9769,large
HFN,Hornafjörður Airport,Höfn,IS,IS-8,64.295601,-15.2272,medium
HFS,Hagfors Airport,Råda,SE,SE-S,60.0201,13.5789,small
HFT,Hammerfest Airport,Hammerfest,NO,NO-56,70.679703,23.6686,medium
HGA,Egal International Airport,Hargeisa,SO,SO-WO,9.514082,44.083469,large
HGD,Hughenden Airport,Hughenden,AU,AU-QLD,-20.815001,144.225006,small
HGH,Hangzhou Xiaoshan International Airport,Hangzhou,CN,CN-33,30.23609,120.428865,large
HGI,Itanagar Donyi Polo Hollongi Airport,Hollongi,IN,IN-AR,26.96683,93.638792,medium
HGL,Helgoland-Düne Airport,Helgoland,DE,DE-SH,54.18528,7.915833,small
HGN,Mae Hong Son Airport,Mae Hong Son,TH,TH-58,19.3013,97.9758,medium
HGO,Korhogo Airport,Korhogo,CI,CI-SV,9.38718,-5.55666,medium
HGR,Hagerstown Regional Richard A Henson Field,Hagerstown,US,US-MD,39.708771,-77.728014,medium
HGU,Mount Hagen Kagamuga Airport,Mount Hagen,PG,PG-WHM,-5.828212,144.299412,medium
HHH,Hilton Head Airport,Hilton Head Island,US,US-SC,32.2244,-80.697502,medium
HHN,Frankfurt-Hahn Airport,Frankfurt am Main (Lautzenhausen),DE,DE-RP,49.946353,7.261734,large
HHQ,Hua Hin Airport,Hua Hin,TH,TH-76,12.6361999512,99.951499939,medium
HHR,Jack Northrop Field Hawthorne Municipal Airport,Hawthorne,US,US-CA,33.922798,-118.334999,medium
HHZ,Hikueru Airport,Hikueru,PF,PF-U-A,-17.548297,-142.612037,small
HIA,Huai'an Lianshui Airport,Huai'an,CN,CN-32,33.792712,119.126657,large
HIB,Range Regional Airport,Hibbing,US,US-MN,47.384831,-92.836905,medium
HID,Horn Island Airport,Horn,AU,AU-QLD,-10.585636,142.29277,medium
HII,Lake Havasu City Airport,Lake Havasu City,US,US-AZ,34.570506,-114.357745,medium
HIJ,Hiroshima Airport,Hiroshima,JP,JP-34,34.4361,132.919006,large
HIL,Shilavo Airport,Shilavo,ET,ET-SO,6.077545,44.763736,small
HIN,Sacheon Airport / Sacheon Air Base,Sacheon,KR,KR-48,35.088591,128.071747,medium
HIR,Honiara International Airport,Honiara,SB,SB-GU,-9.428,160.054993,large
HJB,Hejing Bayinbuluke Airport,Hejing,CN,CN-65,42.976395,83.995543,small
HJJ,Huaihua Zhijiang Airport,Huaihua,CN,CN-43,27.443087,109.704666,medium
HJR,Khajuraho Airport,Khajuraho,IN,IN-MP,24.8172,79.918602,medium
HKD,Hakodate Airport,Hakodate,JP,JP-01,41.77,140.822006,large
HKG,Hong Kong International Airport,Hong Kong,HK,HK-NT,22.31184,113.914862,large
HKK,Hokitika Airfield,,NZ,NZ-WTC,-42.713600158691406,170.98500061035156,medium
HKN,Hoskins Airport,Kimbe,PG,PG-WBK,-5.463846,150.407327,medium
HKT,Phuket International Airport,Phuket,TH,TH-83,8.113257,98.3174,large
HLA,Lanseria International Airport,Johannesburg,ZA,ZA-GT,-25.938964,27.926642,large
HLD,Hulunbuir Hailar Airport,Hailar,CN,CN-15,49.208616,119.822301,large
HLE,Saint Helena International Airport,Jamestown,SH,SH-SH,-15.958898,-5.646066,medium
HLH,Ulanhot Yilelite Airport,Ulanhot,CN,CN-15,46.195333,122.008333,small
HLN,Helena Regional Airport,Helena,US,US-MT,46.6068,-111.983002,medium
HLP,Halim Perdanakusuma International Airport,Jakarta,ID,ID-JK,-6.266989,106.890318,large
HLZ,Hamilton International Airport,Hamilton,NZ,NZ-WKO,-37.866961,175.331952,medium
HMA,Khanty Mansiysk Airport,Khanty-Mansiysk,RU,RU-KHM,61.0285,69.086098,medium
HMB,Suhaj International Airport,Suhaj,EG,EG-SHG,26.342515,31.743017,large
HME,Hassi Messaoud-Oued Irara Krim Belkacem Airport,Hassi Messaoud,DZ,DZ-30,31.673,6.14044,medium
HMI,Hami Airport,Hami,CN,CN-65,42.8414,93.669197,medium
HMO,General Ignacio L. Pesqueira International Airport,Hermosillo,MX,MX-SON,29.092811,-111.053015,large
HMS,Haji Muhammad Sidik Airport,Muara Teweh,ID,ID-KT,-1.02581,114.92881,small
HMV,Hemavan Airport,Hemavan,SE,SE-AC,65.806099,15.0828,small
HNA,Iwate Hanamaki Airport,Hanamaki,JP,JP-03,39.4286,141.134995,medium
HND,Tokyo Haneda International Airport,Tokyo,JP,JP-13,35.549678,139.786958,large
HNH,Hoonah Airport,Hoonah,US,US-AK,58.0961,-135.410111,small
HNL,Daniel K. Inouye International Airport,"Honolulu, Oahu",US,US-HI,21.318387,-157.92567,large
HNM,Hana Airport,Hana,US,US-HI,20.795601,-156.014008,medium
HNS,Haines Airport,Haines,US,US-AK,59.243921,-135.523925,medium
HNY,Hengyang Nanyue Airport,Hengyang,CN,CN-43,26.72208,112.617958,small
HOB,Lea County Regional Airport,Hobbs,US,US-NM,32.6875,-103.217003,medium
HOF,Al-Ahsa International Airport,Hofuf,SA,SA-04,25.285299,49.485199,large
HOG,Frank Pais International Airport,Holguin,CU,CU-11,20.785148,-76.315526,large
HOI,Hao Airport,Otepa,PF,PF-U-A,-18.0748,-140.945999,medium
HOK,Hooker Creek Airport,Lajamanu,AU,AU-NT,-18.3367004395,130.638000488,small
HOM,Homer Airport,Homer,US,US-AK,59.644456,-151.479235,medium
HOR,Horta Airport,Horta,PT,PT-20,38.519901275634766,-28.715900421142578,medium
HOT,Memorial Field Airport,Hot Springs,US,US-AR,34.4788,-93.096262,medium
HOU,William P. Hobby Airport,Houston,US,US-TX,29.645336,-95.276812,large
HOV,"Ørsta-Volda Airport, Hovden",Ørsta,NO,NO-15,62.180000305176,6.0741000175476,medium
HPA,Lifuka Island Airport,Lifuka,TO,TO-02,-19.777000427246094,-174.34100341796875,medium
HPB,Hooper Bay Airport,Hooper Bay,US,US-AK,61.523899,-166.147003,small
HPG,Shennongjia Hongping Airport,Shennongjia (Hongping),CN,CN-42,31.626,110.34,medium
HPH,Cat Bi International Airport,Haiphong (Hai An),VN,VN-RRD,20.817428,106.724315,large
HPN,Westchester County Airport,White Plains,US,US-NY,41.06700134277344,-73.70760345458984,medium
HQL,Tashikuergan Hongqilafu Airport,Tashikuergan,CN,CN-65,37.661333,75.288877,medium
HQQ,Anyang Hongqiqu Airport,Anyang,CN,CN-41,35.870833,114.461944,small
HRB,Harbin Taiping International Airport,Harbin,CN,CN-23,45.623402,126.25,large
HRE,Robert Gabriel Mugabe International Airport,Harare,ZW,ZW-HA,-17.931801,31.0928,large
HRF,Hoarafushi Airport,,MV,MV-07,6.96967,72.896287,small
HRG,Hurghada International Airport,Hurghada,EG,EG-BA,27.176776,33.796692,large
HRH,Aligarh Airport,Aligarh,IN,IN-UP,27.861437,78.145404,small
HRI,Mattala Rajapaksa International Airport,Mattala,LK,LK-3,6.283878,81.124163,medium
HRL,Valley International Airport,Harlingen,US,US-TX,26.228500366210938,-97.65440368652344,medium
HRO,Boone County Airport,Harrison,US,US-AR,36.26150131225586,-93.15470123291016,medium
HSA,Hazrat Sultan International Airport,Turkıstan,KZ,KZ-YUZ,43.311087,68.550352,large
HSC,Shaoguan Danxia Airport,Shaoguan,CN,CN-44,24.9786,113.420998,medium
HSG,Kyushu Saga International Airport,Saga,JP,JP-41,33.1497,130.302002,large
HSL,Huslia Airport,Huslia,US,US-AK,65.697899,-156.350998,medium
HSN,Zhoushan Putuoshan International Airport,Zhoushan,CN,CN-33,29.933874,122.362307,large
HSR,Rajkot International Airport,Rajkot,IN,IN-GJ,22.378824,71.039391,large
HSS,Maharaja Agrasen International Airport,Hisar,IN,IN-HR,29.186065,75.74142,large
HSV,Huntsville International Airport,Huntsville,US,US-AL,34.636244,-86.774378,medium
HTA,Chita-Kadala International Airport,Chita,RU,RU-ZAB,52.024841,113.305839,large
HTG,Khatanga Airport,Khatanga,RU,RU-KYA,71.97810363769531,102.49099731445312,medium
HTI,Hamilton Island Airport,Hamilton Island,AU,AU-QLD,-20.3581008911,148.95199585,medium
HTN,Hotan Airport,Hotan,CN,CN-65,37.03850173950195,79.86489868164062,medium
HTS,Tri-State Airport / Milton J. Ferguson Field,Huntington,US,US-WV,38.366699,-82.557999,medium
HTT,Huatugou Airport,Mengnai,CN,CN-63,38.201645,90.837843,medium
HTY,Hatay Airport,Antakya,TR,TR-31,36.36079,36.285589,medium
HUE,Humera Airport,Akwi,ET,ET-TI,13.83012,36.88237,small
HUG,Huehuetenango Airport,Huehuetenango,GT,GT-HU,15.316667,-91.505556,small
HUH,Huahine-Fare Airport,Fare,PF,PF-U-A,-16.687084,-151.021593,medium
HUI,Phu Bai International Airport,Huế,VN,VN-NC,16.400628,107.703094,medium
HUN,Hualien Chiashan Airport,Hualien City,TW,TW-HUA,24.023163,121.617991,large
HUO,Holingol Huolinhe Airport,Holingol,CN,CN-15,45.487222,119.407222,medium
HUS,Hughes Airport,Hughes,US,US-AK,66.04109955,-154.2630005,small
HUU,Alferez Fap David Figueroa Fernandini Airport,Huánuco,PE,PE-HUC,-9.878809928894043,-76.20480346679688,medium
HUX,Bahías de Huatulco International Airport,Huatulco,MX,MX-OAX,15.775437,-96.260456,large
HUY,Humberside Airport,"Grimsby, Lincolnshire",GB,GB-ENG,53.576152,-0.34954,medium
HUZ,Huizhou Pingtan Airport,Huizhou (Pingtan),CN,CN-44,23.049999,114.599998,medium
HVB,Hervey Bay Airport,Hervey Bay,AU,AU-QLD,-25.320127,152.880662,medium
HVD,Khovd Airport,Khovd,MN,MN-043,47.954102,91.628197,medium
HVG,"Honningsvåg Airport, Valan",Honningsvåg,NO,NO-56,71.009697,25.983601,medium
HVN,Tweed New Haven Airport,New Haven,US,US-CT,41.262869,-72.887694,medium
HVR,Havre City County Airport,Havre,US,US-MT,48.541387,-109.762859,medium
HWR,Halwara International Airport,Halwara,IN,IN-PB,30.748501,75.629799,large
HXD,Haixi Delingha Airport,Delingha,CN,CN-63,37.125286,97.268658,medium
HYA,Cape Cod Gateway Airport,Hyannis,US,US-MA,41.6693,-70.280403,medium
HYD,Rajiv Gandhi International Airport,Hyderabad,IN,IN-TG,17.231318,78.429855,large
HYN,Taizhou Luqiao Airport,Taizhou (Luqiao),CN,CN-33,28.562201,121.429001,medium
HYS,Hays Regional Airport,Hays,US,US-KS,38.844521,-99.273148,medium
HZA,Heze Mudan Airport,Heze (Dingtao),CN,CN-37,35.212972,115.736748,medium
HZG,Hanzhong Chenggu Airport,Hanzhong (Chenggu),CN,CN-61,33.133527,107.203817,medium
HZH,Liping Airport,Liping,CN,CN-52,26.32217,109.1499,medium
IAA,Igarka Airport,Igarka,RU,RU-KYA,67.437202,86.621902,medium
IAD,Washington Dulles International Airport,Dulles,US,US-VA,38.9445,-77.455803,large
IAG,Niagara Falls International Airport,Niagara Falls,US,US-NY,43.1073,-78.946198,medium
IAH,George Bush Intercontinental Airport,Houston,US,US-TX,29.9844,-95.3414,large
IAM,Zarzaitine - In Aménas Airport,In Aménas,DZ,DZ-33,28.0515,9.64291,medium
IAN,Bob Baker Memorial Airport,Kiana,US,US-AK,66.976128,-160.439014,medium
IAO,Siargao Airport,Del Carmen,PH,PH-SUN,9.8591,126.014,small
IAR,Golden Ring Yaroslavl International Airport,Tunoshna,RU,RU-YAR,57.560699,40.157398,large
IAS,Iaşi International Airport,Iaşi,RO,RO-IS,47.179633,27.621431,large
IBA,Ibadan Airport,Ibadan,NG,NG-OY,7.362460136413574,3.97832989692688,medium
IBB,General Villamil Airport,Puerto Villamil,EC,EC-W,-0.942628,-90.953003,small
IBE,Perales Airport,Ibagué,CO,CO-TOL,4.42161,-75.1333,medium
IBR,Ibaraki Airport,Omitama,JP,JP-08,36.181456,140.414434,large
IBZ,Ibiza Airport,Ibiza (Eivissa),ES,ES-IB,38.872898,1.37312,large
ICC,Andrés Miguel Salazar Marcano Airport,Isla de Coche,VE,VE-O,10.794432,-63.98159,small
ICI,Cicia Airport,Cicia,FJ,FJ-E,-17.7432994843,-179.341995239,small
ICN,Incheon International Airport,Seoul,KR,KR-28,37.469101,126.450996,large
ICT,Wichita Dwight D. Eisenhower National Airport,Wichita,US,US-KS,37.650314,-97.428583,medium
IDA,Idaho Falls Regional Airport,Idaho Falls,US,US-ID,43.514599,-112.070999,medium
IDR,Devi Ahilya Bai Holkar International Airport,Indore,IN,IN-MP,22.721404,75.80051,large
IEG,Zielona Góra-Babimost Airport,Nowe Kramsko,PL,PL-LB,52.1385,15.7986,medium
IFJ,Ísafjörður Airport,Ísafjörður,IS,IS-4,66.058098,-23.1353,medium
IFN,Isfahan Shahid Beheshti International Airport,Isfahan,IR,IR-10,32.755142,51.883877,large
IFO,Ivano-Frankivsk International Airport,Ivano-Frankivsk,UA,UA-26,48.88420104980469,24.686100006103516,medium
IGA,Inagua Airport,Matthew Town,BS,BS-IN,20.975,-73.666901,medium
IGD,Iğdır Airport,Iğdır,TR,TR-76,39.976627,43.876648,medium
IGG,Igiugig Airport,Igiugig,US,US-AK,59.324001,-155.901993,small
IGR,Cataratas Del Iguazú International Airport,Puerto Iguazu,AR,AR-N,-25.737301,-54.4734,medium
IGT,Magas Airport,Sunzha,RU,RU-IN,43.323268,45.012568,medium
IGU,Cataratas International Airport,Foz do Iguaçu,BR,BR-PR,-25.594167,-54.489444,large
IIA,Inishmaan Aerodrome,Inis Meáin,IE,IE-G,53.092999,-9.56806,small
IJK,Izhevsk Airport,Izhevsk,RU,RU-UD,56.834524,53.462172,medium
IKA,Imam Khomeini International Airport,Tehran,IR,IR-23,35.416099548339844,51.152198791503906,large
IKG,Karakol International Airport,Karakol,KG,KG-Y,42.508099,78.407799,medium
IKI,Iki Airport,Iki,JP,JP-42,33.7490005493,129.785003662,medium
IKO,Nikolski Air Station,Nikolski,US,US-AK,52.941552,-168.849478,small
IKS,Tiksi Airport,Tiksi,RU,RU-SA,71.697700500488,128.90299987793,medium
IKT,Irkutsk International Airport,Irkutsk,RU,RU-IRK,52.266707,104.395563,large
IKU,Issyk-Kul International Airport,Tamchy,KG,KG-Y,42.585584,76.701181,large
ILD,Lleida-Alguaire Airport,Lleida,ES,ES-CT,41.728185,0.535023,medium
ILF,Ilford Airport,Ilford,CA,CA-MB,56.051622,-95.61882,small
ILG,Wilmington Airport,Wilmington,US,US-DE,39.678699,-75.606499,medium
ILI,Iliamna Airport,Iliamna,US,US-AK,59.754398,-154.910996,medium
ILM,Wilmington International Airport,Wilmington,US,US-NC,34.272345,-77.905117,medium
ILO,Iloilo International Airport,Cabatuan,PH,PH-ILI,10.833017,122.493358,large
ILP,Île des Pins Airport,Île des Pins,NC,NC-03,-22.5889,167.455994,medium
ILQ,General Jorge Fernandez Maldon Airport,Ilo,PE,PE-MOQ,-17.695,-71.344002,medium
ILR,General Tunde Idiagbon International Airport,Ilorin/Ogbomosho,NG,NG-KW,8.44021,4.49392,large
ILS,Ilopango International Airport,San Salvador,SV,SV-SS,13.6995,-89.119904,medium
ILY,Islay Airport,"Isle of Islay, Argyll and Bute",GB,GB-SCT,55.682708,-6.257525,medium
IMF,Bir Tikendrajit International Airport,Imphal,IN,IN-MN,24.76,93.896698,large
IMK,Simikot Airport,Simikot,NP,NP-P6,29.9711,81.818901,small
IMP,Prefeito Renato Moreira Airport,Imperatriz,BR,BR-MA,-5.53129,-47.459999,medium
IMT,Ford Airport,Kingsford,US,US-MI,45.81911,-88.114557,medium
INB,Independence Airport,Independence,BZ,BZ-SC,16.53456,-88.441615,small
INC,Yinchuan Hedong International Airport,Yinchuan,CN,CN-64,38.322758,106.393214,large
IND,Indianapolis International Airport,Indianapolis,US,US-IN,39.7173,-86.294403,large
INH,Inhambane Airport,Inhambane,MZ,MZ-I,-23.8764,35.408501,medium
INI,Niš Constantine the Great Airport,Niš,RS,RS-20,43.336538,21.856242,large
INL,Falls International Airport,International Falls,US,US-MN,48.566200256347656,-93.4030990600586,medium
INN,Innsbruck Airport,Innsbruck,AT,AT-7,47.260201,11.344,large
INO,Inongo Airport,Inongo,CD,CD-MN,-1.94722,18.285801,small
INQ,Inisheer Aerodrome,Inis Oírr,IE,IE-G,53.064701,-9.5109,small
INU,Nauru International Airport,Yaren,NR,NR-14,-0.547893,166.919525,medium
INV,Inverness Airport,Inverness,GB,GB-SCT,57.5425,-4.0475,medium
INZ,In Salah Airport,In Salah,DZ,DZ-57,27.250999,2.51202,medium
IOA,Ioannina King Pyrrhus National Airport,Ioannina,GR,GR-D,39.6964,20.8225,medium
IOM,Isle of Man Airport,Castletown,IM,IM-U-A,54.083081,-4.623871,large
IOR,Inishmore Aerodrome,Inis Mór,IE,IE-G,53.1067008972168,-9.653610229492188,small
IOS,Bahia - Jorge Amado Airport,Ilhéus,BR,BR-BA,-14.815929,-39.033458,medium
IPC,Mataveri International Airport,Isla De Pascua,CL,CL-VS,-27.165411,-109.421027,large
IPH,Sultan Azlan Shah Airport,Ipoh,MY,MY-08,4.56733,101.091643,large
IPI,San Luis Airport,Ipiales,CO,CO-NAR,0.861946,-77.671783,medium
IPL,Imperial County Airport,Imperial,US,US-CA,32.83539,-115.574026,medium
IPN,Usiminas Airport,Ipatinga,BR,BR-MG,-19.470699,-42.487598,medium
IPT,Williamsport Regional Airport,Williamsport,US,US-PA,41.242126,-76.92245,medium
IQM,Qiemo Yudu Airport,Qiemo,CN,CN-65,38.234516,85.465462,medium
IQN,Qingyang Xifeng Airport,Qingyang (Xifeng),CN,CN-62,35.802638,107.598896,medium
IQQ,Diego Aracena International Airport,Iquique,CL,CL-TA,-20.536273,-70.181373,large
IQT,Coronel FAP Francisco Secada Vignetta International Airport,Iquitos,PE,PE-LOR,-3.78474,-73.3088,large
IRA,Ngorangora Airport,Kirakira,SB,SB-MK,-10.449700355500001,161.897994995,small
IRC,Circle City (New) Airport,Circle,US,US-AK,65.827673,-144.076195,small
IRG,Lockhart River Airport,Lockhart River,AU,AU-QLD,-12.7869,143.304993,medium
IRJ,Capitan V A Almonacid Airport,La Rioja,AR,AR-F,-29.381599,-66.795799,medium
IRK,Kirksville Regional Airport,Kirksville,US,US-MO,40.09349822998047,-92.5448989868164,medium
IRP,Matari Airport,Isiro,CD,CD-HU,2.82761,27.588301,medium
IRZ,Tapuruquara Airport,Santa Isabel do Rio Negro,BR,BR-AM,-0.378604,-64.992558,small
ISA,Mount Isa Airport,Mount Isa,AU,AU-QLD,-20.66638,139.488468,medium
ISB,Islamabad International Airport,Attock,PK,PK-PB,33.549,72.82566,large
ISC,St. Mary's Airport,"St. Mary's, Isles of Scilly",GB,GB-ENG,49.913375,-6.291894,small
ISE,Süleyman Demirel International Airport,Isparta,TR,TR-32,37.8554,30.368401,medium
ISG,New Ishigaki Airport,Ishigaki,JP,JP-47,24.396389,124.245,medium
ISK,Nashik International Airport,Nashik,IN,IN-MM,20.119101,73.912903,large
ISP,Long Island MacArthur Airport,Islip,US,US-NY,40.796324,-73.101703,medium
IST,İstanbul Airport,Istanbul,TR,TR-34,41.274874,28.732136,large
ISU,Jalal Talabani International Airport,Sulaymaniyah,IQ,IQ-SW,35.560487,45.315137,medium
ITB,Itaituba Airport,Itaituba,BR,BR-PA,-4.242131,-56.000651,medium
ITH,Ithaca Tompkins Regional Airport,Ithaca,US,US-NY,42.49100112915039,-76.4583969116211,medium
ITM,Osaka Itami International Airport,Osaka,JP,JP-27,34.780853,135.440829,large
ITO,Hilo International Airport,Hilo,US,US-HI,19.72135,-155.045428,medium
ITU,Iturup Airport,Kurilsk,RU,RU-SAK,45.256389,147.95549,small
IUE,Niue International Airport,Alofi,NU,NU-U-A,-19.080109,-169.923493,medium
IVC,Invercargill Airport,Invercargill,NZ,NZ-STL,-46.41239929199219,168.31300354003906,medium
IVL,Ivalo Airport,Ivalo,FI,FI-10,68.6073,27.4053,large
IWA,Ivanovo South Airport,Ivanovo,RU,RU-IVA,56.93939971923828,40.940799713134766,medium
IWD,Gogebic Iron County Airport,Ironwood,US,US-MI,46.525298,-90.131578,small
IWJ,Iwami Airport,Masuda,JP,JP-32,34.676399231,131.789993286,medium
IWK,Iwakuni Kintaikyo Airport,Iwakuni,JP,JP-35,34.146333,132.247238,medium
IXA,Agartala - Maharaja Bir Bikram Airport,Agartala,IN,IN-TR,23.886999,91.240402,medium
IXB,Bagdogra Airport,Siliguri,IN,IN-WB,26.6812,88.328598,large
IXC,Shaheed Bhagat Singh International Airport,Chandigarh,IN,IN-CH,30.6735,76.788498,large
IXD,Prayagraj Airport,Allahabad,IN,IN-UP,25.4401,81.733902,medium
IXE,Mangaluru International Airport,Mangaluru,IN,IN-KA,12.95471,74.886812,large
IXG,Belagavi Airport,Belgaum,IN,IN-KA,15.8593,74.618301,medium
IXI,Lilabari North Lakhimpur Airport,Lilabari,IN,IN-AS,27.295682,94.097266,medium
IXJ,Jammu Airport,Jammu,IN,IN-JK,32.688849,74.838152,medium
IXK,Keshod Airport,Keshod,IN,IN-GJ,21.317101,70.270401,medium
IXL,Leh Kushok Bakula Rimpochee Airport,Leh,IN,IN-LA,34.135899,77.546501,medium
IXM,Madurai Airport,Madurai,IN,IN-TN,9.83450984955,78.09339904790001,medium
IXP,Pathankot Airport,Pathankot,IN,IN-PB,32.233611,75.634444,medium
IXR,Birsa Munda Airport,Ranchi,IN,IN-JH,23.314300537100003,85.3217010498,medium
IXS,Silchar Airport,Silchar,IN,IN-AS,24.9129009247,92.97869873050001,medium
IXU,Aurangabad Airport,Aurangabad,IN,IN-MM,19.862875,75.396312,medium
IXY,Kandla Airport,Kandla,IN,IN-GJ,23.1127,70.100304,medium
IXZ,Veer Savarkar International Airport / INS Utkrosh,Port Blair,IN,IN-AN,11.640194,92.72902,large
IZA,Presidente Itamar Franco Airport,Juiz de Fora,BR,BR-MG,-21.513086,-43.173069,medium
IZO,Izumo Enmusubi Airport,Izumo,JP,JP-32,35.413601,132.889999,medium
IZT,General Antonio Cárdenas Rodríguez National Airport / Ixtepec Air Base,Ixtepec,MX,MX-OAX,16.445961,-95.093708,medium
JAC,Jackson Hole Airport,Jackson,US,US-WY,43.6073,-110.737999,medium
JAE,Shumba Airport,Jaén,PE,PE-CAJ,-5.59248,-78.774002,medium
JAF,Jaffna International Airport,Jaffna,LK,LK-4,9.79233,80.070099,large
JAI,Jaipur International Airport,Jaipur,IN,IN-RJ,26.8242,75.812202,large
JAN,Jackson-Medgar Wiley Evers International Airport,Jackson,US,US-MS,32.311199,-90.075897,medium
JAU,Francisco Carle Airport,Jauja,PE,PE-JUN,-11.7831001282,-75.47339630130001,medium
JAV,Ilulissat Airport,Ilulissat,GL,GL-AV,69.243202,-51.057098,medium
JAX,Jacksonville International Airport,Jacksonville,US,US-FL,30.492469,-81.687813,large
JBB,Notohadinegoro Airport,Jember,ID,ID-JI,-8.242494,113.693476,small
JBK,Qitai Jiangbulake Airport,Qitai,CN,CN-65,44.166086,89.55014,small
JBQ,La Isabela International Airport,La Isabela,DO,DO-01,18.572500228881836,-69.98560333251953,medium
JBR,Jonesboro Municipal Airport,Jonesboro,US,US-AR,35.83169937133789,-90.64640045166016,medium
JCK,Julia Creek Airport,,AU,AU-QLD,-20.66830062866211,141.72300720214844,small
JCL,České Budějovice South Bohemian Airport,České Budějovice,CZ,CZ-JC,48.948171,14.42832,large
JDF,Francisco de Assis Airport,Juiz de Fora,BR,BR-MG,-21.791482,-43.386072,medium
JDH,Jodhpur Airport,Jodhpur,IN,IN-RJ,26.251100540161133,73.04889678955078,medium
JDO,Orlando Bezerra de Menezes Airport,Juazeiro do Norte,BR,BR-CE,-7.21932,-39.269096,small
JDZ,Jingdezhen Luojia Airport,Jingdezhen,CN,CN-36,29.3386,117.176003,medium
JED,King Abdulaziz International Airport,Jeddah,SA,SA-02,21.680241,39.157436,large
JEE,Jérémie Airport,Carrefour Sanon,HT,HT-GA,18.663099,-74.170303,medium
JEG,Aasiaat Airport,Aasiaat,GL,GL-QK,68.721802,-52.784698,medium
JEJ,Jeh Airport,Ailinglapalap Atoll,MH,MH-ALL,7.565350055690001,168.962005615,small
JER,Jersey Airport,St. Peter,JE,JE-U-A,49.207901,-2.19551,medium
JFK,John F. Kennedy International Airport,New York,US,US-NY,40.639447,-73.779317,large
JFR,Paamiut Airport,Paamiut,GL,GL-SE,62.014736,-49.670937,small
JGA,Jamnagar Airport,Jamnagar,IN,IN-GJ,22.465499877929688,70.01260375976562,medium
JGB,Jagdalpur Airport,Jagdalpur,IN,IN-CT,19.074301,82.036797,small
JGD,Daxing'anling Elunchun Airport,Jiagedaqi,CN,CN-23,50.371389,124.1175,medium
JGN,Jiayuguan International Airport,Jiayuguan,CN,CN-62,39.859052,98.339344,large
JGS,Jinggangshan Airport,Ji'an,CN,CN-36,26.856899,114.737,medium
JHB,Senai International Airport,Johor Bahru,MY,MY-01,1.64131,103.669998,large
JHG,Xishuangbanna Gasa International Airport,Jinghong (Gasa),CN,CN-53,21.974648,100.762224,large
JHM,Kapalua Airport,Lahaina,US,US-HI,20.9629,-156.673004,medium
JHS,Sisimiut Airport,Sisimiut,GL,GL-QA,66.951302,-53.729301,medium
JIB,Djibouti-Ambouli Airport,Djibouti City,DJ,DJ-DJ,11.5473,43.1595,large
JIC,Jinchang Jinchuan Airport,Jinchang,CN,CN-62,38.542222,102.348333,medium
JIJ,Gerad Wilwal International Airport,Jijiga,ET,ET-SO,9.331907,42.911811,large
JIK,Ikaria Airport,Ikaria Island,GR,GR-K,37.6827011108,26.3470993042,small
JIM,Jimma Airport,Jimma,ET,ET-OR,7.66609001159668,36.81660079956055,medium
JIO,Jos Orno Imsula Airport,Tiakur,ID,ID-MA,-8.140683,127.909669,small
JIQ,Qianjiang Wulingshan Airport,Qianjiang,CN,CN-50,29.5133333333,108.831111111,medium
JIU,Jiujiang Lushan Airport,Jiujiang,CN,CN-36,29.476944,115.801111,small
JJD,Comandante Ariston Pessoa Airport,Cruz,BR,BR-CE,-2.906425,-40.357338,medium
JJG,Humberto Ghizzo Bortoluzzi Regional Airport,Jaguaruna,BR,BR-SC,-28.6753,-49.0596,small
JJM,Mulika Lodge Airport,Meru-Kinna,KE,KE-12,0.165083,38.195141,small
JJN,Quanzhou Jinjiang International Airport,Quanzhou,CN,CN-35,24.795855,118.588599,large
JJU,Qaqortoq Airport,Qaqortoq,GL,GL-KU,60.76383,-46.065001,medium
JKG,Jönköping Airport,Jönköping,SE,SE-F,57.757598876953125,14.068699836730957,medium
JKH,Chios Island National Airport,Chios Island,GR,GR-K,38.34320068359375,26.140600204467773,medium
JKL,Kalymnos Airport,Kalymnos Island,GR,GR-L,36.9632987976,26.9405994415,small
JKR,Janakpur Airport,Janakpur,NP,NP-P2,26.708799,85.922401,medium
JLG,Jalgaon Airport,Jalgaon,IN,IN-MM,20.962678,75.627492,small
JLN,Joplin Regional Airport,Joplin,US,US-MO,37.151798,-94.498299,medium
JLR,Jabalpur Airport,Jabalpur,IN,IN-MP,23.177799,80.052002,medium
JMJ,Lancang Jingmai Airport,Pu'er (Lancang),CN,CN-53,22.417733,99.784012,medium
JMK,Mykonos Island National Airport,Mykonos,GR,GR-L,37.435101,25.348101,medium
JMO,Jomsom Airport,Jomsom,NP,NP-P4,28.780426,83.723,small
JMS,Jamestown Regional Airport,Jamestown,US,US-ND,46.92969894,-98.67819977,medium
JMU,Jiamusi Songjiang International Airport,Jiamusi,CN,CN-23,46.842793,130.46426,medium
JNB,O.R. Tambo International Airport,Johannesburg,ZA,ZA-GT,-26.140081,28.246801,large
JNG,Jining Da'an Airport,Jining,CN,CN-37,35.647358,116.743269,medium
JNH,Jiaxing Nanhu Airport,"Xiuzhou, Hangzhou",CN,CN-33,30.698056,120.663056,medium
JNU,Juneau International Airport,Juneau,US,US-AK,58.354935,-134.574416,medium
JNX,Naxos Island National Airport,Naxos,GR,GR-L,37.0811,25.368099,small
JNZ,Jinzhou Bay Airport,Jinzhou (Linghai),CN,CN-21,40.936032,121.277114,medium
JOE,Joensuu Airport,Joensuu,FI,FI-13,62.658815,29.619398,medium
JOG,Adisutjipto International Airport,Yogyakarta,ID,ID-YO,-7.78818,110.431999,medium
JOI,Lauro Carneiro de Loyola Airport,Joinville,BR,BR-SC,-26.224501,-48.797401,medium
JOL,Jolo Airport,Jolo,PH,PH-SLU,6.05367,121.011002,medium
JOS,Yakubu Gowon Airport,Jos,NG,NG-PL,9.639829635620117,8.869050025939941,medium
JPA,Presidente Castro Pinto International Airport,João Pessoa,BR,BR-PB,-7.148691,-34.950554,large
JPE,Nagib Demachki Airport,Paragominas,BR,BR-PA,-3.019798,-47.316474,small
JPR,Ji-Paraná Airport,Ji-Paraná,BR,BR-RO,-10.870743,-61.846675,small
JQA,Qaarsut Airport,Uummannaq,GL,GL-AV,70.7342,-52.696201,small
JRG,Jharsuguda Airport,,IN,IN-OR,21.9135,84.0504,small
JRH,Jorhat Airport,Jorhat,IN,IN-AS,26.730456,94.175416,medium
JRO,Kilimanjaro International Airport,Arusha,TZ,TZ-01,-3.427049,37.07353,large
JSA,Jaisalmer Airport,,IN,IN-RJ,26.8887,70.864998,medium
JSH,Sitia Airport,Crete Island,GR,GR-M,35.21609878540039,26.101299285888672,medium
JSI,Skiathos Island National Airport,Skiathos,GR,GR-E,39.177101,23.5037,medium
JSJ,Jiansanjiang Shidi Airport,Jiansanjiang,CN,CN-23,47.108248,132.65792,medium
JSK,Jask Airport,Bandar-e-Jask,IR,IR-22,25.654757,57.801718,small
JSR,Jessore Airport,Jashore (Jessore),BD,BD-D,23.1838,89.160797,medium
JST,John Murtha Johnstown Cambria County Airport,Johnstown,US,US-PA,40.31610107421875,-78.83390045166016,medium
JSU,Maniitsoq Airport,Maniitsoq,GL,GL-QA,65.412498,-52.9394,small
JSY,Syros Airport,Syros Island,GR,GR-L,37.4227981567,24.950899124099998,small
JTC,Bauru/Arealva–Moussa Nakhal Tobias State Airport,Bauru,BR,BR-SP,-22.160755,-49.070325,medium
JTR,Santorini International Airport,Santorini Island,GR,GR-L,36.400045,25.478638,large
JTY,Astypalaia Airport,Astypalaia Island,GR,GR-L,36.5798988342,26.3757991791,small
JUB,Juba International Airport,Juba,SS,SS-EC,4.87201,31.601101,large
JUH,Chizhou Jiuhuashan Airport,Chizhou,CN,CN-34,30.7403,117.6856,small
JUI,Juist Airport,Juist,DE,DE-NI,53.681421,7.056398,small
JUJ,Gobernador Horacio Guzman International Airport,San Salvador de Jujuy,AR,AR-Y,-24.392799,-65.097801,large
JUL,Inca Manco Capac International Airport,Juliaca,PE,PE-PUN,-15.467689,-70.15653,large
JUM,Jumla Airport,Jumla,NP,NP-P6,29.2742,82.193298,small
JUV,Upernavik Airport,Upernavik,GL,GL-AV,72.790199,-56.1306,small
JUZ,Quzhou Airport,Quzhou (Kezheng),CN,CN-33,28.96613,118.898793,medium
JXA,Jixi Xingkaihu Airport,Jixi,CN,CN-23,45.293,131.193,medium
JYV,Jyväskylä Airport,Jyväskylän Maalaiskunta,FI,FI-08,62.399502,25.678301,medium
JZH,Jiuzhai Huanglong Airport,Ngawa (Songpan),CN,CN-51,32.853333,103.682222,medium
KAA,Kasama Airport,Kasama,ZM,ZM-05,-10.210169,31.123045,small
KAB,Kariba Airport,Kariba,ZW,ZW-MW,-16.5198,28.885,medium
KAC,Qamishli International Airport,Qamishli,SY,SY-HA,37.020599,41.191399,medium
KAD,Kaduna International Airport,Kaduna,NG,NG-KD,10.696,7.32011,large
KAI,Kaieteur Airport,Kaieteur Falls,GY,GY-PT,5.177349,-59.48898,medium
KAJ,Kajaani Airport,Kajaani,FI,FI-05,64.2855,27.6924,medium
KAL,Kaltag Airport,Kaltag,US,US-AK,64.31864,-158.74197,small
KAN,Mallam Aminu Kano International Airport,Kano,NG,NG-KN,12.045613,8.523566,large
KAO,Kuusamo Airport,Kuusamo,FI,FI-14,65.987602,29.239401,medium
KAT,Kaitaia Airport,Awanui,NZ,NZ-NTL,-35.069837,173.287053,medium
KAW,Kawthoung Airport,Kawthoung,MM,MM-05,10.049300193786621,98.53800201416016,medium
KAX,Kalbarri Airport,Kalbarri,AU,AU-WA,-27.692813,114.259169,small
KBC,Birch Creek Airport,Birch Creek,US,US-AK,66.2740020752,-145.824005127,small
KBL,Kabul International Airport,Kabul,AF,AF-KAB,34.565899,69.212303,large
KBR,Sultan Ismail Petra Airport,Kota Baharu,MY,MY-03,6.1668500900268555,102.29299926757812,medium
KBU,Gusti Syamsir Alam Airport,Stagen,ID,ID-KS,-3.294796,116.163815,small
KBV,Krabi International Airport,Krabi,TH,TH-81,8.095591,98.988955,large
KCA,Kuqa Qiuci Airport,Kuqa,CN,CN-65,41.677856,82.872917,small
KCG,Chignik Airport,Chignik,US,US-AK,56.311501,-158.373001,small
KCH,Kuching International Airport,Kuching,MY,MY-13,1.487364,110.352859,large
KCM,Kahramanmaraş Airport,Kahramanmaraş,TR,TR-46,37.5388259888,36.9535217285,medium
KCQ,Chignik Lake Airport,Chignik Lake,US,US-AK,56.255001,-158.774994,small
KCT,Koggala Airport,Galle,LK,LK-3,5.993680000305176,80.32029724121094,medium
KCY,Krasnoyarsk Cheremshanka Airport,Krasnoyarsk,RU,RU-KYA,56.177584,92.545881,medium
KCZ,Kochi Ryoma Airport,Nankoku,JP,JP-39,33.545217,133.670166,large
KDD,Khuzdar Airport,Khuzdar,PK,PK-BA,27.790599823,66.6473007202,small
KDH,Ahmad Shah Baba International Airport,Kandahar,AF,AF-KAN,31.505769,65.847963,large
KDI,Haluoleo Airport,Kendari,ID,ID-SG,-4.08161,122.417999,small
KDL,Kärdla Airport,Kärdla,EE,EE-39,58.99079895019531,22.830699920654297,medium
KDM,Kaadedhdhoo Airport,Huvadhu Atoll,MV,MV-28,0.488131,72.996902,medium
KDO,Kadhdhoo Airport,Kadhdhoo,MV,MV-05,1.8591699600219727,73.52189636230469,medium
KDU,Skardu International Airport,Skardu,PK,PK-GB,35.33866,75.538648,large
KDV,Vunisea Airport,Vunisea,FJ,FJ-E,-19.058099746699998,178.156997681,small
KEB,Nanwalek Airport,Nanwalek,US,US-AK,59.3521,-151.925003,small
KEF,Keflavik International Airport,Reykjavík,IS,IS-2,63.985001,-22.6056,large
KEJ,Alexei Leonov Kemerovo International Airport,Kemerovo,RU,RU-KEM,55.2701,86.107201,large
KEM,Kemi-Tornio Airport,Kemi / Tornio,FI,FI-10,65.778701782227,24.582099914551,medium
KEP,Nepalgunj Airport,Nepalgunj,NP,NP-P5,28.1036,81.667,medium
KER,Ayatollah Hashemi Rafsanjani International Airport,Kerman,IR,IR-08,30.271276,56.949692,large
KET,Kengtung Airport,Kengtung,MM,MM-17,21.301599502563477,99.63600158691406,medium
KEW,Keewaywin Airport,Keewaywin,CA,CA-ON,52.9911,-92.836403,small
KFG,Kalkgurung Airport,,AU,AU-NT,-17.431900024414062,130.80799865722656,small
KFP,False Pass Airport,False Pass,US,US-AK,54.84751,-163.407168,small
KFS,Kastamonu Airport,Kastamonu,TR,TR-37,41.314201,33.795799,medium
KGA,Kananga Airport,Kananga,CD,CD-KC,-5.90005,22.4692,medium
KGC,Kingscote Airport,,AU,AU-SA,-35.71390151977539,137.52099609375,medium
KGD,Khrabrovo Airport,Kaliningrad,RU,RU-KGD,54.89161,20.598559,large
KGE,Kaghau Airport,Kagau Island,SB,SB-CH,-7.3305,157.585,small
KGF,Sary-Arka Airport,Karaganda,KZ,KZ-KAR,49.670799,73.334396,large
KGI,Kalgoorlie Boulder Airport,Broadwood,AU,AU-WA,-30.791543,121.464586,medium
KGK,Koliganek Airport,Koliganek,US,US-AK,59.726600647,-157.259002686,small
KGL,Kigali International Airport,Kigali,RW,RW-01,-1.96863,30.1395,large
KGP,Kogalym International Airport,Kogalym,RU,RU-KHM,62.190399169921875,74.53379821777344,medium
KGS,"Kos International Airport ""Ippokratis""",Kos Island,GR,GR-L,36.794523,27.09115,large
KGT,Kangding Airport,Garzê (Kangding),CN,CN-51,30.142464,101.73872,medium
KGX,Grayling Airport,Grayling,US,US-AK,62.895187,-160.066289,small
KHD,Khoram Abad Airport,,IR,IR-15,33.43539810180664,48.282901763916016,medium
KHE,Kherson International Airport,Kherson,UA,UA-65,46.6758,32.506401,medium
KHG,Kashgar Laining International Airport,Kashgar,CN,CN-65,39.542273,76.02023,large
KHH,Kaohsiung International Airport,Kaohsiung (Xiaogang),TW,TW-KHH,22.577101,120.349998,large
KHI,Jinnah International Airport,Karachi,PK,PK-SD,24.9065,67.160797,large
KHK,Khark Airport,Khark,IR,IR-18,29.260503,50.322193,medium
KHM,Kanti Airport,Kanti,MM,MM-01,25.9883,95.6744,small
KHN,Nanchang Changbei International Airport,Nanchang,CN,CN-36,28.864815,115.90271,large
KHS,Khasab Airport,Khasab,OM,OM-MU,26.171,56.240601,medium
KHT,Khost International Airport,Khost,AF,AF-KHO,33.284605,69.80734,medium
KHV,Khabarovsk Novy Airport,Khabarovsk,RU,RU-KHA,48.528338,135.188588,medium
KHX,Savannah Airstrip,Kihihi,UG,UG-W,-0.7165,29.6997,medium
KHZ,Kauehi Airport,Kauehi,PF,PF-U-A,-15.780622,-145.128443,small
KIE,Aropa Airport,Kieta,PG,PG-NSB,-6.305727,155.728249,small
KIF,Kingfisher Lake Airport,Kingfisher Lake,CA,CA-ON,53.01250076293945,-89.85530090332031,small
KIH,Kish International Airport,Kish Island,IR,IR-22,26.525427,53.980462,large
KIJ,Niigata Airport,Niigata,JP,JP-15,37.954166,139.112189,large
KIK,Kirkuk International Airport,Kirkuk,IQ,IQ-TS,35.469501,44.3489,large
KIM,Kimberley Airport,Kimberley,ZA,ZA-NC,-28.805401,24.764872,large
KIN,Norman Manley International Airport,Kingston,JM,JM-01,17.935699462890625,-76.7874984741211,large
KIO,Kili Airport,Kili Island,MH,MH-KIL,5.64386,169.124586,small
KIR,Kerry Airport,Farranfore,IE,IE-KY,52.180901,-9.52378,medium
KIS,Kisumu International Airport,Kisumu,KE,KE-42,-0.086139,34.728901,large
KIT,Kithira Airport,Kithira Island,GR,GR-I,36.273978,23.016719,small
KIX,Kansai International Airport,Osaka,JP,JP-27,34.427299,135.244003,large
KJA,Krasnoyarsk International Airport,Krasnoyarsk,RU,RU-KYA,56.175743,92.485788,large
KJB,Kurnool Airport,Orvakal,IN,IN-AP,15.716288,78.16923,medium
KJH,Kaili Huangping Airport,Kaili  (Huangping),CN,CN-52,26.972,107.988,medium
KJI,Burqin Kanas Airport,Burqin,CN,CN-65,48.2223,86.9959,medium
KJT,Kertajati International Airport,Kertajati,ID,ID-JB,-6.647384,108.165561,medium
KKA,Koyuk Alfred Adams Airport,Koyuk,US,US-AK,64.939499,-161.154007,small
KKC,Khon Kaen Airport,Khon Kaen,TH,TH-40,16.466600418099997,102.783996582,medium
KKE,Kerikeri Airport,Kerikeri,NZ,NZ-NTL,-35.259148,173.913317,medium
KKH,Kongiganak Airport,Kongiganak,US,US-AK,59.9608,-162.880997,small
KKI,Akiachak Airport,Akiachak,US,US-AK,60.913809,-161.493329,small
KKJ,Kitakyushu Airport,Kitakyushu,JP,JP-40,33.845901,131.035004,large
KKN,"Kirkenes Airport, Høybuktmoen",Kirkenes,NO,NO-56,69.7258,29.8913,medium
KKR,Kaukura Airport,Raitahiti,PF,PF-U-A,-15.6633,-146.884995,medium
KKS,Kashan Airport,Kashan,IR,IR-10,33.895302,51.577,medium
KKW,Kikwit Airport,Kikwit,CD,CD-KL,-5.03577,18.785601,medium
KKX,Kikai Airport,Kikai,JP,JP-46,28.321300506599997,129.927993774,medium
KLG,Kalskag Airport,Kalskag,US,US-AK,61.53630065917969,-160.34100341796875,small
KLH,Kolhapur Airport,Kolhapur,IN,IN-MM,16.6647,74.289398,medium
KLN,Larsen Bay Airport,Larsen Bay,US,US-AK,57.53516,-153.976455,small
KLO,Kalibo International Airport,Kalibo,PH,PH-AKL,11.6794,122.375999,large
KLP,Seruyan Kuala Pembuang Airport,Seruyan,ID,ID-KT,-3.376062,112.536521,small
KLR,Kalmar Airport,Kalmar,SE,SE-H,56.685501,16.2876,medium
KLU,Klagenfurt Airport,Klagenfurt am Wörthersee,AT,AT-2,46.642502,14.3377,large
KLV,Karlovy Vary Airport,Karlovy Vary,CZ,CZ-KA,50.202999,12.915,large
KLW,Klawock Airport,Klawock,US,US-AK,55.579201,-133.076004,medium
KLX,Kalamata Airport,Kalamata,GR,GR-J,37.06829833984375,22.02549934387207,medium
KMA,Kerema Airport,Kerema,PG,PG-GPK,-7.96361017227,145.770996094,medium
KMC,King Khaled Military City Airport,King Khaled Military City,SA,SA-04,27.9009,45.528198,medium
KME,Kamembe Airport,Kamembe,RW,RW-04,-2.462239980697632,28.907899856567383,medium
KMG,Kunming Changshui International Airport,Kunming,CN,CN-53,25.110313,102.936743,large
KMI,Miyazaki Airport,Miyazaki,JP,JP-45,31.877199,131.449005,large
KMJ,Kumamoto Airport,Kumamoto,JP,JP-43,32.837299,130.854996,large
KMN,Kamina City Airport,Kamina,CD,CD-HL,-8.728878,24.991407,small
KMO,Manokotak Airport,Manokotak,US,US-AK,58.932056,-158.901886,small
KMQ,Komatsu Airport / JASDF Komatsu Air Base,Kanazawa,JP,JP-17,36.393407,136.406895,large
KMS,Prempeh I International Airport,Kumasi,GH,GH-AH,6.71456,-1.59082,large
KMW,Kostroma Sokerkino Airport,Kostroma,RU,RU-KOS,57.796902,41.019402,medium
KND,Kindu Airport,Kindu,CD,CD-MA,-2.91917991638,25.915399551399997,medium
KNG,Utarom Airport,Kaimana,ID,ID-PB,-3.6446,133.695116,medium
KNH,Kinmen Airport,Shang-I,TW,TW-X-KM,24.4279,118.359001,medium
KNK,Kokhanok Airport,Kokhanok,US,US-AK,59.433248,-154.80217,small
KNO,Kualanamu International Airport,Beringin,ID,ID-SU,3.637847,98.870566,large
KNQ,Koné Airport,Koné,NC,NC-02,-21.053551,164.838768,medium
KNS,King Island Airport,,AU,AU-TAS,-39.877498626708984,143.8780059814453,medium
KNU,Kanpur Airport,Kanpur,IN,IN-UP,26.404301,80.410103,medium
KNW,New Stuyahok Airport,New Stuyahok,US,US-AK,59.451838,-157.373829,small
KNX,East Kimberley Regional (Kununurra) Airport,Kununurra,AU,AU-WA,-15.7781,128.707993,medium
KOA,Ellison Onizuka Kona International Airport at Keāhole,Kailua-Kona,US,US-HI,19.738783,-156.045603,large
KOC,Koumac Airport,Koumac,NC,NC-02,-20.546323,164.255648,small
KOE,El Tari Airport,Kupang,ID,ID-NT,-10.1716,123.670998,medium
KOI,Kirkwall Airport,"Kirkwall, Orkney Islands",GB,GB-SCT,58.957903,-2.905077,medium
KOJ,Kagoshima Airport,Kagoshima,JP,JP-46,31.8034,130.718994,large
KOK,Kokkola-Pietarsaari Airport,Kokkola / Kruunupyy,FI,FI-07,63.721199,23.143101,medium
KOP,Nakhon Phanom Airport,Nakhon Phanom,TH,TH-48,17.383801,104.642998,medium
KOS,Sihanouk International Airport,Preah Sihanouk,KH,KH-18,10.570557,103.632067,large
KOT,Kotlik Airport,Kotlik,US,US-AK,63.030602,-163.533005,small
KOV,Kokshetau International Airport,Kokshetau,KZ,KZ-AKM,53.329102,69.594597,large
KOW,Ganzhou Huangjin Airport,Ganzhou,CN,CN-36,25.853333,114.778889,small
KOZ,Ouzinkie Airport,Ouzinkie,US,US-AK,57.942094,-152.464314,small
KPN,Kipnuk Airport,Kipnuk,US,US-AK,59.931796,-164.028196,small
KPO,Pohang Airport (G-815/K-3),Pohang,KR,KR-47,35.987955,129.420383,medium
KPV,Perryville Airport,Perryville,US,US-AK,55.9065,-159.16091,small
KPW,Keperveem Airport,Keperveem,RU,RU-CHU,67.845001,166.139999,medium
KQA,Akutan Airport,Akutan,US,US-AK,54.14459,-165.604332,small
KQH,Kishangarh Airport Ajmer,Ajmer (Kishangarh),IN,IN-RJ,26.591007,74.812956,medium
KQR,Karara Airport,Karara,AU,AU-WA,-29.217223,116.687154,small
KQT,Bokhtar International Airport,Bokhtar,TJ,TJ-KT,37.866315,68.864475,large
KRB,Karumba Airport,,AU,AU-QLD,-17.45669937133789,140.8300018310547,small
KRC,Departi Parbo Airport,Sungai Penuh,ID,ID-JA,-2.094042,101.47025,small
KRE,Kirundo Airport,Kirundo,BI,BI-KI,-2.544772,30.094575,small
KRF,Kramfors-Sollefteå Höga Kusten Airport,Nyland,SE,SE-Y,63.048599,17.7689,medium
KRI,Kikori Airport,Kikori,PG,PG-GPK,-7.42438,144.250076,small
KRK,Kraków John Paul II International Airport,Balice,PL,PL-MA,50.077702,19.7848,large
KRL,Korla Licheng Airport,Korla,CN,CN-65,41.614979,86.140817,medium
KRN,Kiruna Airport,Kiruna,SE,SE-BD,67.821999,20.3368,large
KRO,Kurgan Airport,Kurgan,RU,RU-KGN,55.4753,65.415604,medium
KRP,Midtjyllands Airport / Air Base Karup,Karup,DK,DK-82,56.297139,9.104311,medium
KRR,Krasnodar Pashkovsky International Airport,Krasnodar,RU,RU-KDA,45.034465,39.174215,large
KRS,Kristiansand Airport,Kristiansand(Kjevik),NO,NO-42,58.204201,8.08537,large
KRT,Khartoum International Airport,Khartoum,SD,SD-03,15.5895,32.5532,large
KRW,Turkmenbaşy International Airport,Turkmenbaşy,TM,TM-B,40.062833,53.005085,medium
KRY,Karamay Airport,Karamay,CN,CN-65,45.46655,84.9527,small
KSA,Kosrae International Airport,Okat,FM,FM-KSA,5.35698,162.957993,large
KSC,Košice International Airport,Košice,SK,SK-KI,48.663101,21.2411,medium
KSD,Karlstad Airport,Karlstad,SE,SE-S,59.444698,13.3374,medium
KSF,Kassel Airport,Calden,DE,DE-HE,51.418395,9.391638,large
KSH,Shahid Ashrafi Esfahani Airport,Kermanshah,IR,IR-05,34.3459014893,47.1581001282,medium
KSJ,Kasos Airport,Kasos Island,GR,GR-L,35.4213981628,26.909999847399998,small
KSL,Kassala Airport,Kassala,SD,SD-05,15.387499809265137,36.328800201416016,medium
KSM,St Mary's Airport,St Mary's,US,US-AK,62.060501,-163.302002,small
KSN,Kostanay International Airport,Kostanay,KZ,KZ-KUS,53.206902,63.550301,large
KSO,Kastoria National Airport Aristotle,Argos Orestiko,GR,GR-C,40.446301,21.2822,small
KSQ,Karshi Airport,Karshi,UZ,UZ-QA,38.802246,65.773068,small
KSR,Selayar - Haji Aroeppala Airport,Benteng,ID,ID-SN,-6.17921,120.437479,small
KSU,"Kristiansund Airport, Kvernberget",Kvernberget,NO,NO-15,63.111801,7.82452,medium
KSY,Kars Airport,Kars,TR,TR-36,40.562198638916016,43.1150016784668,medium
KSZ,Kotlas Airport,Kotlas,RU,RU-ARK,61.235801696777344,46.6974983215332,medium
KTA,Karratha Airport,Karratha,AU,AU-WA,-20.712200164799995,116.773002625,medium
KTD,Kitadaito Airport,Kitadaitōjima,JP,JP-47,25.9447002411,131.32699585,medium
KTG,Rahadi Osman Airport,Ketapang,ID,ID-KB,-1.817165,109.963469,medium
KTI,Techo International Airport,Phnom Penh (Boeng Khyang),KH,KH-8,11.359987,104.921272,large
KTM,Tribhuvan International Airport,Kathmandu,NP,NP-P3,27.6966,85.3591,large
KTN,Ketchikan International Airport,Ketchikan,US,US-AK,55.35559845,-131.7140045,medium
KTP,Tinson Pen Airport,Tinson Pen,JM,JM-02,17.98859977722168,-76.82379913330078,medium
KTS,Brevig Mission Airport,Brevig Mission,US,US-AK,65.331826,-166.467848,small
KTT,Kittilä International Airport,Kittilä,FI,FI-10,67.700996,24.8468,large
KTW,Katowice Wojciech Korfanty International Airport,Katowice,PL,PL-SL,50.476015,19.080705,large
KUA,Kuantan Airport,Kuantan,MY,MY-06,3.7753899097442627,103.20899963378906,medium
KUD,Kudat Airport,Kudat,MY,MY-12,6.924111,116.837068,small
KUF,Kurumoch International Airport,Samara,RU,RU-SAM,53.504902,50.164299,large
KUG,Kubin Island Airport,Kubin Island,AU,AU-QLD,-10.22648,142.219619,small
KUH,Kushiro Airport,Kushiro,JP,JP-01,43.041,144.192993,medium
KUK,Kasigluk Airport,Kasigluk,US,US-AK,60.872747,-162.5247,small
KUL,Kuala Lumpur International Airport,Sepang,MY,MY-10,2.74558,101.709999,large
KUM,Yakushima Airport,Yakushima,JP,JP-46,30.385599,130.658997,medium
KUN,Kaunas International Airport,Kaunas,LT,LT-KU,54.963965,24.08582,large
KUO,Kuopio Airport,Kuopio / Siilinjärvi,FI,FI-15,63.007099,27.7978,large
KUS,Kulusuk Airport,Kulusuk,GL,GL-SE,65.573601,-37.1236,medium
KUT,David the Builder Kutaisi International Airport,Kopitnari,GE,GE-IM,42.177448,42.485353,large
KUU,Kullu Manali Airport,Bhuntar,IN,IN-HP,31.876699,77.154404,medium
KUV,Gunsan Airport / Gunsan Air Base,Gunsan,KR,KR-45,35.903801,126.615997,medium
KVA,Kavala Alexander the Great International Airport,Kavala,GR,GR-A,40.9133,24.6192,large
KVC,King Cove Airport,King Cove,US,US-AK,55.116299,-162.266006,small
KVG,Kavieng Airport,Kavieng,PG,PG-NIK,-2.57940006256,150.807998657,medium
KVK,Kirovsk-Apatity Airport,Apatity,RU,RU-MUR,67.462851,33.585294,small
KVL,Kivalina Airport,Kivalina,US,US-AK,67.734565,-164.559917,small
KVM,Markovo Airport,Markovo,RU,RU-CHU,64.665446,170.417626,small
KVO,Morava Airport,Kraljevo,RS,RS-18,43.817519,20.586662,medium
KVX,Pobedilovo Airport,Kirov,RU,RU-KIR,58.503883,49.347831,medium
KWA,Bucholz Army Air Field,Kwajalein,MH,MH-KWA,8.720120429992676,167.73199462890625,medium
KWB,Dewadaru Airport,Karimunjawa,ID,ID-JT,-5.80091,110.47838,small
KWE,Guiyang Longdongbao International Airport,Guiyang (Nanming),CN,CN-52,26.541805,106.80402,large
KWG,Kryvyi Rih International Airport,Kryvyi Rih,UA,UA-12,48.04330062866211,33.209999084472656,medium
KWI,Kuwait International Airport,Kuwait City,KW,KW-FA,29.224487,47.969813,large
KWJ,Gwangju Airport,Gwangju,KR,KR-29,35.123173,126.805444,medium
KWK,Kwigillingok Airport,Kwigillingok,US,US-AK,59.876499,-163.169005,small
KWL,Guilin Liangjiang International Airport,Guilin (Lingui),CN,CN-45,25.219828,110.039553,large
KWM,Kowanyama Airport,Kowanyama,AU,AU-QLD,-15.485369,141.752572,medium
KWN,Quinhagak Airport,Quinhagak,US,US-AK,59.7551,-161.845,small
KWT,Kwethluk Airport,Kwethluk,US,US-AK,60.790298,-161.444,small
KWZ,Kolwezi Airport,Kolwezi,CD,CD-LU,-10.7659,25.505699,medium
KXB,Sangia Nibandera Airport,Kolaka,ID,ID-SG,-4.338158,121.524047,medium
KXF,Koro Island Airport,Koro Island,FJ,FJ-E,-17.3458003998,179.42199707,small
KXK,Komsomolsk-on-Amur Airport,Komsomolsk-on-Amur,RU,RU-KHA,50.409,136.934006,medium
KXO,Kisoro Airport,Kisoro,UG,UG-W,-1.2837,29.7197,small
KYA,Konya Airport,Konya,TR,TR-42,37.979,32.561901,large
KYD,Lanyu Airport,Orchid Island,TW,TW-TTT,22.027000427246094,121.53500366210938,medium
KYK,Karluk Airport,Karluk,US,US-AK,57.565919,-154.453762,small
KYP,Kyaukpyu Airport,Kyaukpyu,MM,MM-16,19.42639923095703,93.53479766845703,medium
KYS,Kayes Dag Dag Airport,Kayes,ML,ML-1,14.482521,-11.399335,medium
KYU,Koyukuk Airport,Koyukuk,US,US-AK,64.876099,-157.727005,small
KYZ,Kyzyl Airport,Kyzyl,RU,RU-TY,51.669399,94.400597,medium
KZI,Kozani National Airport Filippos,Kozani,GR,GR-C,40.286098,21.840799,medium
KZN,Kazan International Airport,Kazan,RU,RU-TA,55.606201,49.278702,large
KZO,Korkyt Ata International Airport,Kyzylorda,KZ,KZ-KZY,44.706902,65.592499,large
KZR,Zafer Airport,Altıntaş,TR,TR-43,39.111107,30.130405,small
KZS,Kastelorizo Airport,Kastelorizo Island,GR,GR-L,36.141701,29.576401,small
LAD,Quatro de Fevereiro International Airport,Luanda,AO,AO-LUA,-8.85837,13.2312,large
LAE,Nadzab Tomodachi International Airport,Lae,PG,PG-MPL,-6.567995,146.726544,large
LAF,Purdue University Airport,West Lafayette,US,US-IN,40.412875,-86.939363,medium
LAJ,Lages Airport,Lages,BR,BR-SC,-27.782101,-50.281502,medium
LAK,Aklavik/Freddie Carmichael Airport,Aklavik,CA,CA-NT,68.223297,-135.00599,small
LAL,Lakeland Linder International Airport,Lakeland,US,US-FL,27.989267,-82.020715,medium
LAN,Capital Region International Airport,Lansing,US,US-MI,42.777582,-84.585721,medium
LAO,Laoag International Airport,Laoag City,PH,PH-ILN,18.175089,120.531006,large
LAP,Manuel Márquez de León International Airport,La Paz,MX,MX-BCS,24.072331,-110.362662,medium
LAQ,Al Abraq International Airport,Al Albraq,LY,LY-JA,32.789036,21.954864,large
LAR,Laramie Regional Airport,Laramie,US,US-WY,41.31209945678711,-105.67500305175781,medium
LAS,Harry Reid International Airport,Las Vegas,US,US-NV,36.083361,-115.151817,large
LAU,Manda Airport,Lamu,KE,KE-05,-2.252431,40.912892,medium
LAW,Lawton Fort Sill Regional Airport,Lawton,US,US-OK,34.567699,-98.416603,medium
LAX,Los Angeles International Airport,Los Angeles,US,US-CA,33.942501,-118.407997,large
LBA,Leeds Bradford Airport,"Leeds, West Yorkshire",GB,GB-ENG,53.865898,-1.66057,large
LBB,Lubbock Preston Smith International Airport,Lubbock,US,US-TX,33.663601,-101.822998,medium
LBC,Lübeck Blankensee Airport,Lübeck,DE,DE-SH,53.805401,10.7192,medium
LBD,Khujand International Airport,Khujand,TJ,TJ-SU,40.215401,69.694702,large
LBE,Arnold Palmer Regional Airport,Latrobe,US,US-PA,40.275902,-79.4048,medium
LBF,North Platte Regional Airport Lee Bird Field,North Platte,US,US-NE,41.12620163,-100.6839981,medium
LBG,Paris-Le Bourget International Airport,Paris,FR,FR-IDF,48.962276,2.436539,large
LBJ,Komodo Airport,"Labuan Bajo, Manggarai Barat",ID,ID-NT,-8.480694,119.888306,small
LBL,Liberal Mid-America Regional Airport,Liberal,US,US-KS,37.0442009,-100.9599991,medium
LBP,Long Banga Airport,Long Banga,MY,MY-13,3.202138,115.401811,small
LBR,Lábrea Airport,Lábrea,BR,BR-AM,-7.27897,-64.769501,small
LBS,Labasa Airport,Labasa,FJ,FJ-N,-16.4667,179.339996,medium
LBU,Labuan Airport,Labuan,MY,MY-15,5.301667,115.248333,medium
LBV,Libreville Leon M'ba International Airport,Libreville,GA,GA-1,0.458951,9.41214,large
LBW,Yuvai Semaring Airport,Long Bawan,ID,ID-KU,3.900495,115.690089,small
LCA,Larnaca International Airport,Larnaca,CY,CY-04,34.875099,33.624901,large
LCE,Golosón International Airport,La Ceiba,HN,HN-AT,15.7425,-86.852997,medium
LCG,A Coruña Airport,Culleredo,ES,ES-GA,43.302101,-8.37726,medium
LCH,Lake Charles Regional Airport,Lake Charles,US,US-LA,30.126100540161133,-93.22329711914062,medium
LCJ,Łódź Władysław Reymont Airport,Łódź,PL,PL-LD,51.721901,19.3981,large
LCK,Rickenbacker International Airport,Columbus,US,US-OH,39.813801,-82.927803,medium
LCR,Virgilio Barco Vargas (La Chorrera) Airport,La Chorrera,CO,CO-AMA,-1.456361,-72.801086,small
LCX,Liancheng Guanzhishan Airport,Longyan (Liancheng),CN,CN-35,25.67592,116.745907,medium
LCY,London City Airport,London,GB,GB-ENG,51.505299,0.055278,medium
LDB,Governor José Richa Airport,Londrina,BR,BR-PR,-23.334375,-51.128365,medium
LDE,Tarbes-Lourdes-Pyrénées Airport,Tarbes/Lourdes/Pyrénées,FR,FR-OCC,43.178699,-0.006439,medium
LDG,Leshukonskoye Airport,Leshukonskoye,RU,RU-ARK,64.896004,45.723,small
LDH,Lord Howe Island Airport,Lord Howe Island,AU,AU-NSW,-31.538204,159.07546,small
LDS,Yichun Lindu Airport,Yichun,CN,CN-23,47.752056,129.019125,medium
LDU,Lahad Datu Airport,Lahad Datu,MY,MY-12,5.03241,118.32376,medium
LDX,Saint-Laurent-du-Maroni Airport,Saint-Laurent-du-Maroni,GF,GF-SL,5.481891,-54.034964,medium
LDY,City of Derry Airport,"Derry, Derry and Strabane",GB,GB-NIR,55.042801,-7.16111,medium
LEA,Learmonth Airport,Exmouth,AU,AU-WA,-22.235201,114.090024,medium
LEB,Lebanon Municipal Airport,Lebanon,US,US-NH,43.626098632799994,-72.30419921880001,medium
LEC,Coronel Horácio de Mattos Airport,Lençóis,BR,BR-BA,-12.4823,-41.277,small
LED,Pulkovo Airport,St. Petersburg,RU,RU-SPE,59.800301,30.262501,large
LEI,Almería Airport,Almería,ES,ES-AN,36.843899,-2.3701,medium
LEJ,Leipzig/Halle Airport,Schkeuditz,DE,DE-SN,51.420657,12.232705,large
LEL,Lake Evella Airport,,AU,AU-NT,-12.498900413513184,135.80599975585938,small
LEN,León Airport,La Virgen del Camino,ES,ES-CL,42.590709,-5.653406,medium
LEQ,Land's End Airport,"Land's End, Cornwall",GB,GB-ENG,50.102798,-5.67056,small
LER,Leinster Airport,,AU,AU-WA,-27.843299865722656,120.7030029296875,medium
LET,Alfredo Vásquez Cobo International Airport,Leticia,CO,CO-AMA,-4.191147,-69.942003,medium
LEU,Pirineus - la Seu d'Urgel Airport,La Seu d'Urgell Pyrenees and Andorra,ES,ES-CT,42.3386,1.40917,medium
LEV,Levuka Airfield,Bureta,FJ,FJ-E,-17.7110996246,178.759002686,small
LEX,Blue Grass Airport,Lexington,US,US-KY,38.035066,-84.606738,medium
LFM,Lamerd Airport,Lamerd,IR,IR-07,27.3727,53.188801,medium
LFQ,Linfen Yaodu Airport,Linfen (Yaodu),CN,CN-14,36.132629,111.641236,medium
LFT,Lafayette Regional Airport,Lafayette,US,US-LA,30.205299,-91.987602,medium
LFW,Lomé–Tokoin International Airport,Lomé,TG,TG-M,6.16561,1.25451,large
LGA,LaGuardia Airport,New York,US,US-NY,40.777199,-73.872597,large
LGB,Long Beach International Airport,Long Beach,US,US-CA,33.816523,-118.149891,large
LGG,Liège Airport,Grâce-Hollogne,BE,BE-WLG,50.638574,5.443897,medium
LGI,Deadman's Cay Airport,Deadman's Cay,BS,BS-LI,23.1790008545,-75.09359741210001,medium
LGK,Langkawi International Airport,Langkawi,MY,MY-02,6.32973,99.728699,large
LGL,Long Lellang Airport,Long Datih,MY,MY-13,3.4210000038099997,115.153999329,small
LGW,London Gatwick Airport,London,GB,GB-ENG,51.148744,-0.185739,large
LGZ,Shannan Longzi Airport,Shannan,CN,CN-54,28.422422,92.348082,small
LHE,Allama Iqbal International Airport,Lahore,PK,PK-PB,31.521601,74.403603,large
LHG,Lightning Ridge Airport,,AU,AU-NSW,-29.452857,147.977146,medium
LHL,Lachin International Airport,Lachin,AZ,AZ-LAC,39.883787,46.363137,medium
LHR,London Heathrow Airport,London,GB,GB-ENG,51.470748,-0.459909,large
LHS,Las Heras Airport,Las Heras,AR,AR-Z,-46.538517,-68.965323,medium
LHW,Lanzhou Zhongchuan International Airport,Lanzhou (Yongdeng),CN,CN-62,36.515202,103.620003,large
LIF,Lifou Airport,Lifou,NC,NC-01,-20.774563,167.239328,medium
LIG,Limoges Airport,Limoges/Bellegarde,FR,FR-NAQ,45.862801,1.17944,medium
LIH,Lihue Airport,"Lihue, Kauai",US,US-HI,21.974393,-159.337146,large
LIK,Likiep Airport,Likiep Island,MH,MH-LIK,9.82316,169.307999,small
LIL,Lille Airport,Lesquin,FR,FR-HDF,50.566564,3.102429,large
LIM,Jorge Chávez International Airport,Lima,PE,PE-LIM,-12.0219,-77.114305,large
LIN,Milano Linate Airport,Segrate (MI),IT,IT-25,45.445099,9.27674,large
LIO,Limón International Airport,Limón,CR,CR-L,9.95796,-83.022003,medium
LIR,Daniel Oduber Quirós International Airport,Liberia,CR,CR-G,10.5933,-85.544403,large
LIS,Lisbon Humberto Delgado Airport,Lisbon,PT,PT-11,38.7813,-9.13592,large
LIT,Bill & Hillary Clinton National Airport/Adams Field,Little Rock,US,US-AR,34.729222,-92.223591,medium
LIW,Loikaw Airport,Loikaw,MM,MM-12,19.691499710083008,97.21479797363281,medium
LJG,Lijiang Sanyi International Airport,Lijiang,CN,CN-53,26.677483,100.244944,large
LJU,Ljubljana Jože Pučnik Airport,Zgornji Brnik,SI,SI-012,46.223701,14.4576,large
LKA,Larantuka Gewayentana Airport,Tiwatobi,ID,ID-NT,-8.274424,123.002,small
LKB,Lakeba Island Airport,Lakeba Island,FJ,FJ-E,-18.1991996765,-178.817001343,small
LKI,Lasikin Airport,Lubang,ID,ID-AC,2.411328,96.327722,small
LKL,"Lakselv Airport, Banak",Lakselv,NO,NO-56,70.068802,24.973499,medium
LKM,Bolaang Mongondow Airport,Lolak,ID,ID-SA,0.88855,124.033634,small
LKN,Leknes Airport,Leknes,NO,NO-18,68.152496337891,13.609399795532,medium
LKO,Chaudhary Charan Singh International Airport,Lucknow,IN,IN-UP,26.760599,80.889297,large
LLA,Luleå Airport,Luleå,SE,SE-BD,65.5438,22.122,large
LLB,Libo Airport,Qiannan (Libo),CN,CN-52,25.4525,107.961667,small
LLF,Yongzhou Lingling Airport,Yongzhou,CN,CN-43,26.338661,111.610043,medium
LLK,Lankaran International Airport,Lankaran,AZ,AZ-LA,38.757919,48.807042,small
LLO,Bua - Palopo Lagaligo Airport,Palopo,ID,ID-SN,-3.08227,120.244823,small
LLV,Lüliang Dawu Airport,Lüliang,CN,CN-61,37.683333,111.142778,medium
LLW,Kamuzu International Airport,Lumbadzi,MW,MW-LI,-13.7894,33.780998,large
LMA,Minchumina Airport,Minchumina,US,US-AK,63.886002,-152.302002,small
LMC,La Macarena Airport,La Macarena,CO,CO-MET,2.17565,-73.78674,small
LME,Le Mans-Arnage Airport,"Le Mans, Sarthe",FR,FR-PDL,47.948604,0.201702,medium
LMM,Valle del Fuerte International Airport,Los Mochis,MX,MX-SIN,25.685503,-109.081159,medium
LMN,Limbang Airport,Limbang,MY,MY-13,4.808300018310547,115.01000213623047,medium
LMP,Lampedusa Airport,Lampedusa,IT,IT-82,35.497898,12.6181,medium
LMY,Lake Murray Airport,Lake Murray,PG,PG-WPD,-7.00992,141.494003,small
LNB,Lamen Bay Airport,Lamen Bay,VU,VU-SEE,-16.584199905400002,168.158996582,small
LNE,Lonorore Airport,Lonorore,VU,VU-PAM,-15.865599632299999,168.17199707,small
LNJ,Lincang Boshang Airport,Lincang,CN,CN-53,23.7381,100.025002,medium
LNK,Lincoln Airport,Lincoln,US,US-NE,40.844882,-96.76178,medium
LNL,Longnan Chengzhou Airport,Longnan (Cheng),CN,CN-62,33.789918,105.790014,medium
LNO,Leonora Airport,Leonora,AU,AU-WA,-28.87809944152832,121.31500244140625,medium
LNS,Lancaster Airport,Lancaster,US,US-PA,40.121700286865234,-76.29609680175781,medium
LNU,Robert Atty Bessing,Malinau,ID,ID-KU,3.575256,116.619769,small
LNV,Londolovit Airport,Londolovit,PG,PG-NIK,-3.04361009598,152.628997803,small
LNY,Lanai Airport,Lanai City,US,US-HI,20.785675,-156.951324,medium
LNZ,Linz-Hörsching Airport,Linz,AT,AT-4,48.235362,14.188128,large
LOD,Longana Airport,Longana,VU,VU-PAM,-15.3066997528,167.966995239,small
LOE,Loei Airport,,TH,TH-42,17.43910026550293,101.72200012207031,medium
LOH,Ciudad de Catamayo Airport,La Toma (Catamayo),EC,EC-L,-3.995606,-79.371902,small
LOO,Laghouat - Molay Ahmed Medeghri Airport,Laghouat,DZ,DZ-03,33.7644,2.92834,medium
LOP,Lombok International Airport,"Mataram (Pujut, Lombok Tengah)",ID,ID-NB,-8.759962,116.278169,large
LOS,Murtala Muhammed International Airport,Lagos,NG,NG-LA,6.57737,3.32116,large
LPA,Gran Canaria Airport,Gran Canaria Island,ES,ES-CN,27.9319,-15.3866,large
LPB,El Alto International Airport,La Paz / El Alto,BO,BO-L,-16.510272,-68.189416,large
LPD,La Pedrera Airport,La Pedrera,CO,CO-AMA,-1.324882,-69.581294,small
LPF,Liupanshui Yuezhao Airport,Liupanshui (Zhongshan),CN,CN-52,26.609417,104.979,medium
LPI,Linköping City Airport,Linköping,SE,SE-E,58.404909,15.684499,large
LPK,Lipetsk Airport,Lipetsk,RU,RU-LIP,52.70280075073242,39.53779983520508,medium
LPL,Liverpool John Lennon Airport,Liverpool,GB,GB-ENG,53.334863,-2.849637,large
LPM,Lamap Airport,Lamap,VU,VU-MAP,-16.4611228,167.829253,small
LPP,Lappeenranta Airport,Lappeenranta,FI,FI-02,61.044601,28.144743,large
LPQ,Luang Phabang International Airport,Luang Phabang,LA,LA-LP,19.904273,102.167191,large
LPS,Lopez Island Airport,Lopez,US,US-WA,48.4838981628418,-122.93800354003906,small
LPT,Lampang Airport,,TH,TH-52,18.27090072631836,99.50420379638672,medium
LPU,Long Apung Airport,Long Apung-Borneo Island,ID,ID-KU,1.706932,114.969934,small
LPY,Le Puy-Loudes Airfield,"Chaspuzac, Haute-Loire",FR,FR-ARA,45.0807,3.76289,small
LQM,Caucaya Airport,Puerto Leguízamo,CO,CO-PUT,-0.182278,-74.7708,small
LRD,Laredo International Airport,Laredo,US,US-TX,27.5438,-99.461601,medium
LRE,Longreach Airport,Longreach,AU,AU-QLD,-23.43202,144.277492,medium
LRH,La Rochelle Île de Ré Airport,La Rochelle,FR,FR-NAQ,46.179199,-1.19528,medium
LRM,Casa De Campo International Airport,La Romana,DO,DO-12,18.452222,-68.911111,large
LRR,Lar Airport,Lar,IR,IR-07,27.6747,54.383301,medium
LRS,Leros Airport,Leros Island,GR,GR-L,37.184898,26.800301,small
LRT,Lorient South Brittany (Bretagne Sud) Airport,Lorient/Lann/Bihoué,FR,FR-BRE,47.760601,-3.44,medium
LRU,Las Cruces International Airport,Las Cruces,US,US-NM,32.289398,-106.921997,medium
LRV,Los Roques Airport,Gran Roque Island,VE,VE-W,11.946935,-66.668333,small
LSA,Losuia Airport,Losuia,PG,PG-MBA,-8.505820274353027,151.08099365234375,small
LSC,La Florida Airport,La Serena-Coquimbo,CL,CL-CO,-29.916201,-71.199501,medium
LSE,La Crosse Regional Airport,La Crosse,US,US-WI,43.879002,-91.256699,medium
LSG,Leshan Airport,Leshan (Wutongqiao),CN,CN-51,29.438627,103.749218,medium
LSH,Lashio Airport,Lashio,MM,MM-17,22.9778995513916,97.752197265625,medium
LSI,Sumburgh Airport,"Lerwick, Shetland",GB,GB-SCT,59.878899,-1.29556,medium
LSP,Josefa Camejo International Airport,Paraguaná,VE,VE-I,11.780775,-70.151497,medium
LSR,Alas Leuser Airport,Kutacane,ID,ID-AC,3.391456,97.863726,medium
LST,Launceston Airport,Launceston (Western Junction),AU,AU-TAS,-41.544935,147.210785,medium
LSW,Malikus Saleh Airport,Lhok Seumawe-Sumatra Island,ID,ID-AC,5.22668,96.950302,small
LSY,Lismore Airport,Lismore,AU,AU-NSW,-28.830689,153.258419,medium
LTD,Ghadames Airport,Ghadames,LY,LY-NL,30.145484,9.702095,medium
LTI,Altai Airport,Altai,MN,MN-065,46.376399993896484,96.22109985351562,medium
LTK,Latakia International Airport,Latakia,SY,SY-LA,35.4011,35.9487,medium
LTM,Lethem Airport,Lethem,GY,GY-UT,3.37276,-59.789398,medium
LTN,London Luton Airport,"Luton, Luton",GB,GB-ENG,51.874699,-0.368333,large
LTO,Loreto International Airport,Loreto,MX,MX-BCS,25.989549,-111.348408,large
LTT,La Môle Airport,Saint-Tropez,FR,FR-PAC,43.205399,6.482,small
LTU,Murod Kond Airport,Latur,IN,IN-MM,18.411501,76.464699,medium
LTX,Cotopaxi International Airport,Latacunga,EC,EC-X,-0.906833,-78.615799,medium
LUA,Tenzing-Hillary Airport,Lukla,NP,NP-P1,27.686768,86.729479,medium
LUD,Luderitz Airport,Luderitz,NA,NA-KA,-26.687400817871094,15.242899894714355,medium
LUG,Lugano Airport,Agno,CH,CH-TI,46.004299,8.91058,medium
LUK,Cincinnati Municipal Airport Lunken Field,Cincinnati,US,US-OH,39.102357,-84.418945,medium
LUM,Dehong Mangshi International Airport,Dehong (Mangshi),CN,CN-53,24.4011,98.5317,medium
LUN,Kenneth Kaunda International Airport,Lusaka,ZM,ZM-09,-15.330833,28.452722,large
LUP,Kalaupapa Airport,Kalaupapa,US,US-HI,21.211,-156.973999,small
LUQ,Brigadier Mayor D Cesar Raul Ojeda Airport,San Luis,AR,AR-D,-33.273201,-66.3564,medium
LUR,Cape Lisburne LRRS Airport,Cape Lisburne,US,US-AK,68.875099,-166.110001,medium
LUV,Karel Sadsuitubun Airport,Langgur,ID,ID-MA,-5.760278,132.759444,medium
LUX,Luxembourg-Findel International Airport,Luxembourg,LU,LU-L,49.626845,6.212134,large
LUZ,Lublin Airport,Lublin,PL,PL-LU,51.240157,22.713461,large
LVI,Harry Mwanga Nkumbula International Airport,Livingstone,ZM,ZM-07,-17.821524,25.819642,large
LVO,Laverton Airport,Laverton,AU,AU-WA,-28.614267,122.428673,small
LWB,Greenbrier Valley Airport,Lewisburg,US,US-WV,37.857914,-80.400438,medium
LWK,Lerwick / Tingwall Airport,"Lerwick, Shetland Islands",GB,GB-SCT,60.1922,-1.24361,small
LWN,Shirak International Airport,Gyumri,AM,AM-SH,40.750401,43.859299,large
LWO,Lviv International Airport,Lviv,UA,UA-46,49.8125,23.9561,large
LWS,Lewiston Nez Perce County Airport,Lewiston,US,US-ID,46.3745002746582,-117.01499938964844,medium
LWY,Lawas Airport,Lawas,MY,MY-13,4.84917,115.407997,small
LXA,Lhasa Gonggar International Airport,Shannan (Gonggar),CN,CN-54,29.298001,90.911951,large
LXG,Luang Namtha Airport,Luang Namtha,LA,LA-LM,20.966999,101.400002,small
LXR,Luxor International Airport,Luxor,EG,EG-LX,25.671018,32.706446,large
LXS,Limnos Airport,Limnos Island,GR,GR-K,39.917098999,25.236299514799995,small
LYA,Luoyang Beijiao Airport,Luoyang (Laocheng),CN,CN-41,34.7411,112.388,large
LYC,Lycksele Airport,Lycksele,SE,SE-AC,64.548302,18.7162,medium
LYG,Lianyungang Huaguoshan International Airport,Lianyungang,CN,CN-32,34.41406,119.17899,large
LYH,Lynchburg Regional Airport - Preston Glenn Field,Lynchburg,US,US-VA,37.326698,-79.200401,medium
LYI,Linyi Qiyang Airport,Linyi (Hedong),CN,CN-37,35.052918,118.411828,medium
LYP,Faisalabad International Airport,Faisalabad,PK,PK-PB,31.364923,72.995319,large
LYR,"Svalbard Airport, Longyear",Longyearbyen,NO,NO-21,78.246101,15.4656,medium
LYS,Lyon Saint-Exupéry Airport,"Colombier-Saugnieu, Rhône",FR,FR-ARA,45.725996,5.090139,large
LZG,Langzhong Gucheng Airport,Nanchong (Langzhong),CN,CN-51,31.50191,106.034417,medium
LZH,Liuzhou Bailian Airport / Bailian Air Base,Liuzhou (Liujiang),CN,CN-45,24.2075,109.390999,medium
LZN,Matsu Nangan Airport,Matsu (Nangan),TW,TW-LIE,26.159656,119.958376,medium
LZO,Luzhou Yunlong Airport,Luzhou (Yunlong),CN,CN-51,29.030357,105.468407,medium
LZY,Nyingchi Mainling Airport,Nyingchi (Mainling),CN,CN-54,29.303301,94.335297,medium
MAA,Chennai International Airport,Chennai,IN,IN-TN,12.990005,80.169296,large
MAB,João Correa da Rocha Airport,Marabá,BR,BR-PA,-5.36859,-49.138,medium
MAD,Adolfo Suárez Madrid–Barajas Airport,Madrid,ES,ES-MD,40.493407,-3.572249,large
MAF,Midland International Air and Space Port,Midland,US,US-TX,31.942499,-102.202003,medium
MAG,Madang Airport,Madang,PG,PG-MPM,-5.20707988739,145.789001465,medium
MAH,Menorca Airport,Mahón (Maó),ES,ES-IB,39.862598,4.21865,large
MAJ,Marshall Islands International Airport,Majuro Atoll,MH,MH-MAJ,7.06511,171.271656,large
MAK,Malakal International Airport,Malakal,SS,SS-NU,9.558739,31.651937,medium
MAM,General Servando Canales International Airport,Matamoros,MX,MX-TAM,25.7698993683,-97.5252990723,medium
MAN,Manchester Airport,"Manchester, Greater Manchester",GB,GB-ENG,53.349375,-2.279521,large
MAO,Eduardo Gomes International Airport,Manaus,BR,BR-AM,-3.03861,-60.049702,large
MAQ,Mae Sot Airport,,TH,TH-63,16.699899673461914,98.54509735107422,medium
MAR,La Chinita International Airport,Maracaibo,VE,VE-V,10.557542,-71.729307,large
MAS,Momote Airport,Manus Island,PG,PG-MRL,-2.06189,147.423996,medium
MAU,Maupiti Airport,,PF,PF-U-A,-16.42650032043457,-152.24400329589844,medium
MAZ,Eugenio Maria De Hostos Airport,Mayaguez,PR,PR-U-A,18.255699157714844,-67.14849853515625,medium
MBA,Moi International Airport,Mombasa,KE,KE-01,-4.03483,39.5942,large
MBD,Mmabatho International Airport,Mafeking,ZA,ZA-NW,-25.798400878900004,25.548000335699996,medium
MBE,Monbetsu Airport,Monbetsu,JP,JP-01,44.303901672399995,143.404006958,medium
MBI,Songwe Airport,Mbeya,TZ,TZ-14,-8.919942,33.273981,medium
MBJ,Sangster International Airport,Montego Bay,JM,JM-08,18.50342,-77.91323,large
MBL,Manistee County Blacker Airport,Manistee,US,US-MI,44.272707,-86.246495,small
MBS,MBS International Airport,Freeland,US,US-MI,43.533181,-84.083104,medium
MBT,Moises R. Espinosa Airport,Masbate,PH,PH-MAS,12.369682,123.630095,medium
MBW,Melbourne Moorabbin Airport,Melbourne,AU,AU-VIC,-37.977765,145.099799,medium
MBX,Maribor Edvard Rusjan Airport,Maribor,SI,SI-160,46.4799,15.6861,medium
MCE,Merced Regional Macready Field,Merced,US,US-CA,37.284698,-120.514,medium
MCG,McGrath Airport,McGrath,US,US-AK,62.95289993,-155.6060028,medium
MCI,Kansas City International Airport,Kansas City,US,US-MO,39.301699,-94.713893,large
MCK,McCook Ben Nelson Regional Airport,McCook,US,US-NE,40.207787,-100.592794,medium
MCN,Middle Georgia Regional Airport,Macon,US,US-GA,32.69279861450195,-83.64920043945312,medium
MCO,Orlando International Airport,Orlando,US,US-FL,28.429399490356445,-81.30899810791016,large
MCP,Macapá - Alberto Alcolumbre International Airport,Macapá,BR,BR-AP,0.050664,-51.072201,medium
MCT,Muscat International Airport,Muscat/Seeb,OM,OM-MA,23.600218,58.285268,large
MCV,McArthur River Mine Airport,McArthur River Mine,AU,AU-NT,-16.4424991608,136.083999634,small
MCW,Mason City Municipal Airport,Mason City,US,US-IA,43.159801,-93.329716,medium
MCX,Makhachkala Uytash International Airport,Makhachkala,RU,RU-DA,42.816799,47.652302,large
MCY,Sunshine Coast Airport,Maroochydore,AU,AU-QLD,-26.593324,153.08319,large
MCZ,Zumbi dos Palmares International Airport,Maceió,BR,BR-AL,-9.512559,-35.791839,large
MDC,Sam Ratulangi International Airport,Manado,ID,ID-SA,1.548591,124.92625,large
MDE,Jose Maria Córdova International Airport,Medellín,CO,CO-ANT,6.16454,-75.4231,large
MDG,Mudanjiang Hailang International Airport,Mudanjiang,CN,CN-23,44.525172,129.568634,medium
MDI,Makurdi Airport,Makurdi,NG,NG-BE,7.70388,8.61394,medium
MDK,Mbandaka Airport,Mbandaka,CD,CD-EQ,0.0226000007242,18.2887001038,medium
MDL,Mandalay International Airport,Mandalay,MM,MM-04,21.702199935913086,95.97789764404297,large
MDQ,Ástor Piazzola International Airport,Mar del Plata,AR,AR-B,-37.9342,-57.5733,medium
MDT,Harrisburg International Airport,Harrisburg,US,US-PA,40.192838,-76.762333,medium
MDU,Mendi Airport,Mendi,PG,PG-SHM,-6.14774,143.656998,medium
MDW,Chicago Midway International Airport,Chicago,US,US-IL,41.785999,-87.752403,large
MDZ,Governor Francisco Gabrielli International Airport,Mendoza,AR,AR-M,-32.831699,-68.7929,large
MEB,Melbourne Essendon Airport,Essendon Fields,AU,AU-VIC,-37.7281,144.901993,medium
MEC,Eloy Alfaro International Airport,Manta,EC,EC-M,-0.9460780024528503,-80.67880249023438,medium
MED,Prince Mohammad Bin Abdulaziz Airport,Medina,SA,SA-03,24.5534,39.705101,large
MEE,Maré Airport,Maré,NC,NC-01,-21.482438,168.038465,medium
MEG,Malanje Airport,Malanje,AO,AO-MAL,-9.525090217590332,16.312400817871094,medium
MEH,Mehamn Airport,Mehamn,NO,NO-56,71.029701,27.8267,medium
MEI,Key Field / Meridian Regional Airport,Meridian,US,US-MS,32.3326,-88.7519,medium
MEL,Melbourne Airport,Melbourne,AU,AU-VIC,-37.670732,144.837898,large
MEM,Memphis International Airport,Memphis,US,US-TN,35.043845,-89.97634,large
MEQ,Cut Nyak Dhien Airport,Kuala Pesisir,ID,ID-AC,4.040998,96.253312,medium
MEX,Mexico City Benito Juárez International Airport,Mexico City,MX,MX-DIF,19.435822,-99.07033,large
MFA,Mafia Airport,Kilindoni,TZ,TZ-19,-7.917478,39.668502,small
MFE,McAllen Miller International Airport,McAllen,US,US-TX,26.176141,-98.237965,medium
MFG,Muzaffarabad Airport,Muzaffarabad,PK,PK-JK,34.338835,73.508886,small
MFJ,Moala Airport,Moala,FJ,FJ-E,-18.566699981699998,179.951004028,small
MFK,Matsu Beigan Airport,Matsu (Beigan),TW,TW-LIE,26.22414,120.002679,medium
MFM,Macau International Airport,Nossa Senhora do Carmo,MO,MO-CAR,22.149599,113.592003,large
MFR,Rogue Valley International-Medford Airport,Medford,US,US-OR,42.374199,-122.873001,medium
MFU,Mfuwe International Airport,Mfuwe,ZM,ZM-03,-13.2589,31.9366,large
MGA,Augusto C. Sandino (Managua) International Airport,Managua,NI,NI-MN,12.1415,-86.168198,large
MGB,Mount Gambier Airport,Mount Gambier,AU,AU-SA,-37.744382,140.780561,medium
MGC,Michigan City Municipal Airport,Michigan City,US,US-IN,41.7033,-86.821198,medium
MGF,Regional de Maringá - Sílvio Name Júnior Airport,Maringá,BR,BR-PR,-23.47606,-52.016187,medium
MGH,Margate Airport,Margate,ZA,ZA-NL,-30.8574008942,30.343000412,medium
MGM,Montgomery Regional (Dannelly Field) Airport,Montgomery,US,US-AL,32.300598,-86.393997,medium
MGQ,Aden Adde International Airport,Mogadishu,SO,SO-BN,2.01444,45.304699,large
MGT,Milingimbi Airport,Milingimbi Island,AU,AU-NT,-12.0944004059,134.893997192,small
MGW,Morgantown Municipal Airport Walter L. (Bill) Hart Field,Morgantown,US,US-WV,39.643305,-79.917598,medium
MGZ,Myeik Airport,Mkeik,MM,MM-05,12.439800262451172,98.62149810791016,medium
MHC,Mocopulli Airport,Dalcahue,CL,CL-LL,-42.340388,-73.715693,small
MHD,Mashhad International Airport,Mashhad,IR,IR-09,36.234821,59.642949,large
MHG,Mannheim-City Airport,Mannheim,DE,DE-BW,49.473057,8.514167,medium
MHH,Leonard M. Thompson International Airport,Marsh Harbour,BS,BS-CO,26.510711,-77.084262,medium
MHK,Manhattan Regional Airport,Manhattan,US,US-KS,39.14099884033203,-96.6707992553711,medium
MHM,Manaoba Airport,Manaoba,SB,SB-ML,-8.325008,160.80051,small
MHQ,Mariehamn Airport,Mariehamn,FI,FI-01,60.1222,19.898199,medium
MHT,Manchester-Boston Regional Airport,Manchester,US,US-NH,42.932598,-71.435699,medium
MHU,Mount Hotham Airport,Mount Hotham,AU,AU-VIC,-37.0475006104,147.333999634,medium
MHX,Manihiki Island Airport,Manihiki Island,CK,CK-U-A,-10.38091,-160.999424,small
MIA,Miami International Airport,Miami,US,US-FL,25.796011,-80.289751,large
MID,Manuel Crescencio Rejón International Airport,Mérida,MX,MX-YUC,20.930485,-89.645462,large
MIG,Mianyang Nanjiao Airport,Mianyang (Fucheng),CN,CN-51,31.428101,104.740997,medium
MII,Frank Miloye Milenkowichi–Marília State Airport,Marília,BR,BR-SP,-22.196899,-49.926485,medium
MIJ,Mili Island Airport,Mili Island,MH,MH-MIL,6.084754,171.731419,small
MIM,Merimbula Airport,Merimbula,AU,AU-NSW,-36.9085998535,149.901000977,medium
MIR,Monastir Habib Bourguiba International Airport,Monastir,TN,TN-52,35.75809860229492,10.75469970703125,medium
MIS,Misima Island Airport,Misima Island,PG,PG-MBA,-10.689200401299999,152.837997437,small
MIU,Maiduguri International Airport,Maiduguri,NG,NG-BO,11.854163,13.080702,large
MJE,Majkin Airport,Majkin,MH,MH-NMU,8.163362,168.173862,small
MJF,"Mosjøen Airport, Kjærstad",Mosjøen,NO,NO-18,65.783997,13.2149,medium
MJI,Mitiga International Airport,Tripoli,LY,LY-TB,32.89177,13.287878,large
MJK,Shark Bay Airport,Denham,AU,AU-WA,-25.897294,113.575802,medium
MJM,Mbuji Mayi Airport,Mbuji Mayi,CD,CD-KE,-6.121240139010001,23.569000244099996,medium
MJN,Amborovy Airport,Mahajanga,MG,MG-M,-15.666842,46.351233,large
MJT,Mytilene International Airport,Mytilene,GR,GR-K,39.057406,26.598629,medium
MJY,Motygino Airport,Motygino,RU,RU-KYA,58.180921,94.745272,small
MJZ,Mirny Airport,Mirny,RU,RU-SA,62.534698486328125,114.03900146484375,medium
MKE,General Mitchell International Airport,Milwaukee,US,US-WI,42.947201,-87.896599,large
MKG,Muskegon County Airport,Muskegon,US,US-MI,43.169498,-86.238197,medium
MKK,Molokai Airport,Kaunakakai,US,US-HI,21.152901,-157.095993,medium
MKL,McKellar-Sipes Regional Airport,Jackson,US,US-TN,35.599899,-88.915604,medium
MKM,Mukah Airport,Mukah,MY,MY-13,2.881944,112.043333,medium
MKP,Makemo Airport,Makemo,PF,PF-U-A,-16.5839,-143.658005,medium
MKQ,Mopah International Airport,Merauke,ID,ID-PS,-8.523898,140.419693,medium
MKR,Meekatharra Airport,,AU,AU-WA,-26.6117000579834,118.5479965209961,medium
MKU,Makokou Airport,Makokou,GA,GA-6,0.5792109966278076,12.890899658203125,medium
MKW,Rendani Airport,Manokwari,ID,ID-PB,-0.891833,134.048996,medium
MKY,Mackay Airport,Mackay,AU,AU-QLD,-21.170816,149.182588,medium
MKZ,Malacca International Airport,Malacca,MY,MY-04,2.265613,102.252778,medium
MLA,Malta International Airport,Valletta,MT,MT-25,35.845932,14.491546,large
MLB,Melbourne Orlando International Airport,Melbourne,US,US-FL,28.102009,-80.641088,medium
MLE,Velana International Airport,Malé,MV,MV-MLE,4.19183,73.529099,large
MLG,Abdul Rachman Saleh Airport,Malang,ID,ID-JI,-7.929099,112.714233,medium
MLI,Quad City International Airport,Moline,US,US-IL,41.448502,-90.5075,medium
MLL,Marshall Don Hunter Sr Airport,Marshall,US,US-AK,61.8643,-162.026001,small
MLM,General Francisco J. Mujica International Airport,Morelia,MX,MX-MIC,19.849899,-101.025002,large
MLN,Melilla Airport,Melilla,ES,ES-ML,35.2798,-2.95626,medium
MLO,Milos Airport,Milos Island,GR,GR-L,36.696899,24.4769,small
MLU,Monroe Regional Airport,Monroe,US,US-LA,32.510899,-92.037697,medium
MLW,Spriggs Payne Airport,Monrovia,LR,LR-MO,6.28906,-10.7587,medium
MLX,Malatya Erhaç Airport,Malatya,TR,TR-44,38.435298919699996,38.0909996033,medium
MLY,Manley Hot Springs Airport,Manley Hot Springs,US,US-AK,64.99188,-150.644102,small
MMB,Memanbetsu Airport,Ōzora,JP,JP-01,43.8805999756,144.164001465,medium
MMD,Minamidaito Airport,Minamidaito,JP,JP-47,25.8465,131.263,medium
MME,Teesside International Airport,"Darlington, Durham",GB,GB-ENG,54.509201,-1.42941,medium
MMG,Mount Magnet Airport,,AU,AU-WA,-28.116100311279297,117.84200286865234,medium
MMH,Mammoth Yosemite Airport,Mammoth Lakes,US,US-CA,37.625381,-118.84306,medium
MMJ,Shinshu-Matsumoto Airport,Matsumoto,JP,JP-20,36.166801,137.923004,medium
MMK,Emperor Nicholas II Murmansk Airport,Murmansk,RU,RU-MUR,68.7817,32.750801,large
MMO,Maio Airport,Vila do Maio,CV,CV-S,15.155900001525879,-23.213699340820312,medium
MMX,Malmö Sturup Airport,Malmö,SE,SE-M,55.535564,13.376327,large
MMY,Miyako Airport,Miyakojima,JP,JP-47,24.782801,125.294998,medium
MNC,Nacala International Airport,Nacala,MZ,MZ-N,-14.4882,40.7122,medium
MNF,Mana Island Airport,Mana Island,FJ,FJ-W,-17.672844,177.0985,small
MNG,Maningrida Airport,Maningrida,AU,AU-NT,-12.0560998917,134.23399353,medium
MNI,John A. Osborne Airport,Gerald's Park,MS,MS-SP,16.791835,-62.193204,large
MNJ,Mananjary Airport,Mananjary,MG,MG-F,-21.201799,48.358299,medium
MNL,Ninoy Aquino International Airport,Manila (Pasay),PH,PH-00,14.5086,121.019997,large
MNT,Minto Al Wright Airport,Minto,US,US-AK,65.147991,-149.368658,small
MNU,Mawlamyine Airport,Mawlamyine,MM,MM-15,16.444700241088867,97.66069793701172,small
MNX,Manicoré Airport,Manicoré,BR,BR-AM,-5.81138,-61.278301,medium
MNY,Mono Airport,Stirling Island,SB,SB-WE,-7.41694,155.565002,small
MOB,Mobile Regional Airport,Mobile,US,US-AL,30.6912,-88.242798,medium
MOC,Mário Ribeiro Airport,Montes Claros,BR,BR-MG,-16.706919,-43.818901,medium
MOF,Frans Xavier Seda Airport,Waioti,ID,ID-NT,-8.639514,122.238135,small
MOG,Mong Hsat Airport,Mong Hsat,MM,MM-17,20.516799926757812,99.25679779052734,medium
MOH,Maleo Airport,Morowali,ID,ID-ST,-2.201143,121.662884,small
MOI,Mitiaro Island Airport,Mitiaro Island,CK,CK-U-A,-19.842501,-157.703003,small
MOJ,Moengo Airstrip,Moengo,SR,SR-MA,5.6076,-54.4003,small
MOL,"Molde Airport, Årø",Årø,NO,NO-15,62.744701,7.2625,medium
MOQ,Morondava Airport,Morondava,MG,MG-U,-20.2847,44.3176,medium
MOT,Minot International Airport,Minot,US,US-ND,48.25801,-101.279123,medium
MOU,Mountain Village Airport,Mountain Village,US,US-AK,62.095401763916016,-163.6820068359375,small
MOV,Moranbah Airport,Moranbah,AU,AU-QLD,-22.057800293,148.07699585,medium
MOZ,Moorea Temae Airport,Moorea-Maiao,PF,PF-U-A,-17.48979,-149.761777,medium
MPA,Katima Mulilo Airport,Mpacha,NA,NA-CA,-17.634258,24.176688,medium
MPC,Muko Muko Airport,Muko Muko,ID,ID-BE,-2.541058,101.087651,small
MPH,Godofredo P. Ramos Airport,Caticlan,PH,PH-AKL,11.9245,121.954002,medium
MPL,Montpellier-Méditerranée Airport,Montpellier/Méditerranée,FR,FR-OCC,43.576199,3.96301,large
MPM,Maputo Airport,Maputo,MZ,MZ-MPM,-25.920799,32.572601,large
MPN,Mount Pleasant Airport / RAF Mount Pleasant,Mount Pleasant,FK,FK-U-A,-51.822642,-58.445777,large
MPW,Mariupol International Airport,Mariupol,UA,UA-14,47.07609939575195,37.44960021972656,medium
MPY,Maripasoula Airport,Maripasoula,GF,GF-SL,3.655907,-54.039431,medium
MQC,Miquelon Airport,Miquelon,PM,PM-ML,47.095501,-56.380299,small
MQF,Magnitogorsk International Airport,Magnitogorsk,RU,RU-BA,53.391991,58.755235,large
MQJ,Moma Airport,Khonuu,RU,RU-SA,66.450861,143.261551,medium
MQL,Mildura Airport,Mildura,AU,AU-VIC,-34.229198455799995,142.085998535,medium
MQM,Mardin Airport,Mardin,TR,TR-47,37.223300933800004,40.6316986084,medium
MQN,"Mo i Rana Airport, Røssvoll",Mo i Rana,NO,NO-18,66.363899230957,14.301400184631,medium
MQP,Kruger Mpumalanga International Airport,Mbombela,ZA,ZA-MP,-25.383327,31.105325,large
MQS,Mustique Airport,Lovell,VC,VC-06,12.8879,-61.180199,medium
MQT,Marquette/Sawyer International Airport,Gwinn,US,US-MI,46.351498,-87.395884,medium
MQX,Mekele Alula Aba Nega Airport,Mekele,ET,ET-TI,13.4674,39.533501,medium
MRA,Misrata International Airport,Misrata,LY,LY-MI,32.325001,15.061,small
MRE,Mara Serena Lodge Airstrip,Serena,KE,KE-33,-1.404588,35.008349,medium
MRI,Merrill Field,Anchorage,US,US-AK,61.212792,-149.843988,medium
MRS,Marseille Provence Airport,"Marignane, Bouches-du-Rhône",FR,FR-PAC,43.438088,5.2125,large
MRU,Sir Seewoosagur Ramgoolam International Airport,Plaine Magnien,MU,MU-GP,-20.430201,57.683601,large
MRV,Mineralnye Vody Airport,Mineralnyye Vody,RU,RU-STA,44.225101,43.081902,large
MRX,Mahshahr Airport,Mahshahr,IR,IR-06,30.5562,49.151901,medium
MRY,Monterey Regional Airport,Monterey,US,US-CA,36.586777,-121.844183,medium
MRZ,Moree Airport,Moree,AU,AU-NSW,-29.498899459799997,149.845001221,medium
MSA,Muskrat Dam Airport,Muskrat Dam,CA,CA-ON,53.441399,-91.762802,small
MSJ,Misawa Airport / Misawa Air Base,Misawa,JP,JP-02,40.703201,141.367996,medium
MSL,Northwest Alabama Regional Airport,Muscle Shoals,US,US-AL,34.745123,-87.612981,medium
MSN,Dane County Regional Truax Field,Madison,US,US-WI,43.1399,-89.337502,medium
MSO,Missoula Montana Airport,Missoula,US,US-MT,46.915816,-114.091107,medium
MSP,Minneapolis–Saint Paul International Airport / Wold–Chamberlain Field,Minneapolis,US,US-MN,44.880081,-93.221741,large
MSQ,Minsk National Airport,Minsk,BY,BY-MI,53.888071,28.039964,large
MSR,Muş Airport,Muş,TR,TR-49,38.747798919677734,41.66120147705078,medium
MSS,Massena International Airport Richards Field,Massena,US,US-NY,44.936157,-74.844304,medium
MST,Maastricht Aachen Airport,Maastricht,NL,NL-LI,50.911087,5.769401,large
MSU,Moshoeshoe I International Airport,Maseru(Mazenod),LS,LS-A,-29.456277,27.554456,large
MSY,Louis Armstrong New Orleans International Airport,New Orleans,US,US-LA,29.993401,-90.264673,large
MSZ,Welwitschia Mirabilis International Airport,Moçâmedes,AO,AO-NAM,-15.2612,12.1468,medium
MTF,Mizan Teferi Airport,Mizan Teferi,ET,ET-SW,6.9571,35.5547,small
MTJ,Montrose Regional Airport,Montrose,US,US-CO,38.5098,-107.893997,medium
MTP,Montauk Airport,Montauk,US,US-NY,41.0765,-71.920797,small
MTR,Los Garzones Airport,Montería,CO,CO-COR,8.82374,-75.8258,medium
MTT,Minatitlán/Coatzacoalcos International Airport,Cosoleacaque,MX,MX-VER,18.103399,-94.580704,medium
MTY,Monterrey International Airport,Monterrey,MX,MX-NLE,25.778521,-100.106989,large
MUA,Munda Airport,Munda,SB,SB-WE,-8.32797,157.263,medium
MUB,Maun International Airport,Maun,BW,BW-NW,-19.970491,23.431409,large
MUC,Munich Airport,Munich,DE,DE-BY,48.353802,11.7861,large
MUE,Waimea Kohala Airport,Waimea (Kamuela),US,US-HI,20.001301,-155.667999,medium
MUH,Mersa Matruh International Airport,Marsa Matruh,EG,EG-MT,31.324313,27.22227,large
MUK,Mauke Airport,Mauke Island,CK,CK-U-A,-20.13610076904297,-157.34500122070312,small
MUN,José Tadeo Monagas International Airport,Maturín,VE,VE-N,9.749023,-63.153348,medium
MUR,Marudi Airport,Marudi,MY,MY-13,4.178734,114.330318,medium
MUX,Multan International Airport,Multan,PK,PK-PB,30.203199,71.419098,large
MUZ,Musoma Airport,Musoma,TZ,TZ-13,-1.503,33.8021,small
MVB,M'Vengue El Hadj Omar Bongo Ondimba International Airport,Franceville,GA,GA-2,-1.65616,13.438,medium
MVD,Carrasco General Cesáreo L. Berisso International Airport,Ciudad de la Costa,UY,UY-CA,-34.835647,-56.026497,large
MVF,Dix-Sept Rosado Airport,Mossoró,BR,BR-RN,-5.20192,-37.3643,medium
MVP,Fabio Alberto Leon Bentley Airport,Mitú,CO,CO-VAU,1.25366,-70.2339,medium
MVQ,Mogilev Airport,Mogilev,BY,BY-MA,53.954898834228516,30.09510040283203,medium
MVR,Salak Airport,Maroua,CM,CM-EN,10.451399803161621,14.257399559020996,medium
MVT,Mataiva Airport,,PF,PF-U-A,-14.8681001663208,-148.7169952392578,medium
MVY,Martha's Vineyard Airport,Martha's Vineyard,US,US-MA,41.3931007385,-70.6143035889,small
MWA,Veterans Airport of Southern Illinois,Marion,US,US-IL,37.751208,-89.016568,medium
MWL,Mineral Wells Regional Airport,Mineral Wells,US,US-TX,32.781601,-98.060204,medium
MWQ,Magway Airport,Magway,MM,MM-03,20.1656,94.941399,small
MWX,Muan International Airport,Muan (Piseo-ri),KR,KR-46,34.991406,126.382814,large
MWZ,Mwanza International Airport,Mwanza,TZ,TZ-18,-2.446563,32.936049,large
MXH,Moro Airport,Moro,PG,PG-SHM,-6.36332988739,143.238006592,small
MXL,General Rodolfo Sánchez Taboada International Airport,Mexicali,MX,MX-BCN,32.630629,-115.242805,medium
MXP,Milan Malpensa International Airport,Ferno (VA),IT,IT-25,45.6306,8.72811,large
MXV,Mörön Airport,Mörön,MN,MN-041,49.663677,100.100028,medium
MXW,Mandalgobi Airport,Mandalgobi,MN,MN-059,45.7380981445,106.268997192,small
MXX,Mora Airport,Mora,SE,SE-W,60.957901,14.5114,medium
MXZ,Meizhou Meixian Changgangji International Airport,Meizhou (Meixian),CN,CN-44,24.263425,116.097857,small
MYA,Moruya Airport,Moruya,AU,AU-NSW,-35.8978004456,150.143997192,medium
MYD,Malindi International Airport,Malindi,KE,KE-03,-3.22931,40.1017,medium
MYE,Miyakejima Airport,Miyakejima,JP,JP-13,34.073600769,139.559997559,medium
MYG,Mayaguana Airport,Abraham Bay Settlement,BS,BS-MG,22.379499,-73.013494,medium
MYI,Murray Island Airport,Murray Island,AU,AU-QLD,-9.915105,144.054644,small
MYJ,Matsuyama Airport,Matsuyama,JP,JP-38,33.826893,132.700114,large
MYK,May Creek Airport,May Creek,US,US-AK,61.335701,-142.686996,small
MYL,McCall Municipal Airport,McCall,US,US-ID,44.888837,-116.101112,medium
MYP,Mary International Airport,Mary,TM,TM-M,37.62353,61.895668,medium
MYQ,Mysore Airport,Mysore,IN,IN-KA,12.229751,76.653683,medium
MYR,Myrtle Beach International Airport,Myrtle Beach,US,US-SC,33.679699,-78.928299,large
MYT,Myitkyina Airport,Myitkyina,MM,MM-11,25.3836,97.351898,medium
MYU,Mekoryuk Airport,Mekoryuk,US,US-AK,60.372338,-166.269751,medium
MYW,Mtwara Airport,Mtwara,TZ,TZ-17,-10.336204,40.181997,medium
MYY,Miri Airport,Miri,MY,MY-13,4.32201,113.987,medium
MZG,Penghu Magong Airport,Huxi,TW,TW-PEN,23.568701,119.627998,large
MZH,Amasya Merzifon Airport,Amasya,TR,TR-05,40.829399,35.521999,small
MZI,Mopti Airport,Sévaré,ML,ML-5,14.5128,-4.07956,medium
MZL,La Nubia Airport,Manizales,CO,CO-CAL,5.0296,-75.4647,medium
MZO,Sierra Maestra International Airport,Manzanillo,CU,CU-12,20.288605,-77.087545,medium
MZQ,Mkuze Airport,Mkuze,ZA,ZA-NL,-27.626101,32.0443,medium
MZR,Mazar-i-Sharif International Airport,Mazar-i-Sharif,AF,AF-BAL,36.70412,67.210459,large
MZS,Moradabad Airport,Moradabad,IN,IN-UP,28.81746,78.92187,medium
MZT,General Rafael Buelna International Airport,Mazatlàn,MX,MX-SIN,23.162823,-106.264517,large
MZV,Mulu Airport,Mulu,MY,MY-13,4.048329830169678,114.80500030517578,medium
MZW,Mecheria Airport,Mecheria,DZ,DZ-45,33.5359,-0.242353,medium
NAA,Narrabri Airport,Narrabri,AU,AU-NSW,-30.3192005157,149.82699585,medium
NAG,Dr. Babasaheb Ambedkar International Airport,Nagpur,IN,IN-MM,21.092199,79.047203,large
NAH,Naha Airport,"Tabukan Utara, Sangihe Islands",ID,ID-SA,3.68478,125.527162,medium
NAJ,Nakhchivan International Airport,Nakhchivan,AZ,AZ-NX,39.188801,45.458401,large
NAL,Nalchik Airport,Nalchik,RU,RU-KB,43.512901,43.6366,medium
NAM,Namniwel Airport,Namniwel,ID,ID-MA,-3.143159,126.976469,medium
NAN,Nadi International Airport,Nadi,FJ,FJ-W,-17.761822,177.437843,large
NAO,Nanchong Gaoping Airport,Nanchong (Gaoping),CN,CN-51,30.798104,106.16415,small
NAP,Naples International Airport,Napoli,IT,IT-72,40.886002,14.2908,large
NAQ,Qaanaaq Airport,Qaanaaq,GL,GL-AV,77.488602,-69.388702,medium
NAS,Lynden Pindling International Airport,Nassau,BS,BS-NP,25.039,-77.466202,large
NAT,Rio Grande do Norte/São Gonçalo do Amarante–Governador Aluízio Alves International Airport,Natal,BR,BR-RN,-5.769822,-35.36661,large
NAU,Napuka Island Airport,Napuka Island,PF,PF-U-A,-14.177397,-141.266112,small
NAV,Nevşehir Kapadokya Airport,Nevşehir,TR,TR-50,38.7719,34.5345,large
NAW,Narathiwat Airport,,TH,TH-96,6.5199198722839355,101.74299621582031,medium
NBC,Begishevo Airport,Nizhnekamsk,RU,RU-TA,55.564701,52.092499,medium
NBE,Enfidha - Hammamet International Airport,Enfidha,TN,TN-51,36.075833,10.438611,medium
NBJ,Dr. Antonio Agostinho Neto International Airport,Luanda (Ícolo e Bengo),AO,AO-LUA,-9.050734,13.499078,large
NBN,Annobón Airport,San Antonio de Palé,GQ,GQ-AN,-1.408615,5.624163,small
NBO,Jomo Kenyatta International Airport,Nairobi,KE,KE-47,-1.318886,36.928233,large
NBS,Changbaishan Airport,Baishan,CN,CN-22,42.066944,127.602222,medium
NCA,North Caicos Airport,North Caicos,TC,TC-NC,21.916094,-71.942954,medium
NCE,Nice-Côte d'Azur Airport,"Nice, Alpes-Maritimes",FR,FR-PAC,43.658401,7.21587,large
NCL,Newcastle International Airport,"Newcastle upon Tyne, Tyne and Wear",GB,GB-ENG,55.037958,-1.689577,large
NCN,Chenega Bay Airport,Chenega,US,US-AK,60.077602,-147.99468,small
NCU,Nukus International Airport,Nukus,UZ,UZ-QR,42.4884,59.623299,large
NCY,Annecy Meythet airport,Annecy,FR,FR-ARA,45.928947,6.0987,medium
NDB,Nouadhibou International Airport,Nouadhibou,MR,MR-08,20.932404,-17.030199,large
NDC,Nanded Airport,Nanded,IN,IN-MM,19.1833,77.316704,medium
NDG,Qiqihar Sanjiazi Airport,Qiqihar,CN,CN-23,47.229969,123.914179,large
NDJ,N'Djamena International Airport,N'Djamena,TD,TD-ND,12.1337,15.034,large
NDR,Nador Al Aaroui International Airport,Al Aaroui,MA,MA-02,34.9888,-3.02821,large
NDU,Rundu Airport,Rundu,NA,NA-KE,-17.956499,19.7194,medium
NDY,Sanday Airport,Sanday,GB,GB-SCT,59.250301,-2.57667,small
NEC,Necochea Airport,Necochea,AR,AR-B,-38.490746,-58.816337,medium
NER,Chulman Airport,Neryungri,RU,RU-SA,56.913898468018,124.91400146484,medium
NEV,Vance W. Amory International Airport,Charlestown,KN,KN-U-A,17.2057,-62.589901,medium
NGB,Ningbo Lishe International Airport,Ningbo,CN,CN-33,29.82670021057129,121.46199798583984,large
NGE,N'Gaoundéré Airport,N'Gaoundéré,CM,CM-AD,7.3570098876953125,13.559200286865234,medium
NGI,Ngau Airport,Ngau,FJ,FJ-E,-18.115600585899998,179.339996338,small
NGK,Nogliki Airport,Nogliki,RU,RU-SAK,51.783955,143.141785,small
NGO,Chubu Centrair International Airport,Tokoname,JP,JP-23,34.858398,136.804993,large
NGQ,Ngari Gunsa Airport,Shiquanhe,CN,CN-54,32.09794,80.053971,medium
NGS,Nagasaki Airport,Nagasaki,JP,JP-42,32.916901,129.914001,large
NHV,Nuku Hiva Airport,Nuku Hiva,PF,PF-U-A,-8.7956,-140.229004,medium
NIB,Nikolai Airport,Nikolai,US,US-AK,63.017949,-154.360399,small
NIM,Diori Hamani International Airport,Niamey,NE,NE-8,13.4815,2.18361,large
NIU,Naiu Airport,Naiu Atoll,PF,PF-U-A,-16.119296,-146.368768,small
NJC,Nizhnevartovsk Airport,Nizhnevartovsk,RU,RU-KHM,60.949299,76.483597,large
NJF,Al Najaf International Airport,Najaf,IQ,IQ-NA,31.991116,44.405019,large
NKC,Nouakchott–Oumtounsy International Airport,Nouakchott,MR,MR-NKC,18.31,-15.969722,large
NKG,Nanjing Lukou International Airport,Nanjing,CN,CN-32,31.735032,118.865949,large
NKM,Nagoya Airport / JASDF Komaki Air Base,Nagoya,JP,JP-23,35.255759,136.924095,medium
NKT,Şırnak Şerafettin Elçi Airport,Şırnak,TR,TR-73,37.3647,42.0582,medium
NLA,Simon Mwansa Kapwepwe International Airport,Ndola,ZM,ZM-08,-12.96513,28.515624,large
NLD,Quetzalcóatl International Airport,Nuevo Laredo,MX,MX-TAM,27.443899,-99.570503,medium
NLF,Darnley Island Airport,Darnley Island,AU,AU-QLD,-9.579176,143.780276,small
NLG,Nelson Lagoon Airport,Nelson Lagoon,US,US-AK,56.0075,-161.160004,small
NLH,Ninglang Luguhu Airport,Ninglang,CN,CN-53,27.5403,100.7593,medium
NLI,Nikolayevsk-na-Amure Airport,Nikolayevsk-na-Amure Airport,RU,RU-KHA,53.154999,140.649994,medium
NLK,Norfolk Island International Airport,Burnt Pine,NF,NF-U-A,-29.041759,167.939474,medium
NLT,Xinyuan Nalati Airport,Xinyuan,CN,CN-65,43.4318,83.3786,medium
NLU,Felipe Ángeles International Airport,Mexico City,MX,MX-MEX,19.743824,-99.01507,large
NMA,Namangan International Airport,Namangan,UZ,UZ-NG,40.984622,71.5578,large
NME,Nightmute Airport,Nightmute,US,US-AK,60.469129,-164.70407,small
NMF,Maafaru International Airport,Noonu Atoll,MV,MV-25,5.817407,73.468404,medium
NMI,Navi Mumbai International Airport,Navi Mumbai,IN,IN-MM,18.984597,73.065253,large
NNB,Santa Ana Airport,Santa Ana Island,SB,SB-MK,-10.847994,162.454108,small
NNG,Nanning Wuxu International Airport,Nanning (Jiangnan),CN,CN-45,22.598071,108.181922,large
NNM,Naryan Mar Airport,Naryan Mar,RU,RU-NEN,67.639999,53.121899,medium
NNR,Connemara Regional Airport,Inverin,IE,IE-G,53.23030090332031,-9.467780113220215,small
NNT,Nan Airport,,TH,TH-55,18.807899475097656,100.78299713134766,medium
NNY,Nanyang Jiangying Airport,Nanyang (Wancheng),CN,CN-41,32.982696,112.617467,small
NOB,Nosara Airport,Nicoya,CR,CR-G,9.976490020750001,-85.65299987790002,medium
NOC,Ireland West Airport Knock,Charlestown,IE,IE-MO,53.910439,-8.817002,large
NOD,Norden-Norddeich Airport,Norddeich,DE,DE-NI,53.633057,7.190278,small
NOJ,Noyabrsk Airport,Noyabrsk,RU,RU-YAN,63.18330001831055,75.2699966430664,medium
NOP,Sinop Airport,Sinop,TR,TR-57,42.018313,35.071774,medium
NOS,Nosy Be International Airport,Nosy Be,MG,MG-D,-13.3121,48.3148,large
NOU,La Tontouta International Airport,Nouméa (La Tontouta),NC,NC-03,-22.014601,166.212997,large
NOV,Albano Machado Airport,Huambo,AO,AO-HUA,-12.8089,15.7605,medium
NOZ,Spichenkovo Airport,Novokuznetsk,RU,RU-KEM,53.811401,86.877197,medium
NPE,Hawke's Bay Airport,Napier,NZ,NZ-HKB,-39.465801,176.869995,medium
NPL,New Plymouth Airport,New Plymouth,NZ,NZ-TKI,-39.00859832763672,174.1790008544922,medium
NPO,Nanga Pinoh Airport,Nanga Pinoh-Borneo Island,ID,ID-KB,-0.34864,111.746155,medium
NPT,Newport State Airport,Newport,US,US-RI,41.532207,-71.281039,medium
NQN,Presidente Perón International Airport,Neuquén,AR,AR-Q,-38.949001,-68.155701,large
NQU,Reyes Murillo Airport,Nuquí,CO,CO-CHO,5.710348,-77.261868,small
NQY,Cornwall Airport Newquay,Newquay,GB,GB-ENG,50.440601,-4.99541,medium
NQZ,Nursultan Nazarbayev International Airport,Astana,KZ,KZ-AST,51.027035,71.467094,large
NRA,Narrandera Airport,Narrandera,AU,AU-NSW,-34.7022018433,146.511993408,medium
NRD,Norderney Airport,Norderney,DE,DE-NI,53.706944,7.23,small
NRK,Norrköping Airport,Norrköping,SE,SE-E,58.586299896240234,16.250600814819336,medium
NRL,North Ronaldsay Airport,North Ronaldsay,GB,GB-SCT,59.3675003052,-2.43443989754,small
NRN,Weeze (Niederrhein) Airport,Weeze,DE,DE-NW,51.601362,6.141228,large
NRR,José Aponte de la Torre Airport,Ceiba,PR,PR-U-A,18.247262,-65.63979,medium
NRT,Narita International Airport,Narita,JP,JP-12,35.76858,140.388714,large
NSH,Nowshahr Airport,Nowshahr,IR,IR-02,36.664286,51.46273,medium
NSI,Yaoundé Nsimalen International Airport,Yaoundé,CM,CM-CE,3.72256,11.5533,large
NSK,Alykel International Airport,Norilsk,RU,RU-KYA,69.307951,87.325906,large
NSN,Nelson Airport,Nelson,NZ,NZ-NSN,-41.296709,173.224323,medium
NST,Nakhon Si Thammarat Airport,Nakhon Si Thammarat,TH,TH-80,8.539620399475098,99.9447021484375,medium
NTE,Nantes Atlantique Airport,Nantes,FR,FR-PDL,47.153198,-1.61073,medium
NTG,Nantong Xingdong International Airport,Nantong (Tongzhou),CN,CN-32,32.073566,120.980076,medium
NTL,Newcastle Airport,Williamtown,AU,AU-NSW,-32.796114,151.835025,large
NTN,Normanton Airport,Normanton,AU,AU-QLD,-17.68409,141.069664,medium
NTQ,Noto Satoyama Airport,Wajima,JP,JP-17,37.293098,136.962006,medium
NTT,Kuini Lavenia Airport,Niuatoputapu,TO,TO-03,-15.977297,-173.791089,small
NTX,Ranai Airport,Ranai-Natuna Besar Island,ID,ID-KR,3.90871,108.388,medium
NUE,Nuremberg Airport,Nuremberg,DE,DE-BY,49.498699,11.078056,large
NUI,Nuiqsut Airport,Nuiqsut,US,US-AK,70.209999,-151.005998,medium
NUL,Nulato Airport,Nulato,US,US-AK,64.729301,-158.074005,small
NUM,Neom Bay Airport,Sharma,SA,SA-07,27.924261,35.29358,large
NUP,Nunapitchuk Airport,Nunapitchuk,US,US-AK,60.905591,-162.440454,small
NUS,Norsup Airport,Norsup,VU,VU-MAP,-16.0797,167.401001,small
NUX,Novy Urengoy Airport,Novy Urengoy,RU,RU-YAN,66.06939697265625,76.52030181884766,medium
NVA,Benito Salas Airport,Neiva,CO,CO-HUI,2.95015,-75.294,medium
NVI,Navoi International Airport,Navoi,UZ,UZ-NW,40.117599,65.172658,medium
NVT,Ministro Victor Konder International Airport,Navegantes,BR,BR-SC,-26.879431,-48.650979,large
NWI,Norwich Airport,"Norwich, Norfolk",GB,GB-ENG,52.6758,1.28278,medium
NYA,Nyagan Airport,Nyagan,RU,RU-KHM,62.110001,65.614998,medium
NYI,Sunyani Airport,Sunyani,GH,GH-BO,7.36183,-2.32876,medium
NYK,Nanyuki Civil Airport,Gathiuru,KE,KE-19,-0.062352,37.041296,medium
NYM,Nadym Airport,Nadym,RU,RU-YAN,65.48090362548828,72.69889831542969,medium
NYO,Stockholm Skavsta Airport,Nyköping,SE,SE-D,58.789656,16.911479,large
NYT,Nay Pyi Taw International Airport,Naypyitaw,MM,MM-04,19.623501,96.200996,large
NYU,Bagan Airport,Nyaung U,MM,MM-04,21.178800582885742,94.9301986694336,small
NZC,Maria Reiche Neuman Airport,Nazca,PE,PE-ICA,-14.854,-74.961502,medium
NZG,Nizhneangarsk International Airport,Nizhneangarsk,RU,RU-BU,55.8008,109.595001,small
NZH,Manzhouli Xijiao Airport,Manzhouli,CN,CN-15,49.566667,117.33,medium
NZL,Zhalantun Genghis Khan Airport,Zhalantun,CN,CN-15,47.865942,122.768662,medium
OAJ,Albert J Ellis Airport,Richlands,US,US-NC,34.829201,-77.612099,medium
OAK,Oakland San Francisco Bay Airport,Oakland,US,US-CA,37.720085,-122.221184,large
OAL,Cacoal Airport,Cacoal,BR,BR-RO,-11.496,-61.4508,small
OAX,Xoxocotlán International Airport,Oaxaca,MX,MX-OAX,16.998773,-96.726092,large
OBN,Oban Airport,North Connel,GB,GB-SCT,56.463501,-5.39967,small
OBO,Tokachi-Obihiro Airport,Obihiro,JP,JP-01,42.7332992554,143.216995239,medium
OBU,Kobuk Airport,Kobuk,US,US-AK,66.9123,-156.897003,small
OBX,Obo Airport,Obo,PG,PG-WPD,-7.590622421369999,141.324262619,small
OCC,Francisco De Orellana Airport,Coca,EC,EC-D,-0.462886,-76.986801,medium
OCE,Ocean City Municipal Airport,Ocean City,US,US-MD,38.310398,-75.124001,medium
OCJ,Ian Fleming International Airport,Boscobel,JM,JM-05,18.404079,-76.969754,medium
OCS,Corisco International Airport,Corisco Island,GQ,GQ-LI,0.910937,9.33027,large
ODB,Córdoba Airport,Córdoba,ES,ES-AN,37.841999,-4.84888,medium
ODE,Odense Hans Christian Andersen Airport,Odense,DK,DK-83,55.475307,10.327206,large
ODN,Long Seridan Airport,Long Seridan,MY,MY-13,3.976087,115.067303,small
ODO,Bodaybo Airport,Bodaybo,RU,RU-IRK,57.866100311299995,114.242996216,small
ODY,Oudomsay Airport,Oudomsay,LA,LA-OU,20.68269920349121,101.99400329589844,small
OEC,Oecusse Route of the Sandalwood International Airport,Oecussi-Ambeno,TL,TL-OE,-9.198419,124.337873,large
OER,Örnsköldsvik Airport,Örnsköldsvik,SE,SE-Y,63.40829849243164,18.989999771118164,medium
OES,Antoine de Saint Exupéry Airport,San Antonio Oeste,AR,AR-R,-40.7512,-65.0343,small
OFU,Ofu Airport,Ofu,AS,AS-MA,-14.1844,-169.669998,small
OGD,Ogden Hinckley Airport,Ogden,US,US-UT,41.195899963379,-112.0120010376,medium
OGG,Kahului International Airport,Kahului,US,US-HI,20.896263,-156.431837,large
OGL,Eugene F. Correia International Airport,Ogle,GY,GY-DE,6.805881,-58.107657,medium
OGN,Yonaguni Airport,Yonaguni,JP,JP-47,24.467298,122.979827,medium
OGS,Ogdensburg International Airport,Ogdensburg,US,US-NY,44.6819,-75.4655,medium
OGU,Ordu–Giresun Airport,Ordu,TR,TR-52,40.966872,38.085995,medium
OGX,Ain Beida Airport,Ouargla,DZ,DZ-30,31.9172,5.41278,medium
OGZ,Vladikavkaz Beslan International Airport,Beslan,RU,RU-SE,43.205101,44.606602,medium
OHD,Ohrid St. Paul the Apostle Airport,Ohrid,MK,MK-003,41.18,20.7423,large
OHE,Mohe Gulian Airport,Mohe,CN,CN-23,52.916871,122.422759,medium
OHO,Okhotsk Airport,Okhotsk,RU,RU-KHA,59.410065,143.056503,medium
OHS,Suhar International Airport,Suhar,OM,OM-BA,24.38604,56.62541,large
OIM,Oshima Airport,Izu Oshima,JP,JP-13,34.782001495399996,139.36000061,medium
OIR,Okushiri Airport,Okushiri Island,JP,JP-01,42.0717010498,139.432998657,medium
OIT,Oita Airport,Oita,JP,JP-44,33.479400634799994,131.736999512,medium
OJU,Tanjung Api Airport,Tojo Una-Una,ID,ID-ST,-0.865437,121.628625,small
OKA,Naha International Airport,Naha,JP,JP-47,26.192437,127.639804,large
OKC,OKC Will Rogers World Airport,Oklahoma City,US,US-OK,35.393388,-97.598248,large
OKD,Sapporo Okadama Airport,Sapporo,JP,JP-01,43.117447,141.38134,medium
OKE,Okinoerabu Airport,Wadomari,JP,JP-46,27.431604,128.705564,medium
OKI,Oki Global Geopark Airport,Okinoshima,JP,JP-32,36.178388,133.323566,medium
OKJ,Okayama Momotaro Airport,Okayama,JP,JP-33,34.756901,133.854996,large
OKL,Oksibil Airport,Oksibil,ID,ID-PP,-4.9071,140.6277,medium
OKR,Yorke Island Airport,Yorke Island,AU,AU-QLD,-9.752801,143.405673,small
OKY,Oakey Army Aviation Centre,,AU,AU-QLD,-27.409262,151.736727,medium
OLA,Ørland Airport,Ørland,NO,NO-50,63.69889831542969,9.604000091552734,medium
OLB,Olbia Costa Smeralda Airport,Olbia (SS),IT,IT-88,40.898953,9.518457,large
OLF,L M Clayton Airport,Wolf Point,US,US-MT,48.094501,-105.574997,medium
OLH,Old Harbor Airport,Old Harbor,US,US-AK,57.218102,-153.270004,small
OLJ,North West Santo Airport,Olpoi,VU,VU-SAM,-14.881699562099998,166.557998657,small
OLM,Olympia Regional Airport,Olympia,US,US-WA,46.969399,-122.903,medium
OLP,Olympic Dam Airport,Olympic Dam,AU,AU-SA,-30.483861,136.876699,small
OLZ,Olyokminsk Airport,Olyokminsk,RU,RU-SA,60.401833,120.476094,medium
OMA,Eppley Airfield,Omaha,US,US-NE,41.3032,-95.894096,large
OMD,Oranjemund Airport,Oranjemund,NA,NA-KA,-28.585318,16.44638,medium
OME,Nome Airport,Nome,US,US-AK,64.51219940185547,-165.44500732421875,medium
OMH,Urmia Airport,Urmia,IR,IR-04,37.6680984497,45.0686988831,medium
OMN,Zomin Airport,Zomin,UZ,UZ-JI,40.01402,68.41103,medium
OMO,Mostar International Airport,Mostar,BA,BA-BIH,43.282489,17.846101,large
OMR,Oradea International Airport,Oradea,RO,RO-BH,47.025299,21.9025,large
OMS,Omsk Central Airport,Omsk,RU,RU-OMS,54.963124,73.312418,large
OND,Ondangwa Airport,Ondangwa,NA,NA-ON,-17.878201,15.9526,medium
ONG,Mornington Island Airport,,AU,AU-QLD,-16.662500381469727,139.17799377441406,small
ONJ,Odate Noshiro Airport,Kitaakita,JP,JP-05,40.191898,140.371002,medium
ONQ,Zonguldak Çaycuma Airport,Zonguldak,TR,TR-67,41.506401,32.0886,medium
ONT,Ontario International Airport,Ontario,US,US-CA,34.056,-117.600998,large
ONX,Enrique Adolfo Jimenez Airport,Colón,PA,PA-3,9.35664,-79.867401,medium
OOK,Toksook Bay Airport,Toksook Bay,US,US-AK,60.541401,-165.087006,small
OOL,Gold Coast Airport,Gold Coast,AU,AU-QLD,-28.165962,153.506641,large
OOM,Cooma Snowy Mountains Airport,Cooma,AU,AU-NSW,-36.300445,148.972408,medium
OPF,Miami-Opa Locka Executive Airport,Miami,US,US-FL,25.907,-80.278397,medium
OPO,Francisco de Sá Carneiro Airport,Porto,PT,PT-13,41.2481002808,-8.68138980865,large
OPP,Salinópolis Airport,Salinópolis,BR,BR-PA,-0.696111,-47.336111,small
OPS,Presidente João Batista Figueiredo Airport,Sinop,BR,BR-MT,-11.885001,-55.586109,small
OPU,Balimo Airport,Balimo,PG,PG-WPD,-8.05000019073,142.932998657,medium
ORB,Örebro Airport,Örebro,SE,SE-T,59.22370147705078,15.038000106811523,medium
ORD,Chicago O'Hare International Airport,Chicago,US,US-IL,41.9786,-87.9048,large
ORF,Norfolk International Airport,Norfolk,US,US-VA,36.895341,-76.201,large
ORG,Zorg en Hoop Airport,Paramaribo,SR,SR-PM,5.811211,-55.192299,small
ORH,Worcester Regional Airport,Worcester,US,US-MA,42.2673,-71.875702,medium
ORI,Port Lions Airport,Port Lions,US,US-AK,57.884905,-152.847719,small
ORK,Cork International Airport,Cork,IE,IE-CO,51.841301,-8.49111,large
ORN,Oran Es-Sénia (Ahmed Ben Bella) International Airport,Es-Sénia,DZ,DZ-31,35.620648,-0.622486,large
ORT,Northway Airport,Northway,US,US-AK,62.9613,-141.929001,medium
ORU,Juan Mendoza International Airport,Oruro,BO,BO-O,-17.956151,-67.075829,large
ORV,Robert (Bob) Curtis Memorial Airport,Noorvik,US,US-AK,66.817902,-161.018997,small
ORY,Paris-Orly Airport,"Paris (Orly, Val-de-Marne)",FR,FR-IDF,48.729499,2.358963,large
ORZ,H.E Alfredo Martinez (Tower Hill) Airstrip,Orange Walk,BZ,BZ-OW,18.046767,-88.583858,small
OSD,Åre Östersund Airport,Östersund,SE,SE-Z,63.193546,14.504168,medium
OSI,Osijek Airport,Osijek(Klisa),HR,HR-14,45.462355,18.811278,medium
OSL,Oslo-Gardermoen International Airport,Oslo (Gardermoen),NO,NO-32,60.193901,11.1004,large
OSR,Leoš Janáček Airport Ostrava,Mošnov,CZ,CZ-MO,49.696301,18.111099,large
OSS,Osh International Airport,Osh,KG,KG-O,40.609001,72.793297,large
OST,Ostend-Bruges International Airport,Oostende,BE,BE-VWV,51.1998,2.874673,large
OSW,Orsk Airport,Orsk,RU,RU-ORE,51.072498,58.5956,medium
OSY,Namsos Airport,Namsos,NO,NO-50,64.472198,11.5786,small
OTD,Raul Arias Espinoza Airport,Contadora Island,PA,PA-8,8.62876,-79.034698,small
OTH,Southwest Oregon Regional Airport,North Bend,US,US-OR,43.41709899902344,-124.24600219726562,medium
OTP,Bucharest Henri Coandă International Airport,Otopeni,RO,RO-IF,44.571792,26.103285,large
OTS,Anacortes Airport,Anacortes,US,US-WA,48.498513,-122.662513,small
OTZ,Ralph Wien Memorial Airport,Kotzebue,US,US-AK,66.88469696,-162.598999,medium
OUA,Ouagadougou Thomas Sankara International Airport,Ouagadougou,BF,BF-KAD,12.3532,-1.51242,large
OUD,Oujda Angads Airport,Ahl Angad,MA,MA-02,34.789558,-1.926041,large
OUI,Ouessant Airport,Ushant,FR,FR-BRE,48.4632,-5.06358,small
OUL,Oulu Airport,Oulu / Oulunsalo,FI,FI-14,64.930099,25.354601,large
OUZ,Tazadit Airport,Zouérate,MR,MR-11,22.757345,-12.482228,medium
OVB,Novosibirsk Tolmachevo Airport,Novosibirsk,RU,RU-NVS,55.019756,82.618675,large
OVD,Asturias Airport,Ranón,ES,ES-AS,43.563599,-6.03462,large
OVS,Sovetskiy Airport,Sovetskiy,RU,RU-KHM,61.326622009277344,63.60191345214844,medium
OWB,Owensboro Daviess County Airport,Owensboro,US,US-KY,37.74010086,-87.16680145,medium
OXB,Osvaldo Vieira International Airport,Bissau,GW,GW-BS,11.894262,-15.653596,large
OYE,Oyem Airport,Oyem,GA,GA-9,1.5431100130081177,11.581399917602539,medium
OZC,Labo Airport,Ozamiz,PH,PH-MSC,8.17851,123.842003,medium
OZG,Zagora Airport,Zagora,MA,MA-08,30.265788,-5.860808,large
OZZ,Ouarzazate International Airport,Ouarzazate,MA,MA-08,30.9391,-6.90943,large
PAB,Bilaspur Airport,Bilaspur,IN,IN-CT,21.9884,82.111,medium
PAC,Marcos A. Gelabert International Airport,Albrook,PA,PA-8,8.97334,-79.555603,medium
PAD,Paderborn Lippstadt Airport,Büren,DE,DE-NW,51.612527,8.617459,large
PAE,Seattle Paine Field International Airport,Everett,US,US-WA,47.9063,-122.281998,medium
PAG,Pagadian Airport,Pagadian,PH,PH-ZAS,7.825632,123.459635,medium
PAH,Barkley Regional Airport,Paducah,US,US-KY,37.06079864501953,-88.7738037109375,medium
PAP,Toussaint Louverture International Airport,Port-au-Prince,HT,HT-OU,18.580023,-72.292596,large
PAS,Paros National Airport,Paros,GR,GR-L,37.020495,25.113195,small
PAT,Jay Prakash Narayan Airport,Patna,IN,IN-BR,25.591299,85.087997,medium
PAV,Paulo Afonso Airport,Paulo Afonso,BR,BR-BA,-9.40088,-38.250599,medium
PAZ,El Tajín National Airport,Poza Rica,MX,MX-VER,20.6026992798,-97.46080017090001,medium
PBC,Hermanos Serdán International Airport,Puebla,MX,MX-PUE,19.158465,-98.371582,large
PBD,Porbandar Airport,Porbandar,IN,IN-GJ,21.649524,69.656405,medium
PBG,Plattsburgh International Airport,Plattsburgh,US,US-NY,44.650902,-73.468102,medium
PBH,Paro International Airport,Paro,BT,BT-11,27.4032,89.424599,large
PBI,President Donald J. Trump International Airport,West Palm Beach,US,US-FL,26.683201,-80.095596,large
PBJ,Tavie Airport,Paama Island,VU,VU-MAP,-16.431955,168.235511,small
PBM,Johan Adolf Pengel International Airport,Paramaribo,SR,SR-PR,5.45283,-55.187801,large
PBO,Paraburdoo Airport,Paraburdoo,AU,AU-WA,-23.1711006165,117.745002747,medium
PBR,Puerto Barrios Airport,Puerto Barrios,GT,GT-IZ,15.7309,-88.583801,medium
PBU,Putao Airport,Putao,MM,MM-11,27.32990074157715,97.42630004882812,medium
PCL,Cap FAP David Abenzur Rengifo International Airport,Pucallpa,PE,PE-UCA,-8.378064,-74.574495,large
PCN,Picton Aerodrome,Koromiko,NZ,NZ-MBH,-41.346099853516,173.95599365234,small
PCP,Principe Airport,São Tomé & Príncipe,ST,ST-P,1.661155,7.411081,medium
PCR,German Olano Airport,Puerto Carreño,CO,CO-VID,6.18472,-67.4932,medium
PDA,Obando Cesar Gaviria Trujillo Airport,Puerto Inírida,CO,CO-GUA,3.85353,-67.9062,medium
PDB,Pedro Bay Airport,Pedro Bay,US,US-AK,59.796925,-154.129994,small
PDG,Minangkabau International Airport,Padang (Katapiang),ID,ID-SB,-0.785964,100.280384,large
PDK,DeKalb Peachtree Airport,Atlanta,US,US-GA,33.87633,-84.30213,medium
PDL,João Paulo II Airport,Ponta Delgada,PT,PT-20,37.7411994934,-25.6979007721,large
PDM,Capt. J. Montenegro Airport,Pedasí,PA,PA-7,7.534801,-80.043347,small
PDO,Pendopo Airport,Talang Gudang-Sumatra Island,ID,ID-SS,-3.2860701084136963,103.87999725341797,medium
PDP,Capitan Corbeta CA Curbelo International Airport,Punta del Este,UY,UY-MA,-34.855099,-55.094299,medium
PDS,Piedras Negras International Airport,Piedras Negras,MX,MX-COA,28.627873,-100.53524,medium
PDT,Eastern Oregon Regional Airport at Pendleton,Pendleton,US,US-OR,45.695099,-118.841003,medium
PDV,Plovdiv International Airport,Plovdiv,BG,BG-16,42.067799,24.8508,large
PDX,Portland International Airport,Portland,US,US-OR,45.588699,-122.598,large
PED,Pardubice Airport,Pardubice,CZ,CZ-PA,50.015049,15.73981,large
PEE,Perm International Airport,Perm,RU,RU-PER,57.914501,56.021198,large
PEG,Perugia San Francesco d'Assisi – Umbria International Airport,Perugia (PG),IT,IT-55,43.095901,12.5132,large
PEI,Matecaña International Airport,Pereira,CO,CO-RIS,4.81267,-75.7395,medium
PEK,Beijing Capital International Airport,Beijing,CN,CN-11,40.077349,116.596702,large
PEM,Padre Aldamiz International Airport,Puerto Maldonado,PE,PE-MDD,-12.6135997772,-69.2285995483,medium
PEN,Penang International Airport,Penang,MY,MY-07,5.296303,100.276185,large
PER,Perth International Airport,Perth,AU,AU-WA,-31.94029998779297,115.96700286865234,large
PES,Petrozavodsk Airport,Petrozavodsk,RU,RU-KR,61.885201,34.154701,medium
PET,João Simões Lopes Neto International Airport,Pelotas,BR,BR-RS,-31.717189,-52.327796,medium
PEU,Puerto Lempira Airport,Puerto Lempira,HN,HN-GD,15.2622,-83.781197,small
PEV,Pécs-Pogány International Airport,Pécs,HU,HU-BA,45.988891,18.242044,large
PEW,Bacha Khan International Airport,Peshawar,PK,PK-KP,33.9939,71.514603,large
PEX,Pechora Airport,Pechora,RU,RU-KO,65.121101,57.130798,medium
PEZ,Penza Airport,Penza,RU,RU-PNZ,53.1106,45.021099,medium
PFB,Lauro Kurtz Airport,Passo Fundo,BR,BR-RS,-28.243976,-52.32777,medium
PFO,Paphos International Airport,Paphos,CY,CY-06,34.717999,32.485699,large
PFQ,Parsabad-Moghan Airport,Parsabad,IR,IR-24,39.6036,47.8815,small
PFR,Ilebo Airport,Ilebo,CD,CD-KS,-4.329919,20.590124,small
PGA,Page Municipal Airport,Page,US,US-AZ,36.924234,-111.447716,medium
PGD,Punta Gorda Airport,Punta Gorda,US,US-FL,26.9202,-81.990501,medium
PGF,Perpignan-Rivesaltes (Llabanère) Airport,Perpignan/Rivesaltes,FR,FR-OCC,42.740398,2.87067,medium
PGH,Pantnagar Airport,Pantnagar,IN,IN-UP,29.0334,79.473701,medium
PGK,Depati Amir Airport,Pangkal Pinang,ID,ID-BB,-2.1622,106.139,medium
PGM,Port Graham Airport,Port Graham,US,US-AK,59.348355,-151.830025,small
PGU,Persian Gulf International Airport,Khiyaroo,IR,IR-18,27.379601,52.737701,medium
PGV,Pitt-Greenville Airport,Greenville,US,US-NC,35.635535,-77.384262,medium
PGZ,Ponta Grossa Airport - Comandante Antonio Amilton Beraldo,Ponta Grossa,BR,BR-PR,-25.184476,-50.143822,medium
PHB,Parnaíba - Prefeito Doutor João Silva Filho International Airport,Parnaíba,BR,BR-PI,-2.89375,-41.731998,medium
PHC,Port Harcourt International Airport,Port Harcourt,NG,NG-RI,5.01549,6.94959,large
PHE,Port Hedland International Airport,Port Hedland,AU,AU-WA,-20.382787,118.629789,large
PHF,Newport News Williamsburg International Airport,Newport News,US,US-VA,37.131901,-76.492996,medium
PHG,Port Harcourt City Airport / Port Harcourt Air Force Base,Port Harcourt,NG,NG-RI,4.846111,7.021389,medium
PHH,Pokhara International Airport,Pokhara,NP,NP-P4,28.1838,84.0147,large
PHL,Philadelphia International Airport,Philadelphia,US,US-PA,39.871899,-75.241096,large
PHO,Point Hope Airport,Point Hope,US,US-AK,68.348801,-166.798996,small
PHS,Phitsanulok Airport,Phitsanulok,TH,TH-65,16.7829,100.278999,medium
PHW,Hendrik Van Eck Airport,Phalaborwa,ZA,ZA-NP,-23.937200546299998,31.1553993225,medium
PHX,Phoenix Sky Harbor International Airport,Phoenix,US,US-AZ,33.435302,-112.005905,large
PHY,Phetchabun Airport,,TH,TH-67,16.6760005951,101.194999695,medium
PIA,General Wayne A. Downing Peoria International Airport,Peoria,US,US-IL,40.663841,-89.692631,medium
PIB,Hattiesburg Laurel Regional Airport,Moselle,US,US-MS,31.4671,-89.337097,medium
PIE,St. Petersburg Clearwater International Airport,Pinellas Park,US,US-FL,27.9102,-82.687401,large
PIH,Pocatello Regional Airport,Pocatello,US,US-ID,42.9098014831543,-112.59600067138672,medium
PIK,Glasgow Prestwick Airport,"Prestwick, South Ayrshire",GB,GB-SCT,55.501499,-4.577182,large
PIP,Pilot Point Airport,Pilot Point,US,US-AK,57.580399,-157.572006,small
PIR,Pierre Regional Airport,Pierre,US,US-SD,44.38270187,-100.2860031,medium
PIS,Poitiers-Biard Airport,Poitiers/Biard,FR,FR-NAQ,46.5877,0.306666,medium
PIT,Pittsburgh International Airport,Pittsburgh,US,US-PA,40.491501,-80.232903,large
PIU,PAF Captain Guillermo Concha Iberico International Airport,Piura,PE,PE-PIU,-5.20575,-80.616402,medium
PIX,Pico Airport,Pico Island,PT,PT-20,38.554298,-28.441299,medium
PIZ,Point Lay LRRS Airport,Point Lay,US,US-AK,69.732903,-163.005005,medium
PJA,Pajala Airport,Pajala,SE,SE-BD,67.244569,23.074894,small
PJM,Puerto Jimenez Airport,Puerto Jimenez,CR,CR-P,8.533329963684082,-83.30000305175781,medium
PKA,Napaskiak Airport,Napaskiak,US,US-AK,60.7029,-161.778,small
PKB,Mid Ohio Valley Regional Airport,Parkersburg (Williamstown),US,US-WV,39.3451,-81.439201,medium
PKC,Yelizovo Airport,Petropavlovsk-Kamchatsky,RU,RU-KAM,53.168716,158.451068,large
PKE,Parkes Airport,Parkes,AU,AU-NSW,-33.131401062,148.238998413,medium
PKG,Pulau Pangkor Airport,Pangkor Island,MY,MY-08,4.244719982147217,100.5530014038086,small
PKN,Iskandar Airport,Pangkalanbun,ID,ID-KT,-2.7052,111.672997,small
PKP,Puka Puka Airport,,PF,PF-U-A,-14.80955,-138.812621,small
PKR,Pokhara Domestic Airport,Pokhara,NP,NP-P4,28.200621,83.981203,medium
PKU,Sultan Syarif Kasim II International Airport / Roesmin Nurjadin AFB,Pekanbaru,ID,ID-RI,0.458647,101.444321,medium
PKV,Princess Olga Pskov International Airport,Pskov,RU,RU-PSK,57.781316,28.39384,medium
PKX,Beijing Daxing International Airport,Beijing,CN,CN-11,39.501289,116.413967,large
PKY,Tjilik Riwut Airport,Palangkaraya,ID,ID-KT,-2.227146,113.943388,medium
PKZ,Pakse International Airport,Pakse,LA,LA-CH,15.133973,105.779871,large
PLJ,Placencia Airport,Placencia,BZ,BZ-SC,16.536957,-88.361511,medium
PLM,Sultan Mahmud Badaruddin II Airport,Palembang,ID,ID-SS,-2.897653,104.698147,medium
PLN,Pellston Regional Airport of Emmet County Airport,Pellston,US,US-MI,45.57089996,-84.79669952,medium
PLO,Port Lincoln Airport,Port Lincoln,AU,AU-SA,-34.6053009033,135.880004883,medium
PLQ,Palanga International Airport,Palanga,LT,LT-KL,55.973202,21.093901,large
PLS,Providenciales International Airport,Providenciales,TC,TC-PR,21.773697,-72.268321,large
PLW,Mutiara - SIS Al-Jufrie Airport,Palu,ID,ID-ST,-0.916462,119.908647,medium
PLX,Semei International Airport,Semey,KZ,KZ-ABA,50.351295,80.234398,large
PLZ,Chief Dawid Stuurman International Airport,Gqeberha (Port Elizabeth),ZA,ZA-EC,-33.989715,25.617353,large
PMC,El Tepual International Airport,Puerto Montt,CL,CL-LL,-41.443093,-73.094065,large
PMF,Parma Airport,Parma (PR),IT,IT-45,44.826351,10.29705,medium
PMG,Ponta Porã Airport,Ponta Porã,BR,BR-MS,-22.549601,-55.702599,medium
PMI,Palma de Mallorca Airport,Palma de Mallorca,ES,ES-IB,39.551701,2.73881,large
PMK,Palm Island Airport,,AU,AU-QLD,-18.755301,146.580994,small
PMO,Falcone–Borsellino Airport,Palermo,IT,IT-82,38.175999,13.091,large
PMQ,Perito Moreno Jalil Hamer Airport,Perito Moreno,AR,AR-Z,-46.537899,-70.978699,medium
PMR,Palmerston North Airport,Palmerston North,NZ,NZ-MWT,-40.320599,175.617004,medium
PMV,Del Caribe Santiago Mariño International Airport,Isla Margarita,VE,VE-O,10.912603,-63.966599,large
PMW,Brigadeiro Lysias Rodrigues Airport,Palmas,BR,BR-TO,-10.2915,-48.356998,medium
PMY,El Tehuelche Airport,Puerto Madryn,AR,AR-U,-42.7592,-65.1027,medium
PNA,Pamplona Airport,Pamplona,ES,ES-NC,42.77,-1.64633,medium
PND,Punta Gorda Airport,Punta Gorda,BZ,BZ-TOL,16.1024,-88.808296,small
PNI,Pohnpei International Airport,Pohnpei Island,FM,FM-PNI,6.985082,158.20992,medium
PNK,Supadio International Airport,Pontianak,ID,ID-KB,-0.152258,109.404493,large
PNL,Pantelleria Airport,Pantelleria (TP),IT,IT-82,36.816502,11.9689,medium
PNP,Girua Airport,Popondetta,PG,PG-NPP,-8.80453968048,148.309005737,medium
PNQ,Pune International Airport,Pune,IN,IN-MM,18.5821,73.919701,large
PNR,Antonio Agostinho-Neto International Airport,Pointe Noire,CG,CG-5,-4.81603,11.8866,large
PNS,Pensacola International Airport,Pensacola,US,US-FL,30.472718,-87.186639,large
PNT,Lieutenant Julio Gallardo Airport,Puerto Natales,CL,CL-MA,-51.67067,-72.529078,medium
PNY,Pondicherry Airport,Puducherry (Pondicherry),IN,IN-PY,11.968,79.812,medium
PNZ,Senador Nilo Coelho Airport,Petrolina,BR,BR-PE,-9.362422,-40.569098,medium
POA,Porto Alegre-Salgado Filho International Airport,Porto Alegre,BR,BR-RS,-29.993984,-51.167482,large
POG,Port Gentil International Airport,Port Gentil,GA,GA-8,-0.711739,8.75438,large
POL,Pemba Airport,Pemba,MZ,MZ-P,-12.993302,40.524867,medium
POM,Port Moresby Jacksons International Airport,Port Moresby,PG,PG-NCD,-9.443380355834961,147.22000122070312,large
POP,Gregorio Luperon International Airport,Puerto Plata,DO,DO-18,19.7579,-70.57,medium
POR,Pori Airport,Pori,FI,FI-17,61.4617,21.799999,medium
POS,Piarco International Airport,Port of Spain,TT,TT-TUP,10.59535,-61.337568,large
POZ,Poznań-Ławica Airport,Poznań,PL,PL-WP,52.421598,16.823359,large
PPB,Presidente Prudente Airport,Presidente Prudente,BR,BR-SP,-22.1751,-51.424599,medium
PPE,Mar de Cortés International Airport,Puerto Peñasco,MX,MX-SON,31.351987,-113.305177,small
PPG,Pago Pago International Airport,Pago Pago,AS,AS-WT,-14.331,-170.710007,large
PPK,Petropavl International Airport,Petropavl,KZ,KZ-SEV,54.775622,69.187415,large
PPN,Guillermo León Valencia Airport,Popayán,CO,CO-CAU,2.454359,-76.609253,medium
PPP,Proserpine Whitsunday Coast Airport,Proserpine,AU,AU-QLD,-20.494416,148.553583,medium
PPS,Puerto Princesa International Airport / PAF Antonio Bautista Air Base,Puerto Princesa,PH,PH-PLW,9.742044,118.75911,large
PPT,Fa'a'ā International Airport,Papeete,PF,PF-U-A,-17.553472,-149.606936,large
PPW,Papa Westray Airport,"Papa Westray, Orkney Islands",GB,GB-SCT,59.351012,-2.900353,small
PQC,Phú Quốc International Airport,Phu Quoc Island,VN,VN-SW,10.169783,103.99353,large
PQI,Presque Isle International Airport,Presque Isle,US,US-ME,46.688999,-68.0448,medium
PQQ,Port Macquarie Airport,Port Macquarie,AU,AU-NSW,-31.4358005524,152.863006592,medium
PQS,Pilot Station Airport,Pilot Station,US,US-AK,61.96169,-162.941944,small
PRA,General Urquiza Airport,Parana,AR,AR-E,-31.7948,-60.4804,medium
PRC,Prescott Regional Airport - Ernest A. Love Field,Prescott,US,US-AZ,34.653502,-112.419883,medium
PRG,Václav Havel Airport Prague,Prague,CZ,CZ-PR,50.100874,14.259911,large
PRI,Praslin Island Airport,Praslin Island,SC,SC-14,-4.319256,55.691561,medium
PRM,Portimão Airport,Portimão,PT,PT-08,37.1493,-8.58396,medium
PRN,Priština Adem Jashari International Airport,Prishtina,XK,XK-01,42.5728,21.035801,large
PSA,Pisa International Airport,Pisa (PI),IT,IT-52,43.683899,10.3927,large
PSC,Tri Cities Airport,Pasco,US,US-WA,46.264702,-119.119003,medium
PSD,Port Said International Airport,Port Said,EG,EG-PTS,31.279285,32.240582,large
PSE,Mercedita International Airport,Ponce,PR,PR-U-A,18.008301,-66.563004,medium
PSG,Petersburg James A Johnson Airport,Petersburg,US,US-AK,56.80170059,-132.9450073,medium
PSM,Portsmouth International Airport at Pease,Portsmouth,US,US-NH,43.0779,-70.823303,medium
PSO,Antonio Nariño Airport,Chachagüí,CO,CO-NAR,1.396722,-77.29093,medium
PSP,Palm Springs International Airport,Palm Springs,US,US-CA,33.8297,-116.507004,large
PSR,Abruzzo Airport,Pescara,IT,IT-65,42.431079,14.182981,large
PSS,Libertador Gral D Jose De San Martin Airport,Posadas,AR,AR-N,-27.3858,-55.9707,medium
PSU,Pangsuma Airport,Putussibau-Borneo Island,ID,ID-KB,0.834579,112.940217,medium
PSY,Port Stanley Airport,Stanley,FK,FK-U-A,-51.685699,-57.777599,small
PSZ,Capitán Av. Salvador Ogaya G. airport,Puerto Suárez,BO,BO-S,-18.975301,-57.820599,medium
PTA,Port Alsworth Airport,Port Alsworth,US,US-AK,60.201681,-154.325863,small
PTF,Malolo Lailai Island Airport,Malolo Lailai Island,FJ,FJ-W,-17.778448,177.196996,small
PTG,Polokwane International Airport,Polokwane,ZA,ZA-NP,-23.845269,29.458615,large
PTH,Port Heiden Airport,Port Heiden,US,US-AK,56.957893,-158.630219,medium
PTJ,Portland Airport,,AU,AU-VIC,-38.31809997558594,141.4709930419922,medium
PTO,Juvenal Loureiro Cardoso Airport,Pato Branco,BR,BR-PR,-26.217184,-52.694463,small
PTP,Maryse Condé International Airport,Pointe-à-Pitre,GP,GP-U-A,16.265443,-61.532754,large
PTU,Platinum Airport,Platinum,US,US-AK,59.017675,-161.827927,medium
PTY,Tocumen International Airport,Tocumen,PA,PA-8,9.07136,-79.383499,large
PUB,Pueblo Memorial Airport,Pueblo,US,US-CO,38.289101,-104.497002,medium
PUD,Puerto Deseado Airport,Puerto Deseado,AR,AR-Z,-47.7353,-65.9041,medium
PUF,Pau Pyrénées Airport,Pau/Pyrénées (Uzein),FR,FR-NAQ,43.380001,-0.418611,medium
PUG,Port Augusta Airport,,AU,AU-SA,-32.506900787353516,137.7169952392578,medium
PUJ,Punta Cana International Airport,Punta Cana,DO,DO-11,18.567093,-68.364558,large
PUQ,President Carlos Ibáñez International Airport,Punta Arenas,CL,CL-MA,-53.002602,-70.854599,large
PUR,Puerto Rico Airport,Puerto Rico/Manuripi,BO,BO-N,-11.107663,-67.551155,small
PUS,Gimhae International Airport,Busan,KR,KR-26,35.179501,128.938004,large
PUU,Tres De Mayo Airport,Puerto Asís,CO,CO-PUT,0.505228,-76.5008,medium
PUW,Pullman-Moscow Regional Airport,Pullman,US,US-WA,46.741601,-117.11163,medium
PUY,Pula Airport,Pula,HR,HR-18,44.893501,13.9222,large
PUZ,Puerto Cabezas Airport,Puerto Cabezas,NI,NI-AN,14.047200202941895,-83.38670349121094,medium
PVA,El Embrujo Airport,Providencia,CO,CO-SAP,13.357461,-81.357977,medium
PVD,Rhode Island T. F. Green International Airport,Providence/Warwick,US,US-RI,41.725038,-71.425668,large
PVG,Shanghai Pudong International Airport,Shanghai (Pudong),CN,CN-31,31.1434,121.805,large
PVH,Governador Jorge Teixeira de Oliveira International Airport,Porto Velho,BR,BR-RO,-8.708491,-63.902338,large
PVK,Aktion National Airport,Preveza,GR,GR-D,38.925499,20.765301,medium
PVR,Puerto Vallarta International Airport,Puerto Vallarta,MX,MX-JAL,20.679913,-105.254391,large
PVU,Provo Municipal Airport,Provo,US,US-UT,40.218894,-111.722445,medium
PWE,Pevek Airport,Apapelgino,RU,RU-CHU,69.783302,170.597,medium
PWM,Portland International Jetport,Portland,US,US-ME,43.646198,-70.309303,large
PWQ,Pavlodar International Airport,Pavlodar,KZ,KZ-PAV,52.194982,77.073088,large
PXH,Prominent Hill Airport,Mount Eba,AU,AU-SA,-29.716,135.5244,small
PXM,Puerto Escondido International Airport,Puerto Escondido,MX,MX-OAX,15.876808,-97.0891,medium
PXO,Porto Santo Airport,Vila Baleira,PT,PT-30,33.0733985901,-16.3500003815,medium
PXR,Surin Airport,Surin,TH,TH-32,14.868300437927,103.49800109863,medium
PXU,Pleiku Airport,Pleiku,VN,VN-CH,14.004500389099121,108.01699829101562,medium
PYJ,Polyarny Airport,Yakutia,RU,RU-SA,66.400398,112.029999,medium
PYK,Payam International Airport,Karaj,IR,IR-30,35.7761,50.826698,large
PYT,Pedro Rabelo de Souza Airport,Paracatu,BR,BR-MG,-17.242599,-46.883099,small
PZB,Pietermaritzburg Airport,Pietermaritzburg,ZA,ZA-NL,-29.649000167799997,30.3987007141,medium
PZH,Zhob Airport,Fort Sandeman,PK,PK-BA,31.358400344848633,69.4636001586914,medium
PZI,Panzhihua Bao'anying Airport,Panzhihua (Renhe),CN,CN-51,26.54,101.79852,medium
PZO,General Manuel Carlos Piar International Airport,Guyana City,VE,VE-F,8.28853,-62.760399,large
PZU,Port Sudan New International Airport,Port Sudan,SD,SD-26,19.434558,37.234125,large
QBC,Bella Coola Airport,Bella Coola,CA,CA-BC,52.387501,-126.596001,medium
QOW,Sam Mbakwe International Cargo Airport,Owerri,NG,NG-IM,5.42706,7.20603,medium
QRO,Querétaro Intercontinental Airport,Querétaro,MX,MX-QUE,20.618779,-100.186449,large
QRW,Warri Airport,Okpe,NG,NG-DE,5.59821,5.8187,medium
QSF,Ain Arnat Airport,Sétif,DZ,DZ-19,36.178488,5.329909,medium
QSR,Salerno Costa d'Amalfi Airport,Salerno,IT,IT-72,40.620399,14.9113,medium
QSZ,Shache Airport,Shache,CN,CN-65,38.24542,77.056149,medium
QUO,Akwa Ibom International Airport,Uyo,NG,NG-AK,4.8725,8.093,medium
RAB,Tokua Airport,Kokopo,PG,PG-EBR,-4.34046,152.380005,medium
RAE,Arar Domestic Airport,Arar,SA,SA-08,30.906600952148438,41.13819885253906,medium
RAH,Rafha Domestic Airport,Rafha,SA,SA-08,29.626399993896484,43.4906005859375,medium
RAI,Nelson Mandela International Airport,Praia,CV,CV-S,14.941126,-23.484728,large
RAK,Marrakesh Menara Airport,Marrakesh,MA,MA-07,31.604807,-8.035788,large
RAM,Ramingining Airport,,AU,AU-NT,-12.356399536132812,134.8979949951172,small
RAO,Leite Lopes Airport,Ribeirão Preto,BR,BR-SP,-21.134314,-47.774053,medium
RAP,Rapid City Regional Airport,Rapid City,US,US-SD,44.0452995300293,-103.05699920654297,medium
RAR,Rarotonga International Airport,Avarua,CK,CK-U-A,-21.2027,-159.806,large
RAS,Sardar-e-Jangal Airport,Rasht,IR,IR-01,37.323333,49.617778,medium
RBA,Rabat-Salé Airport,Rabat,MA,MA-04,34.051498,-6.75152,large
RBB,Borba Airport,Borba,BR,BR-AM,-4.40634,-59.602402,small
RBQ,Rurrenabaque Airport,Rurrenabaque,BO,BO-B,-14.4279,-67.496803,small
RBR,Rio Branco-Plácido de Castro International Airport,Rio Branco,BR,BR-AC,-9.869031,-67.893984,large
RBV,Ramata Airport,Ramata,SB,SB-WE,-8.168060302734375,157.64300537109375,small
RBY,Ruby Airport,Ruby,US,US-AK,64.727203,-155.470001,medium
RCB,Richards Bay Airport,Richards Bay,ZA,ZA-NL,-28.740999221800003,32.0920982361,medium
RCE,Roche Harbor Airport,Roche Harbor,US,US-WA,48.612301,-123.139,small
RCH,Almirante Padilla Airport,Riohacha,CO,CO-LAG,11.5262,-72.926,medium
RCM,Richmond Airport,,AU,AU-QLD,-20.701900482177734,143.11500549316406,small
RDD,Redding Municipal Airport,Redding,US,US-CA,40.50899887,-122.2929993,medium
RDM,Roberts Field,Redmond,US,US-OR,44.254101,-121.150002,medium
RDO,Warsaw Radom Airport,Radom,PL,PL-MZ,51.38937,21.214742,medium
RDP,Kazi Nazrul Islam Airport,Durgapur,IN,IN-WB,23.6225,87.243,medium
RDU,Raleigh-Durham International Airport,Raleigh/Durham,US,US-NC,35.878659,-78.7873,large
RDV,Red Devil Airport,Red Devil,US,US-AK,61.788101,-157.350006,small
RDZ,Rodez–Aveyron Airport,Rodez/Marcillac,FR,FR-OCC,44.407902,2.48267,medium
REC,Recife/Guararapes - Gilberto Freyre International Airport,Recife,BR,BR-PE,-8.12747,-34.922961,large
REG,Reggio Calabria Airport,Reggio Calabria,IT,IT-78,38.071201,15.6516,medium
REL,Almirante Marco Andres Zar Airport,Rawson,AR,AR-U,-43.2105,-65.2703,medium
REN,Orenburg Central Airport,Orenburg,RU,RU-ORE,51.792668,55.457229,medium
RER,Retalhuleu Airport,Retalhuleu,GT,GT-RE,14.521431,-91.697001,medium
RES,Resistencia International Airport,Resistencia,AR,AR-H,-27.44991,-59.056125,large
RET,Røst Airport,Røst,NO,NO-18,67.526482,12.101575,small
REU,Reus Airport,Reus,ES,ES-CT,41.147509,1.168354,large
REW,"Rewa Airport, Chorhata, REWA",Rewa,IN,IN-MP,24.503401,81.220299,medium
REX,General Lucio Blanco International Airport,Reynosa,MX,MX-TAM,26.0089,-98.2285,medium
RFD,Chicago Rockford International Airport,Chicago/Rockford,US,US-IL,42.1954,-89.097198,medium
RFP,Raiatea Airport,Uturoa,PF,PF-U-A,-16.7229,-151.466003,medium
RGA,Gobernador Ramón Trejo Noel International Airport,Rio Grande,AR,AR-V,-53.7777,-67.7494,medium
RGI,Rangiroa Airport,,PF,PF-U-A,-14.954299926757812,-147.66099548339844,medium
RGL,Piloto Civil Norberto Fernández International Airport,Rio Gallegos,AR,AR-Z,-51.608791,-69.308948,large
RGN,Yangon International Airport,Yangon,MM,MM-06,16.907300949099998,96.1332015991,large
RGO,Orang (Chongjin) Airport,Hoemun-ri,KP,KP-09,41.428538,129.647555,medium
RHD,Termas de Río Hondo international Airport,Termas de Río Hondo,AR,AR-G,-27.4966,-64.93595,medium
RHI,Rhinelander Oneida County Airport,Rhinelander,US,US-WI,45.63119888305664,-89.46749877929688,medium
RHO,"Rhodes International Airport ""Diagoras""",Rhodes,GR,GR-L,36.405399,28.086201,large
RHT,Alxa Right Banner Badanjilin Airport,Badanjilin,CN,CN-15,39.225,101.546,small
RIA,Santa Maria Airport,Santa Maria,BR,BR-RS,-29.711399,-53.688202,medium
RIB,Capitán Av. Selin Zeitun Lopez Airport,Riberalta,BO,BO-B,-11.009355,-66.075468,medium
RIC,Richmond International Airport,Richmond,US,US-VA,37.505199,-77.319702,large
RIH,Scarlett Martinez International Airport,Río Hato,PA,PA-2,8.375880241394,-80.127899169922,small
RIS,Rishiri Airport,Rishiri,JP,JP-01,45.2420005798,141.186004639,medium
RIW,Central Wyoming Regional Airport,Riverton,US,US-WY,43.064201,-108.459999,medium
RIX,Riga International Airport,Riga,LV,LV-062,56.920752,23.970711,large
RIY,Riyan International Airport,Mukalla(Riyan),YE,YE-HD,14.662241,49.375289,large
RIZ,Rizhao Shanzihe Airport,Rizhao (Donggang),CN,CN-37,35.405033,119.324403,medium
RJA,Rajahmundry Airport,Madhurapudi,IN,IN-AP,17.105799,81.813204,medium
RJH,Shah Makhdum Airport,Rajshahi,BD,BD-E,24.437201,88.616501,medium
RJK,Rijeka Airport,Rijeka(Omišalj),HR,HR-08,45.216376,14.57085,large
RJM,Marinda Airport,Waisai,ID,ID-PD,-0.424969,130.773535,small
RJN,Rafsanjan Airport,Rafsanjan,IR,IR-08,30.298345,56.048979,medium
RKD,Knox County Regional Airport,Rockland,US,US-ME,44.060101,-69.099197,medium
RKE,Copenhagen Roskilde Airport,Roskilde,DK,DK-85,55.585602,12.1314,medium
RKI,Mentawai Airport,Sipura Island,ID,ID-SB,-2.1001,99.7044,small
RKS,Southwest Wyoming Regional Airport,Rock Springs,US,US-WY,41.5942,-109.065001,medium
RKT,Ras Al Khaimah International Airport,Ras Al Khaimah,AE,AE-RK,25.613501,55.938801,large
RKV,Reykjavík Domestic Airport,Reykjavík,IS,IS-1,64.128732,-21.93759,medium
RKZ,Xigaze Peace Airport / Shigatse Air Base,Xigazê (Samzhubzê),CN,CN-54,29.350876,89.299157,large
RLG,Rostock-Laage Airport,Laage,DE,DE-MV,53.918201,12.2783,medium
RLK,Bayannur Tianjitai Airport,Bayannur,CN,CN-15,40.926358,107.74093,medium
RMA,Roma Airport,Roma,AU,AU-QLD,-26.545000076300003,148.774993896,medium
RMF,Marsa Alam International Airport,Marsa Alam,EG,EG-BA,25.555548,34.59245,large
RMI,Federico Fellini International Airport,Rimini (RN),IT,IT-45,44.020024,12.612198,large
RML,Colombo Ratmalana International Airport,Colombo,LK,LK-1,6.821638,79.885859,large
RMO,Chişinău International Airport,Chişinău,MD,MD-CU,46.92774,28.931704,large
RMP,Rampart Airport,Rampart,US,US-AK,65.507896,-150.141007,small
RMQ,Taichung International Airport / Ching Chuang Kang Air Base,Taichung (Qingshui),TW,TW-TXG,24.2647,120.621002,large
RMT,Rimatara Airport,Rimatara Island,PF,PF-U-A,-22.63725,-152.8059,small
RMU,Region of Murcia International Airport,Corvera,ES,ES-MC,37.802852,-1.124884,large
RMZ,Tobolsk Remezov Airport,Tobolsk,RU,RU-TYU,58.059712,68.347997,medium
RNB,Ronneby Airport,Ronneby,SE,SE-K,56.266701,15.265,medium
RNI,Corn Island Airport,Corn Island,NI,NI-AS,12.174785,-83.059445,small
RNJ,Yoron Airport,Yoron,JP,JP-46,27.043847,128.401648,medium
RNL,Rennell/Tingoa Airport,Rennell Island,SB,SB-RB,-11.55,160.062778,small
RNN,Bornholm Airport,Rønne,DK,DK-84,55.063301,14.7596,medium
RNO,Reno Tahoe International Airport,Reno,US,US-NV,39.4991,-119.767998,large
RNP,Rongelap Island Airport,Rongelap Island,MH,MH-RON,11.1572,166.886993,small
RNS,Rennes-Saint-Jacques Airport,"Saint-Jacques-de-la-Lande, Ille-et-Vilaine",FR,FR-BRE,48.0695,-1.73479,medium
ROA,Roanoke–Blacksburg Regional Airport,Roanoke,US,US-VA,37.3255,-79.975403,medium
ROB,Roberts International Airport,Monrovia,LR,LR-MG,6.23379,-10.3623,large
ROC,Frederick Douglass Greater Rochester International Airport,Rochester,US,US-NY,43.1189,-77.672401,large
ROI,Roi Et Airport,Roi Et,TH,TH-45,16.1168,103.774002,medium
ROK,Rockhampton Airport,Rockhampton,AU,AU-QLD,-23.380019,150.475359,medium
ROO,Maestro Marinho Franco Airport,Rondonópolis,BR,BR-MT,-16.584292,-54.724803,medium
ROP,Rota International Airport,Rota Island,MP,MP-U-A,14.173267,145.241103,large
ROR,Roman Tmetuchl International Airport,Babelthuap Island,PW,PW-004,7.366965,134.544085,large
ROS,Rosario Islas Malvinas International Airport,Rosario,AR,AR-S,-32.9036,-60.785,large
ROT,Rotorua Regional Airport,Rotorua,NZ,NZ-BOP,-38.1092,176.317001,medium
ROV,Platov International Airport,Rostov-on-Don,RU,RU-ROS,47.493888,39.924722,large
ROW,Roswell Air Center Airport,Roswell,US,US-NM,33.301601,-104.530998,medium
RPR,Swami Vivekananda Airport,Raipur,IN,IN-CT,21.180401,81.7388,medium
RQA,Ruoqiang Loulan Airport,Ruoqiang Town,CN,CN-65,38.974722,88.008333,medium
RRG,Sir Charles Gaetan Duval Airport,Port Mathurin,MU,MU-RO,-19.756696,63.359326,medium
RRJ,Jacarepaguá - Roberto Marinho Airport,Rio de Janeiro,BR,BR-RJ,-22.986773,-43.372194,medium
RRR,Raroia Airport,Raroia,PF,PF-U-A,-16.050485,-142.476568,small
RRS,Røros Airport,Røros,NO,NO-50,62.578399658203,11.342300415039,medium
RSA,Santa Rosa Airport,Santa Rosa,AR,AR-L,-36.588299,-64.275703,medium
RSD,Rock Sound International Airport,Rock Sound,BS,BS-SE,24.89165,-76.177602,medium
RSH,Russian Mission Airport,Russian Mission,US,US-AK,61.775071,-161.319466,small
RSI,Red Sea International Airport,Hanak,SA,SA-07,25.627975,37.088914,large
RST,Rochester International Airport,Rochester,US,US-MN,43.908298,-92.5,medium
RSU,Yeosu Airport,Yeosu,KR,KR-46,34.84230041503906,127.61699676513672,medium
RSW,Southwest Florida International Airport,Fort Myers,US,US-FL,26.534685,-81.752816,large
RTA,Rotuma Airport,Rotuma,FJ,FJ-R,-12.482500076293945,177.0709991455078,small
RTB,Juan Manuel Gálvez International Airport,Coxen Hole,HN,HN-IB,16.316799,-86.523003,large
RTG,Frans Sales Lega Airport,"Satar Tacik, Manggarai",ID,ID-NT,-8.596171,120.478177,small
RTI,David Constantijn Saudale Airport,Ba'a - Rote Island,ID,ID-NT,-10.765834,123.076046,small
RTM,Rotterdam The Hague Airport,Rotterdam,NL,NL-ZH,51.956902,4.43722,large
RUA,Arua Airport,Arua,UG,UG-N,3.049152,30.911714,medium
RUH,King Khalid International Airport,Riyadh,SA,SA-01,24.9576,46.698799,large
RUL,Maavaarulaa Airport,Maavaarulu,MV,MV-28,0.338085,73.512869,small
RUN,Roland Garros Airport,Sainte-Marie,RE,RE-SD,-20.890087,55.518894,large
RUR,Rurutu Airport,,PF,PF-U-A,-22.434099197387695,-151.36099243164062,medium
RUS,Marau Airport,Marau,SB,SB-GU,-9.86167,160.824997,small
RUT,Rutland - Southern Vermont Regional Airport,Rutland,US,US-VT,43.5294,-72.9496,medium
RVE,Los Colonizadores Airport,Saravena,CO,CO-ARA,6.951868,-71.857179,small
RVK,"Rørvik Airport, Ryum",Rørvik,NO,NO-50,64.838302612305,11.14610004425,medium
RVN,Rovaniemi Airport,Rovaniemi,FI,FI-10,66.563327,25.829751,large
RVV,Raivavae Airport,,PF,PF-U-A,-23.885201,-147.662003,small
RVY,Pres. Gral. Óscar D. Gestido Binational Airport,Rivera/Santana do Livramento,UY,UY-RV,-30.9746,-55.4762,medium
RWN,Rivne International Airport,Rivne,UA,UA-19,50.60710144042969,26.141599655151367,medium
RXS,Roxas Airport,Roxas City,PH,PH-CAP,11.597700119018555,122.75199890136719,medium
RYK,Shaikh Zaid Airport,Rahim Yar Khan,PK,PK-PB,28.383899688720703,70.27960205078125,medium
RYO,28 de Noviembre Airport,Rio Turbio,AR,AR-Z,-51.605,-72.2203,small
RZE,Rzeszów-Jasionka Airport,Jasionka,PL,PL-PK,50.109791,22.024155,large
RZR,Ramsar Airport,Ramsar,IR,IR-02,36.90701,50.687316,medium
RZV,Rize–Artvin Airport,Rize,TR,TR-53,41.179766,40.848802,large
SAB,Juancho E. Yrausquin Airport,Zion's Hill,BQ,BQ-SA,17.64533,-63.220514,medium
SAF,Santa Fe Municipal Airport,Santa Fe,US,US-NM,35.6171,-106.088997,medium
SAG,Shirdi International Airport,Kakadi,IN,IN-MM,19.689211,74.373655,large
SAH,Sanaa International Airport,Sanaa,YE,YE-SA,15.4763,44.2197,large
SAI,Siem Reap-Angkor International Airport,Siem Reap,KH,KH-17,13.36974,104.223831,large
SAL,El Salvador International Airport Saint Óscar Arnulfo Romero y Galdámez,San Salvador (San Luis Talpa),SV,SV-PA,13.44447,-89.055784,large
SAN,San Diego International Airport,San Diego,US,US-CA,32.733601,-117.190002,large
SAP,Ramón Villeda Morales International Airport,San Pedro Sula,HN,HN-CR,15.4526,-87.923599,large
SAQ,San Andros Airport,Andros Island,BS,BS-NS,25.053800582885742,-78.04900360107422,medium
SAT,San Antonio International Airport,San Antonio,US,US-TX,29.533701,-98.469803,large
SAV,Savannah Hilton Head International Airport,Savannah,US,US-GA,32.126591,-81.19998,large
SAW,Istanbul Sabiha Gökçen International Airport,"Pendik, Istanbul",TR,TR-34,40.898602,29.3092,large
SBA,Santa Barbara Municipal Airport,Santa Barbara,US,US-CA,34.426201,-119.839996,medium
SBD,San Bernardino International Airport,San Bernardino,US,US-CA,34.096717,-117.236596,large
SBH,St. Jean Airport,Gustavia,BL,BL-U-A,17.904398,-62.843333,medium
SBN,South Bend International Airport,South Bend,US,US-IN,41.708304,-86.316922,medium
SBP,San Luis County Regional Airport,San Luis Obispo,US,US-CA,35.236801147499996,-120.641998291,medium
SBR,Saibai Island Airport,Saibai Island,AU,AU-QLD,-9.37833,142.625,small
SBT,Sabetta International Airport,Sabetta,RU,RU-YAN,71.219167,72.052222,medium
SBW,Sibu Airport,Sibu,MY,MY-13,2.2616,111.985001,medium
SBY,Salisbury Ocean City Wicomico Regional Airport,Salisbury,US,US-MD,38.34049987792969,-75.51029968261719,medium
SBZ,Sibiu International Airport,Sibiu,RO,RO-SB,45.785841,24.086666,large
SCC,Deadhorse Airport,Deadhorse,US,US-AK,70.19470215,-148.4649963,medium
SCE,State College Regional Airport,State College,US,US-PA,40.849374,-77.84852,medium
SCK,Stockton Metropolitan Airport,Stockton,US,US-CA,37.893279,-121.238079,medium
SCL,Comodoro Arturo Merino Benítez International Airport,Santiago,CL,CL-RM,-33.393001556396484,-70.78579711914062,large
SCM,Scammon Bay Airport,Scammon Bay,US,US-AK,61.84471,-165.575209,small
SCN,Saarbrücken Airport,Saarbrücken,DE,DE-SL,49.214545,7.109735,medium
SCO,Aktau International Airport,Aktau,KZ,KZ-MAN,43.860093,51.09086,large
SCQ,Santiago-Rosalía de Castro Airport,Santiago de Compostela,ES,ES-GA,42.896301,-8.41514,large
SCR,Scandinavian Mountains Airport,Malung-Sälen,SE,SE-W,61.16508,12.83352,large
SCT,Socotra Airport,Mori,YE,YE-SU,12.632093,53.906173,medium
SCU,Antonio Maceo International Airport,Santiago,CU,CU-13,19.97474,-75.835504,large
SCV,Suceava Ștefan cel Mare International Airport,Suceava,RO,RO-SV,47.6875,26.354099,large
SCW,Syktyvkar Airport,Syktyvkar,RU,RU-KO,61.64699935913086,50.84510040283203,medium
SCY,San Cristóbal Airport,Puerto Baquerizo Moreno,EC,EC-W,-0.910206,-89.617401,small
SCZ,Santa Cruz/Graciosa Bay/Luova Airport,Santa Cruz/Graciosa Bay/Luova,SB,SB-TE,-10.7203,165.794998,small
SDD,Lubango Mukanka International Airport,Lubango,AO,AO-HUI,-14.924839,13.576653,medium
SDE,Vicecomodoro Angel D. La Paz Aragonés Airport,Santiago del Estero,AR,AR-G,-27.765556335399996,-64.3099975586,medium
SDF,Louisville Muhammad Ali International Airport,Louisville,US,US-KY,38.1706,-85.735076,large
SDG,Sanandaj Airport,,IR,IR-12,35.24589920043945,47.00920104980469,medium
SDJ,Sendai Airport,Natori,JP,JP-04,38.139702,140.917007,large
SDK,Sandakan Airport,Sandakan,MY,MY-12,5.900899887084961,118.05899810791016,medium
SDL,Sundsvall-Härnösand Airport,Sundsvall/ Härnösand,SE,SE-Y,62.528099060058594,17.443899154663086,medium
SDN,"Sandane Airport, Anda",Sandane,NO,NO-46,61.830002,6.10583,small
SDP,Sand Point Airport,Sand Point,US,US-AK,55.313908,-160.522099,medium
SDQ,Las Américas International Airport,Santo Domingo,DO,DO-01,18.42970085144,-69.668899536133,large
SDR,Seve Ballesteros-Santander Airport,Santander,ES,ES-CB,43.427101,-3.82001,medium
SDS,Sado Airport,Sado,JP,JP-15,38.0601997375,138.414001465,medium
SDU,Santos Dumont Airport,Rio de Janeiro,BR,BR-RJ,-22.910397,-43.16282,large
SDW,Sindhudurg Airport,Chipi,IN,IN-MM,16.002552,73.529846,medium
SDY,Sidney - Richland Regional Airport,Sidney,US,US-MT,47.705141,-104.194422,medium
SEA,Seattle–Tacoma International Airport,Seattle,US,US-WA,47.447943,-122.310276,large
SEB,Sabha Airport,Sabha,LY,LY-SB,26.992452,14.466162,medium
SEK,Srednekolymsk Airport,Srednekolymsk,RU,RU-SA,67.4805,153.7364,medium
SEN,London Southend Airport,"Southend-on-Sea, Essex",GB,GB-ENG,51.570562,0.693627,medium
SET,Santa Magalhães Airport,Serra Talhada,BR,BR-PE,-8.061433,-38.328888,small
SEU,Seronera Airport,Seronera,TZ,TZ-13,-2.45806,34.822498,small
SEZ,Seychelles International Airport,Victoria,SC,SC-20,-4.67434,55.521801,large
SFA,Sfax Thyna International Airport,Sfax,TN,TN-61,34.717999,10.691,medium
SFB,Orlando Sanford International Airport,Orlando,US,US-FL,28.774277,-81.234626,large
SFC,St-François Airport,St-François,GP,GP-U-A,16.257799,-61.262501,small
SFG,Grand Case-l'Espérance Airport,Grand Case,MF,MF-U-A,18.100057,-63.047444,medium
SFJ,Kangerlussuaq International Airport,Kangerlussuaq,GL,GL-QA,67.010446,-50.715294,medium
SFL,São Filipe Airport,São Filipe,CV,CV-S,14.8850002289,-24.4799995422,small
SFN,Sauce Viejo Airport,Santa Fe,AR,AR-S,-31.7117,-60.8117,medium
SFO,San Francisco International Airport,San Francisco,US,US-CA,37.619806,-122.374821,large
SFS,Subic Bay International Airport / Naval Air Station Cubi Point,Olongapo,PH,PH-ZMB,14.794833,120.271883,large
SFT,Skellefteå Airport,Skellefteå,SE,SE-AC,64.62480163574219,21.076900482177734,medium
SGC,Surgut International Airport,Surgut,RU,RU-KHM,61.340501,73.405782,large
SGD,Sønderborg Airport,Sønderborg,DK,DK-83,54.96440124511719,9.791729927062988,medium
SGF,Springfield Branson National Airport,Springfield,US,US-MO,37.245047,-93.388596,medium
SGN,Tan Son Nhat International Airport,Ho Chi Minh City,VN,VN-SE,10.8188,106.652,large
SGO,St George Airport,,AU,AU-QLD,-28.049699783325195,148.59500122070312,small
SGU,St George Regional Airport,St George,US,US-UT,37.036389,-113.510306,medium
SGY,Skagway Airport,Skagway,US,US-AK,59.460343,-135.316651,small
SHA,Shanghai Hongqiao International Airport,Shanghai (Minhang),CN,CN-31,31.198104,121.33426,large
SHB,Nakashibetsu Airport,Nakashibetsu,JP,JP-01,43.5774993896,144.960006714,medium
SHC,Shire Inda Selassie Airport,Shire Inda Selassie,ET,ET-TI,14.075699,38.273592,small
SHD,Shenandoah Valley Regional Airport,Weyers Cave,US,US-VA,38.263802,-78.8964,medium
SHE,Shenyang Taoxian International Airport,Shenyang,CN,CN-21,41.6398,123.483668,large
SHF,Shihezi Huayuan Airport,Shihezi,CN,CN-65,44.2421,85.8905,small
SHG,Shungnak Airport,Shungnak,US,US-AK,66.88809967041,-157.16200256348,small
SHH,Shishmaref Airport,Shishmaref,US,US-AK,66.249604,-166.089112,small
SHI,Shimojishima Airport,Miyakojima,JP,JP-47,24.8267,125.144997,medium
SHJ,Sharjah International Airport,Sharjah,AE,AE-SH,25.3286,55.5172,large
SHL,Shillong Airport,Shillong,IN,IN-ML,25.70359992980957,91.97869873046875,medium
SHM,Nanki Shirahama Airport,Shirahama,JP,JP-30,33.6622009277,135.363998413,medium
SHO,King Mswati III International Airport,Mpaka,SZ,SZ-LU,-26.358611,31.716944,large
SHR,Sheridan County Airport,Sheridan,US,US-WY,44.76919937133789,-106.9800033569336,medium
SHS,Jingzhou Shashi Airport,Jingzhou (Shashi),CN,CN-42,30.29281,112.44854,medium
SHV,Shreveport Regional Airport,Shreveport,US,US-LA,32.444747,-93.826741,medium
SHW,Sharurah Domestic Airport,Sharurah,SA,SA-10,17.4669,47.121399,medium
SHY,Shinyanga Airport,Shinyanga,TZ,TZ-22,-3.6093,33.5035,small
SID,Amílcar Cabral International Airport,Espargos,CV,CV-B,16.7414,-22.9494,large
SIF,Simara Airport,Simara,NP,NP-P2,27.159803,84.980021,small
SIG,Fernando Luis Ribas Dominicci Airport,San Juan,PR,PR-U-A,18.45680046081543,-66.09809875488281,medium
SIH,Silgadi Doti Airport,Silgadi Doti,NP,NP-P7,29.262226,80.935968,small
SIN,Singapore Changi Airport,Singapore,SG,SG-04,1.35019,103.994003,large
SIP,Simferopol International Airport,Simferopol,UA,UA-43,45.0522,33.975101,large
SIS,Sishen Airport,Sishen,ZA,ZA-NC,-27.6486,22.9993,medium
SIT,Sitka Rocky Gutierrez Airport,Sitka,US,US-AK,57.04710006713867,-135.36199951171875,medium
SJC,Norman Y. Mineta San Jose International Airport,San Jose,US,US-CA,37.362452,-121.929188,large
SJD,Los Cabos International Airport,San José del Cabo,MX,MX-BCS,23.151919,-109.720731,large
SJE,Jorge E. Gonzalez Torres Airport,San José Del Guaviare,CO,CO-GUV,2.57969,-72.6394,medium
SJI,San Jose Airport,San Jose,PH,PH-MDC,12.361499786399998,121.04699707,medium
SJJ,Sarajevo International Airport,Sarajevo,BA,BA-BIH,43.8246,18.331499,large
SJK,Professor Urbano Ernesto Stumpf Airport,São José Dos Campos,BR,BR-SP,-23.2292,-45.8615,medium
SJL,São Gabriel da Cachoeira Airport,São Gabriel da Cachoeira,BR,BR-AM,-0.14835,-66.9855,medium
SJO,Juan Santamaría International Airport,San José (Alajuela),CR,CR-A,9.99386,-84.208801,large
SJP,Prof. Eribelto Manoel Reino State Airport,São José do Rio Preto,BR,BR-SP,-20.817113,-49.406963,medium
SJT,San Angelo Regional Mathis Field,San Angelo,US,US-TX,31.35770034790039,-100.49600219726562,medium
SJU,Luis Munoz Marin International Airport,San Juan,PR,PR-U-A,18.4394,-66.001801,large
SJW,Shijiazhuang Zhengding International Airport,Shijiazhuang,CN,CN-13,38.280701,114.696999,large
SJZ,São Jorge Airport,Velas,PT,PT-20,38.665501,-28.1758,medium
SKB,Robert L. Bradshaw International Airport,Basseterre,KN,KN-U-A,17.310845,-62.719117,large
SKD,Samarkand International Airport,Samarkand,UZ,UZ-SA,39.701842,66.981467,large
SKG,Thessaloniki Macedonia International Airport,Thessaloniki,GR,GR-B,40.51928,22.970009,large
SKH,Surkhet Airport,Surkhet,NP,NP-P6,28.586,81.636002,small
SKK,Shaktoolik Airport,Shaktoolik,US,US-AK,64.371101,-161.223999,small
SKN,"Stokmarknes Airport, Skagen",Hadsel,NO,NO-18,68.578827,15.033417,medium
SKO,Sadiq Abubakar III International Airport,Sokoto,NG,NG-SO,12.915729,5.207547,large
SKP,Skopje International Airport,Ilinden,MK,MK-008,41.958087,21.622581,large
SKT,Sialkot International Airport,Sialkot,PK,PK-PB,32.535941,74.364623,large
SKU,Skiros Airport,Skiros Island,GR,GR-H,38.9676017761,24.4871997833,small
SKX,Saransk International Airport,Saransk,RU,RU-MO,54.12513,45.212257,large
SKZ,Begum Nusrat Bhutto International Airport Sukkur,Sukkur,PK,PK-SD,27.722,68.791702,medium
SLA,Martín Miguel de Güemes International Airport,Salta,AR,AR-A,-24.856001,-65.486198,large
SLC,Salt Lake City International Airport,Salt Lake City,US,US-UT,40.78886,-111.979866,large
SLD,Sliač Airport,Sliač,SK,SK-BC,48.63779830932617,19.13409996032715,medium
SLE,Salem-Willamette Valley Airport/McNary Field,Salem,US,US-OR,44.9095,-123.002998,medium
SLH,Sola Airport,Sola,VU,VU-TOB,-13.8516998291,167.537002563,small
SLI,Solwesi Airport,Solwesi,ZM,ZM-06,-12.173700332641602,26.365100860595703,small
SLK,Adirondack Regional Airport,Saranac Lake,US,US-NY,44.38691,-74.204629,medium
SLL,Salalah International Airport,Salalah,OM,OM-ZU,17.0387,54.091301,large
SLM,Salamanca Airport,Salamanca,ES,ES-CL,40.952099,-5.50199,medium
SLN,Salina Municipal Airport,Salina,US,US-KS,38.79100036621094,-97.6521987915039,medium
SLP,Ponciano Arriaga International Airport,San Luis Potosí,MX,MX-SLP,22.262026,-100.935692,medium
SLQ,Sleetmute Airport,Sleetmute,US,US-AK,61.7005,-157.166,small
SLU,George F. L. Charles Airport,Castries,LC,LC-02,14.0202,-60.992901,medium
SLW,Plan de Guadalupe International Airport,Saltillo,MX,MX-COA,25.53786,-100.928346,medium
SLX,Salt Cay Airport,Salt Cay,TC,TC-SL,21.333000183099998,-71.1999969482,small
SLY,Salekhard Airport,Salekhard,RU,RU-YAN,66.5907974243164,66.61100006103516,medium
SLZ,Marechal Cunha Machado International Airport,São Luís,BR,BR-MA,-2.586386,-44.235008,large
SMA,Santa Maria Airport,Vila do Porto,PT,PT-20,36.97140121459961,-25.17060089111328,medium
SMF,Sacramento International Airport,Sacramento,US,US-CA,38.6954,-121.591003,large
SMI,Samos Airport,Samos Island,GR,GR-K,37.689999,26.911699,medium
SMK,St Michael Airport,St Michael,US,US-AK,63.49010086,-162.1100006,small
SML,Stella Maris Airport,Stella Maris,BS,BS-LI,23.582317,-75.268621,medium
SMN,Lemhi County Airport,Salmon,US,US-ID,45.122233,-113.88196,medium
SMQ,Sampit (H.Asan) Airport,Sampit,ID,ID-KT,-2.499198,112.974987,small
SMR,Simón Bolívar International Airport,Santa Marta,CO,CO-MAG,11.1196,-74.2306,medium
SMS,Sainte Marie Airport,Vohilava,MG,MG-A,-17.093901,49.8158,medium
SMT,Adolino Bedin Regional Airport,Sorriso,BR,BR-MT,-12.479177,-55.672341,small
SMW,Smara Airport,Smara,EH,EH-U-A,26.731987,-11.683655,medium
SMX,Santa Maria Public Airport Captain G Allan Hancock Field,Santa Maria,US,US-CA,34.898899,-120.457001,medium
SNA,John Wayne Orange County International Airport,Santa Ana,US,US-CA,33.675063,-117.869281,large
SNB,Snake Bay Airport,Milikapiti,AU,AU-NT,-11.417674,130.648481,medium
SNC,General Ulpiano Paez International Airport,Salinas/La Libertad,EC,EC-25,-2.210057,-80.985067,large
SNE,Preguiça Airport,Preguiça,CV,CV-B,16.588852,-24.284132,medium
SNN,Shannon Airport,Shannon,IE,IE-CE,52.702,-8.92482,large
SNO,Sakon Nakhon Airport,,TH,TH-47,17.195100784301758,104.11900329589844,medium
SNP,St Paul Island Airport,St Paul Island,US,US-AK,57.166311,-170.222555,medium
SNR,Saint-Nazaire-Montoir Airport,Saint-Nazaire/Montoir,FR,FR-PDL,47.31142,-2.152634,medium
SNU,Abel Santamaria International Airport,Santa Clara,CU,CU-05,22.492215,-79.943119,large
SNV,Santa Elena de Uairén Airport,Santa Elena de Uairén,VE,VE-F,4.554699,-61.145234,medium
SNW,Thandwe Airport,Thandwe,MM,MM-16,18.4606990814209,94.30010223388672,medium
SNX,Semnan Municipal Airport,Semnan,IR,IR-20,35.591099,53.495098,small
SOB,Hévíz–Balaton Airport,Sármellék,HU,HU-ZA,46.686391,17.159084,medium
SOC,Adisoemarmo International Airport,Surakarta,ID,ID-JT,-7.516044,110.757492,large
SOD,Sorocaba Airport,Sorocaba,BR,BR-SP,-23.478001,-47.490002,small
SOF,Sofia Airport,Sofia,BG,BG-22,42.696357,23.417671,large
SOG,"Sogndal Airport, Haukåsen",Sogndal,NO,NO-46,61.156101,7.13778,small
SOJ,Sørkjosen Airport,Sørkjosen,NO,NO-55,69.786797,20.9594,medium
SOM,San Tomé Airport,El Tigre,VE,VE-B,8.9451465606689,-64.151084899902,medium
SON,Santo Pekoa International Airport,Luganville,VU,VU-SAM,-15.505000114399998,167.220001221,medium
SOQ,Domine Eduard Osok Airport,Sorong,ID,ID-PB,-0.894,131.287,medium
SOU,Southampton Airport,Southampton,GB,GB-ENG,50.950298,-1.3568,medium
SOV,Seldovia Airport,Seldovia,US,US-AK,59.442981,-151.705227,small
SOW,Show Low Regional Airport,Show Low,US,US-AZ,34.264062,-110.007091,medium
SOY,Stronsay Airport,Stronsay,GB,GB-SCT,59.1553,-2.64139,small
SPC,La Palma Airport,"Sta Cruz de la Palma, La Palma Island",ES,ES-CN,28.626499,-17.7556,medium
SPD,Saidpur Airport,Saidpur,BD,BD-E,25.759199,88.908897,medium
SPI,Abraham Lincoln Capital Airport,Springfield,US,US-IL,39.844101,-89.677902,medium
SPN,Saipan International Airport,"I Fadang, Saipan",MP,MP-U-A,15.119384,145.728848,medium
SPP,Menongue Airport,Menongue,AO,AO-CCU,-14.657600402832031,17.71980094909668,medium
SPR,John Greif II Airport,San Pedro,BZ,BZ-CY,17.9139,-87.9711,medium
SPS,Wichita Falls Municipal Airport / Sheppard Air Force Base,Wichita Falls,US,US-TX,33.9888,-98.491898,medium
SPU,Split Saint Jerome Airport,Split,HR,HR-17,43.538898,16.298,large
SPX,Sphinx International Airport,Al Jiza,EG,EG-GZ,30.108179,30.895728,large
SPY,San Pedro Airport,,CI,CI-BS,4.74672,-6.66082,medium
SQD,Shangrao Sanqingshan Airport,Shangrao (Hengfeng),CN,CN-36,28.3797,117.9643,medium
SQG,Tebelian Airport,Sintang,ID,ID-KB,-0.045214,111.458049,medium
SQJ,Sanming Shaxian Airport,Sanming (Sha),CN,CN-35,26.4263,117.8336,medium
SQL,San Carlos Airport,San Carlos,US,US-CA,37.51313,-122.250838,medium
SRA,Luis Alberto Lehr Airport,Santa Rosa,BR,BR-RS,-27.90658,-54.520628,small
SRE,Alcantarí International Airport,Sucre,BO,BO-H,-19.246835,-65.149611,large
SRG,Jenderal Ahmad Yani Airport,Semarang,ID,ID-JT,-6.970732,110.373244,large
SRL,Palo Verde Airport,Mulegé,MX,MX-BCS,27.0927,-112.0985,small
SRP,"Stord Airport, Sørstokken",Leirvik,NO,NO-46,59.791901,5.34085,medium
SRQ,Sarasota Bradenton International Airport,Sarasota/Bradenton,US,US-FL,27.394631,-82.554359,large
SRT,Soroti Airport,Soroti,UG,UG-E,1.7276899814605713,33.622798919677734,medium
SRV,Stony River 2 Airport,Stony River,US,US-AK,61.7897,-156.589005,small
SRY,Sari Dasht-e Naz International Airport,Sari,IR,IR-02,36.644408,53.188761,medium
SRZ,El Trompillo Airport,Santa Cruz,BO,BO-S,-17.8115997314,-63.1715011597,medium
SSA,Deputado Luiz Eduardo Magalhães International Airport,Salvador,BR,BR-BA,-12.908611,-38.322498,large
SSG,Malabo International Airport,Malabo,GQ,GQ-BN,3.75527,8.70872,large
SSH,Sharm El Sheikh International Airport,Sharm El Sheikh,EG,EG-JS,27.977272,34.394717,large
SSJ,"Sandnessjøen Airport, Stokka",Alstahaug,NO,NO-18,65.956802,12.4689,medium
SSR,Sara Airport,Pentecost Island,VU,VU-PAM,-15.4708003998,168.151992798,small
SST,Santa Teresita Airport,Santa Teresita,AR,AR-B,-36.5423,-56.7218,medium
SSW,Stuart Island Airpark,Friday Harbor,US,US-WA,48.673379,-123.175439,small
SSY,Mbanza Congo Airport,Mbanza Congo,AO,AO-ZAI,-6.269899845123291,14.246999740600586,medium
STC,Saint Cloud Regional Airport,Saint Cloud,US,US-MN,45.5466,-94.059898,medium
STD,Mayor Buenaventura Vivas International Airport,Santo Domingo,VE,VE-S,7.56538,-72.035103,medium
STG,St George Airport,St George,US,US-AK,56.577345,-169.663823,medium
STI,Cibao International Airport,Santiago,DO,DO-25,19.40406,-70.604431,large
STL,St. Louis Lambert International Airport,St Louis,US,US-MO,38.748697,-90.370003,large
STM,Santarém - Maestro Wilson Fonseca International Airport,Santarém,BR,BR-PA,-2.422423,-54.79306,medium
STN,London Stansted Airport,"London, Essex",GB,GB-ENG,51.884998,0.235,large
STR,Stuttgart Airport,Stuttgart,DE,DE-BW,48.689899,9.22196,large
STS,Charles M. Schulz Sonoma County Airport,Santa Rosa,US,US-CA,38.50899887,-122.8130035,medium
STT,Cyril E. King Airport,Charlotte Amalie,VI,VI-ST,18.337091,-64.977251,large
STV,Surat International Airport,Surat,IN,IN-GJ,21.115531,72.743251,large
STW,Stavropol Shpakovskoye Airport,Stavropol,RU,RU-STA,45.10919952392578,42.11280059814453,medium
STX,Henry E. Rohlsen Airport,Christiansted,VI,VI-SC,17.701413,-64.802608,medium
SUB,Juanda International Airport,Surabaya,ID,ID-JI,-7.37983,112.787003,large
SUF,Lamezia Terme Sant'Eufemia International Airport,Lamezia Terme (CZ),IT,IT-78,38.906214,16.246007,large
SUG,Surigao Airport,Surigao City,PH,PH-SUN,9.755838325629998,125.480947495,medium
SUI,Vladislav Ardzinba Sukhum International Airport,Sukhumi,GE,GE-AB,42.8582,41.128101,medium
SUJ,Satu Mare International Airport,Satu Mare,RO,RO-SM,47.7033,22.8857,medium
SUK,Sakkyryr Airport,Batagay-Alyta,RU,RU-SA,67.792,130.394,small
SUN,Friedman Memorial Airport,Hailey,US,US-ID,43.50439835,-114.2959976,medium
SUR,Summer Beaver Airport,Summer Beaver,CA,CA-ON,52.70859909057617,-88.54190063476562,small
SUV,Nausori International Airport,Nausori,FJ,FJ-C,-18.044226,178.561486,large
SUX,Sioux Gateway Airport / Brigadier General Bud Day Field,Sioux City,US,US-IA,42.397605,-96.382237,medium
SUY,Suntar Airport,Suntar,RU,RU-SA,62.185001373291,117.63500213623,small
SVA,Savoonga Airport,Savoonga,US,US-AK,63.686401,-170.492996,medium
SVB,Sambava Airport,Sambava,MG,MG-D,-14.2786,50.174702,medium
SVC,Grant County Airport,Silver City,US,US-NM,32.636701,-108.154736,medium
SVD,Argyle International Airport,Kingstown,VC,VC-04,13.159725,-61.148801,large
SVG,"Stavanger Airport, Sola",Stavanger,NO,NO-11,58.876701,5.63778,large
SVI,Eduardo Falla Solano Airport,San Vicente Del Caguán,CO,CO-CAQ,2.15217,-74.7663,medium
SVJ,"Svolvær Airport, Helle",Svolvær,NO,NO-18,68.243301,14.6692,medium
SVL,Savonlinna Airport,Savonlinna,FI,FI-04,61.9431,28.945101,medium
SVO,Sheremetyevo International Airport,Moscow,RU,RU-MOS,55.976858,37.41121,large
SVQ,Seville Airport,Seville,ES,ES-AN,37.417999,-5.89311,large
SVS,Stevens Village Airport,Stevens Village,US,US-AK,66.016727,-149.056835,small
SVU,Savusavu Airport,Savusavu,FJ,FJ-N,-16.803394,179.340587,small
SVX,Koltsovo Airport,Yekaterinburg,RU,RU-SVE,56.743099212646,60.802700042725,large
SVZ,Juan Vicente Gómez International Airport,San Antonio del Tachira,VE,VE-S,7.840809,-72.439878,medium
SWA,Jieyang Chaoshan International Airport,Jieyang (Rongcheng),CN,CN-44,23.552,116.5033,large
SWF,New York Stewart International Airport,Newburgh,US,US-NY,41.50421,-74.108901,medium
SWL,San Vicente Airport,San Vicente,PH,PH-PLW,10.524298,119.272899,small
SWO,Stillwater Regional Airport,Stillwater,US,US-OK,36.162132,-97.085581,medium
SWQ,Sultan Muhammad Kaharuddin III Airport,Sumbawa Besar,ID,ID-NB,-8.48904,117.412003,small
SWX,Shakawe Airport,Shakawe,BW,BW-NW,-18.373899459838867,21.832599639892578,small
SXB,Strasbourg Airport,Strasbourg,FR,FR-GES,48.5383,7.62823,large
SXK,Mathilda Batlayeri Airport,Saumlaki-Yamdena Island,ID,ID-MA,-7.848354,131.337068,small
SXM,Princess Juliana International Airport,Sint Maarten,SX,SX-U-A,18.041,-63.108898,large
SXP,Nunam Iqua Airport,Nunam Iqua,US,US-AK,62.520599,-164.848006,small
SXR,Sheikh ul Alam International Airport,Srinagar,IN,IN-JK,33.987099,74.7742,large
SYD,Sydney Kingsford Smith International Airport,Sydney (Mascot),AU,AU-NSW,-33.946098,151.177002,large
SYM,Pu'er Simao Airport,Pu'er,CN,CN-53,22.793301,100.959,small
SYO,Shonai Airport,Shonai,JP,JP-06,38.812199,139.787003,medium
SYQ,Tobías Bolaños International Airport,San Jose,CR,CR-SJ,9.95705,-84.139801,medium
SYR,Syracuse Hancock International Airport,Syracuse,US,US-NY,43.11119842529297,-76.1063003540039,large
SYS,Saskylakh Airport,Saskylakh,RU,RU-SA,71.927902,114.080002,medium
SYU,Warraber Island Airport,Sue Islet,AU,AU-QLD,-10.20829963684082,142.8249969482422,small
SYX,Sanya Phoenix International Airport,Sanya (Tianya),CN,CN-46,18.3029,109.412003,large
SYY,Stornoway Airport,"Stornoway, Western Isles",GB,GB-SCT,58.215599,-6.33111,medium
SYZ,Shiraz Shahid Dastghaib International Airport,Shiraz,IR,IR-07,29.5392,52.589802,large
SZA,Soyo Airport,Soyo,AO,AO-ZAI,-6.141089916229248,12.371800422668457,medium
SZB,Sultan Abdul Aziz Shah International Airport,Subang,MY,MY-10,3.13058,101.549004,large
SZE,Semera Airport,Semera,ET,ET-AF,11.7875,40.9915,small
SZF,Samsun-Çarşamba Airport,Samsun,TR,TR-55,41.253988,36.567546,medium
SZG,Salzburg Airport,Salzburg,AT,AT-5,47.793301,13.0043,large
SZH,Shuozhou Zirun Airport,Shuozhou,CN,CN-14,39.273241,112.691552,medium
SZI,Zaysan Airport,Zaysan,KZ,KZ-VOS,47.487491,84.887675,small
SZK,Skukuza Airport,Skukuza,ZA,ZA-MP,-24.96085,31.588587,medium
SZX,Shenzhen Bao'an International Airport,Shenzhen,CN,CN-44,22.639474,113.803262,large
SZY,Olsztyn-Mazury Airport,Szymany,PL,PL-WN,53.481899,20.9377,medium
SZZ,Solidarity Szczecin–Goleniów Airport,Szczecin(Glewice),PL,PL-ZP,53.584702,14.9022,large
TAB,A.N.R. Robinson International Airport,Scarborough,TT,TT-TOB,11.149571,-60.831298,large
TAC,Daniel Z. Romualdez Airport,Tacloban City,PH,PH-LEY,11.227761,125.027783,medium
TAE,Daegu International Airport,Daegu,KR,KR-27,35.894394,128.656989,large
TAG,Bohol-Panglao International Airport,Panglao,PH,PH-BOH,9.573045,123.770143,large
TAH,Whitegrass Airport,Tanna Island,VU,VU-TAE,-19.455099,169.223999,medium
TAI,Taiz International Airport,Taiz,YE,YE-TA,13.686,44.139099,medium
TAK,Takamatsu Airport,Takamatsu,JP,JP-37,34.214963,134.015454,large
TAL,Ralph M Calhoun Memorial Airport,Tanana,US,US-AK,65.1744,-152.108994,small
TAM,General Francisco Javier Mina International Airport,Ciudad Madero,MX,MX-TAM,22.292622,-97.867058,medium
TAO,Qingdao Jiaodong International Airport,Qingdao (Jiaozhou),CN,CN-37,36.361953,120.088171,large
TAP,Tapachula International Airport,Tapachula,MX,MX-CHP,14.794549,-92.369871,medium
TAS,Tashkent International Airport,Tashkent,UZ,UZ-TO,41.2579,69.281197,large
TAT,Poprad-Tatry Airport,Poprad,SK,SK-PV,49.070994,20.241394,medium
TAY,Tartu Airport,Tartu,EE,EE-7B,58.307438,26.686473,medium
TAZ,Dashoguz International Airport,Daşoguz,TM,TM-D,41.759853,59.836149,large
TBB,Dong Tac Airport,Tuy Hoa,VN,VN-SCC,13.0496,109.334,medium
TBG,Tabubil Airport,Tabubil,PG,PG-WPD,-5.280471,141.227576,small
TBH,Tugdan Airport,Tablas Island,PH,PH-ROM,12.3109998703,122.084999084,medium
TBI,New Bight Airport,Cat Island,BS,BS-CI,24.3153,-75.452301,medium
TBJ,Tabarka-Aïn Draham International Airport,Tabarka,TN,TN-32,36.98,8.87694,medium
TBM,Tumbang Samba Airport,Tumbang Samba-Borneo Island,ID,ID-KT,-1.469024,113.080984,small
TBN,Waynesville-St. Robert Regional Airport-Forney Field,Fort Leonard Wood,US,US-MO,37.7416,-92.140701,medium
TBO,Tabora Airport,Tabora,TZ,TZ-24,-5.07639,32.833302,small
TBP,Captain Pedro Canga Rodríguez International Airport,Tumbes,PE,PE-TUM,-3.552074,-80.381086,medium
TBS,Tbilisi International Airport,Tbilisi,GE,GE-TB,41.669201,44.9547,large
TBT,Tabatinga International Airport,Tabatinga,BR,BR-AM,-4.25567,-69.935799,medium
TBU,Fua'amotu International Airport,Nuku'alofa,TO,TO-04,-21.241438,-175.149164,large
TBZ,Tabriz International Airport,Tabriz,IR,IR-03,38.1339,46.235001,large
TCA,Tennant Creek Airport,Tennant Creek,AU,AU-NT,-19.6343994140625,134.18299865722656,medium
TCB,Treasure Cay Airport,Treasure Cay,BS,BS-CO,26.745300293,-77.3912963867,medium
TCD,Tarapacá Airport,Tarapacá,CO,CO-AMA,-2.895802,-69.749762,small
TCG,Tacheng Qianquan Airport,Tacheng,CN,CN-65,46.672501,83.340797,small
TCO,La Florida Airport,Tumaco,CO,CO-NAR,1.81442,-78.7492,medium
TCP,Taba International Airport,Taba,EG,EG-JS,29.594496,34.775752,medium
TCQ,Coronel FAP Carlos Ciriani Santa Rosa International Airport,Tacna,PE,PE-TAC,-18.053300857500002,-70.2758026123,medium
TCR,Tuticorin Airport,Vagaikulam,IN,IN-TN,8.724241,78.025803,small
TCT,Takotna Airport,Takotna,US,US-AK,62.993206,-156.029026,small
TCZ,Tengchong Tuofeng Airport,Baoshan (Tengchong),CN,CN-53,24.938056,98.485833,medium
TDD,Teniente Av. Jorge Henrich Arauz Airport,Trinidad,BO,BO-B,-14.8187,-64.917999,medium
TDK,Taldykorgan Airport,Taldykorgan,KZ,KZ-JET,45.12255,78.442758,medium
TDS,Sasereme Airport,Sasereme,PG,PG-WPD,-7.6217,142.868,small
TDX,Trat Airport,Laem Ngop,TH,TH-23,12.2746,102.319,medium
TEB,Teterboro Airport,Teterboro,US,US-NJ,40.850101,-74.060799,medium
TEE,Cheikh Larbi Tébessi Airport,Tébessi,DZ,DZ-12,35.4315986633,8.12071990967,medium
TEK,Tatitlek Airport,Tatitlek,US,US-AK,60.871449,-146.690297,small
TEN,Tongren Fenghuang Airport,Tongren (Daxing),CN,CN-52,27.883333,109.308889,medium
TEQ,Tekirdağ Çorlu Airport,Çorlu,TR,TR-59,41.138199,27.9191,medium
TER,Lajes Airport,Praia da Vitória,PT,PT-20,38.761799,-27.090799,medium
TET,Tete Airport,Tete,MZ,MZ-T,-16.104799,33.640202,large
TEX,Telluride Regional Airport,Telluride,US,US-CO,37.9538,-107.907997,medium
TEZ,Tezpur Airport,,IN,IN-AS,26.7091007232666,92.78469848632812,medium
TFF,Tefé Airport,Tefé,BR,BR-AM,-3.38294,-64.724098,medium
TFI,Tufi Airport,Tufi,PG,PG-NPP,-9.07595443726,149.319839478,small
TFN,Tenerife Norte-Ciudad de La Laguna Airport,Tenerife,ES,ES-CN,28.482752,-16.341707,large
TFS,Tenerife Sur Airport,Tenerife,ES,ES-CN,28.0445,-16.5725,large
TFU,Chengdu Tianfu International Airport,Chengdu (Jianyang),CN,CN-51,30.31252,104.441284,large
TGD,Podgorica Airport / Podgorica Golubovci Airbase,Podgorica,ME,ME-16,42.359402,19.2519,large
TGG,Sultan Mahmud Airport,Kuala Terengganu,MY,MY-11,5.3826398849487305,103.10299682617188,medium
TGH,Tongoa Airport,Tongoa Island,VU,VU-SEE,-16.8910999298,168.550994873,small
TGJ,Tiga Airport,Tiga,NC,NC-01,-21.096407,167.80379,medium
TGK,Taganrog Yuzhny Airport,Taganrog,RU,RU-ROS,47.1983333,38.8491667,medium
TGM,Târgu Mureş Transilvania International Airport,Recea,RO,RO-MS,46.467701,24.4125,medium
TGO,Tongliao Airport,Tongliao,CN,CN-15,43.556702,122.199997,medium
TGQ,Tangará da Serra Airport,Tangará da Serra,BR,BR-MT,-14.662,-57.443744,small
TGR,Touggourt Sidi Madhi Airport,Touggourt,DZ,DZ-55,33.067799,6.08867,medium
TGT,Tanga Airport,Tanga,TZ,TZ-25,-5.09236,39.071201,medium
TGU,Toncontín Airport,Tegucigalpa,HN,HN-FM,14.0609,-87.217201,medium
TGZ,Angel Albino Corzo International Airport,Tuxtla Gutiérrez,MX,MX-CHP,16.561611,-93.025731,medium
THD,Tho Xuan Airport,Thanh Hóa,VN,VN-NC,19.901667,105.467778,small
THE,Senador Petrônio Portela Airport,Teresina,BR,BR-PI,-5.06025,-42.823712,medium
THG,Thangool Airport,Biloela,AU,AU-QLD,-24.494863,150.577967,medium
THL,Tachileik Airport,Tachileik,MM,MM-17,20.483800888061523,99.9354019165039,medium
THN,Trollhättan-Vänersborg Airport,Trollhättan,SE,SE-Q,58.31809997558594,12.345000267028809,medium
THO,Þórshöfn Airport,Þórshöfn,IS,IS-6,66.218459,-15.334739,small
THQ,Tianshui Maijishan Airport,Tianshui (Maiji),CN,CN-62,34.5601,105.860343,medium
THR,Mehrabad International Airport,Tehran,IR,IR-23,35.689175,51.314392,large
THS,Sukhothai Airport,,TH,TH-64,17.238000869750977,99.81819915771484,medium
THU,Pituffik Space Base,Pituffik,GL,GL-AV,76.53063,-68.700541,medium
THX,Turukhansk Airport,Turukhansk,RU,RU-KYA,65.797203,87.935303,small
TIA,Tirana International Airport Mother Teresa,Rinas,AL,AL-02,41.4147,19.7206,large
TIE,Tippi Airport,Tippi,ET,ET-SW,7.2024,35.415,small
TIF,Taif International Airport,Taif,SA,SA-02,21.484739,40.544074,large
TIH,Tikehau Airport,Tuherahera,PF,PF-U-A,-15.1196,-148.231003,medium
TIJ,General Abelardo L. Rodriguez International Airport,Tijuana,MX,MX-BCN,32.541043,-116.969976,large
TIM,Mozes Kilangin Airport,Timika,ID,ID-PT,-4.52978,136.887388,medium
TIN,Tindouf Airport,Tindouf,DZ,DZ-37,27.7003993988,-8.167099952700001,medium
TIQ,Francisco Manglona Borja / Tinian International Airport,Tinian Island,MP,MP-U-A,14.999207,145.619355,medium
TIR,Tirupati International Airport,Tirupati,IN,IN-AP,13.631988,79.539869,large
TIU,Timaru Airport,,NZ,NZ-CAN,-44.302799224853516,171.22500610351562,medium
TIV,Tivat Airport,Tivat,ME,ME-19,42.404701,18.723301,medium
TIW,Tacoma Narrows Airport,Tacoma,US,US-WA,47.267407,-122.577295,medium
TIZ,Tari Airport,Tari,PG,PG-HLA,-5.845,142.947998,small
TJA,Capitan Oriel Lea Plaza Airport,Tarija,BO,BO-T,-21.5557,-64.701302,medium
TJG,Warukin Airport,Tanta-Tabalong,ID,ID-KS,-2.21656,115.435997,medium
TJH,Konotori Tajima Airport,Toyooka,JP,JP-28,35.512798,134.787003,medium
TJK,Tokat Airport,Tokat,TR,TR-60,40.32472,36.39056,medium
TJL,Plínio Alarcom Airport,Três Lagoas,BR,BR-MS,-20.752643,-51.682026,small
TJM,Roshchino International Airport,Tyumen,RU,RU-TYU,57.178984,65.327696,large
TJQ,H A S Hanandjoeddin International Airport,Tanjung Pandan,ID,ID-BB,-2.744109,107.754535,small
TJS,Tanjung Harapan Airport,Tanjung Selor-Borneo Island,ID,ID-KU,2.838139,117.374584,small
TJU,Kulob International Airport,Kulob,TJ,TJ-KT,37.988098,69.805,large
TKD,Takoradi Airport,Sekondi-Takoradi,GH,GH-WP,4.896059989929199,-1.7747600078582764,medium
TKF,Truckee Tahoe Airport,Truckee,US,US-CA,39.318628,-120.140562,medium
TKG,Radin Inten II International Airport,Bandar Lampung,ID,ID-LA,-5.246803,105.182531,medium
TKJ,Tok Junction Airport,Tok,US,US-AK,63.32949829,-142.9539948,small
TKK,Chuuk International Airport,Weno Island,FM,FM-TRK,7.46187,151.843002,large
TKM,Taksimo Airport,Taksimo,RU,RU-BU,56.361668,114.93,small
TKN,Tokunoshima Airport,Amagi,JP,JP-46,27.836382,128.881356,medium
TKP,Takapoto Airport,,PF,PF-U-A,-14.709500312805176,-145.24600219726562,medium
TKQ,Kigoma Airport,Kigoma,TZ,TZ-08,-4.8862,29.6709,small
TKS,Tokushima Awaodori Airport / JMSDF Tokushima Air Base,Tokushima,JP,JP-36,34.132559,134.607816,large
TKU,Turku Airport,Turku,FI,FI-19,60.514099,22.2628,large
TKV,Tatakoto Airport,Tatakoto,PF,PF-U-A,-17.355226,-138.44734,small
TKX,Takaroa Airport,,PF,PF-U-A,-14.45580005645752,-145.02499389648438,medium
TLA,Teller Airport,Teller,US,US-AK,65.240402,-166.339005,small
TLC,Adolfo López Mateos International Airport,Toluca,MX,MX-MEX,19.3369,-99.56583,large
TLE,Toliara Airport,Toliara,MG,MG-U,-23.3834,43.7285,medium
TLH,Tallahassee International Airport,Tallahassee,US,US-FL,30.401209,-84.35433,medium
TLI,Sultan Bantilan Airport,Toli Toli-Celebes Island,ID,ID-ST,1.123428,120.793658,small
TLL,Lennart Meri Tallinn Airport,Tallinn,EE,EE-37,59.413246,24.83264,large
TLM,Zenata – Messali El Hadj Airport,Zenata,DZ,DZ-13,35.012732,-1.457117,large
TLN,Toulon-Hyères Airport,"Hyères, Var",FR,FR-PAC,43.097301,6.14603,medium
TLQ,Turpan Jiaohe Airport,Turpan,CN,CN-65,43.0308,89.0987,medium
TLS,Toulouse-Blagnac Airport,Toulouse/Blagnac,FR,FR-OCC,43.629101,1.36382,large
TLT,Tuluksak Airport,Tuluksak,US,US-AK,61.086973,-160.922842,small
TLU,Golfo de Morrosquillo Airport,Santiago de Tolú,CO,CO-SUC,9.50945,-75.5854,small
TLV,Ben Gurion International Airport,Tel Aviv,IL,IL-M,32.011398,34.8867,large
TLY,Plastun Airport,Plastun,RU,RU-PRI,44.814999,136.292007,small
TMC,Tambolaka Airport,Radamata,ID,ID-NT,-9.409224,119.242558,small
TME,Gustavo Vargas Airport,Tame,CO,CO-ARA,6.45108,-71.7603,medium
TMF,Thimarafushi Airport,Thimarafushi,MV,MV-08,2.211,73.1533,small
TMG,Tomanggong Airport,Tomanggong,MY,MY-12,5.40257,118.65763,small
TMH,Tanah Merah Airport,Tanah Merah,ID,ID-PS,-6.09669,140.303521,medium
TMI,Tumling Tar Airport,Tumling Tar,NP,NP-P1,27.315001,87.193298,small
TMJ,Termez Airport,Termez,UZ,UZ-SU,37.287261,67.311869,medium
TML,Yakubu Tali International Airport,Tamale,GH,GH-NP,9.553909,-0.86606,large
TMM,Toamasina Ambalamanasy Airport,Toamasina,MG,MG-A,-18.113537,49.392262,large
TMP,Tampere-Pirkkala Airport,Tampere / Pirkkala,FI,FI-11,61.414101,23.604401,large
TMR,Aguenar – Hadj Bey Akhamok Airport,Tamanrasset,DZ,DZ-11,22.810992,5.450832,large
TMS,São Tomé International Airport,São Tomé,ST,ST-01,0.378175,6.71215,large
TMT,Trombetas Airport,Oriximiná,BR,BR-PA,-1.4896,-56.396801,medium
TMW,Tamworth Airport,Tamworth,AU,AU-NSW,-31.077898,150.845484,medium
TMX,Timimoun Airport,Timimoun,DZ,DZ-54,29.237101,0.276033,medium
TNA,Jinan Yaoqiang International Airport,Jinan (Licheng),CN,CN-37,36.857201,117.216003,large
TNC,Tin City Long Range Radar Station Airport,Tin City,US,US-AK,65.563103,-167.921997,small
TND,Alberto Delgado Airport,Trinidad,CU,CU-07,21.7883,-79.9972,medium
TNE,New Tanegashima Airport,Tanegashima,JP,JP-46,30.605100631699997,130.990997314,medium
TNG,Tangier Ibn Battuta Airport,Tangier,MA,MA-01,35.731741,-5.921459,large
TNH,Tonghua Sanyuanpu Airport,Tonghua,CN,CN-22,42.048435,125.733963,medium
TNJ,Raja Haji Fisabilillah International Airport,Tanjung Pinang-Bintan Island,ID,ID-KR,0.92397,104.53341,medium
TNK,Tununak Airport,Tununak,US,US-AK,60.569638,-165.246649,small
TNN,Tainan International Airport / Tainan Air Base,Tainan (Rende),TW,TW-TNN,22.950399,120.206001,large
TNR,Ivato International Airport,Antananarivo,MG,MG-T,-18.7969,47.478802,large
TOD,Tioman Airport,Tioman Island,MY,MY-06,2.81818,104.160004,medium
TOE,Tozeur Nefta International Airport,Tozeur,TN,TN-72,33.939701080322266,8.110560417175293,medium
TOF,Tomsk Kamov Airport,Tomsk,RU,RU-TOM,56.380299,85.208298,large
TOG,Togiak Airport,Togiak Village,US,US-AK,59.052799,-160.397003,small
TOL,Eugene F. Kranz Toledo Express Airport,Toledo,US,US-OH,41.5868,-83.8078,medium
TOM,Tombouktou Airport,Timbuktu,ML,ML-7,16.730499,-3.00758,large
TOS,Tromsø Airport,Tromsø,NO,NO-55,69.683296,18.9189,large
TOU,Touho Airport,Touho,NC,NC-02,-20.790127,165.259524,medium
TOW,Toledo - Luiz Dalcanale Filho Municipal Airport,Toledo,BR,BR-PR,-24.6863,-53.697498,small
TOY,Toyama Kitokito Airport,Toyama,JP,JP-16,36.648416,137.187359,medium
TPA,Tampa International Airport,Tampa,US,US-FL,27.9755,-82.533203,large
TPE,Taiwan Taoyuan International Airport,Taoyuan,TW,TW-TAO,25.0777,121.233002,large
TPI,Tapini Airport,Tapini,PG,PG-CPM,-8.35666666667,146.989166667,small
TPJ,Taplejung Airport,Taplejung,NP,NP-P1,27.3509,87.69525,medium
TPP,Cadete FAP Guillermo Del Castillo Paredes Airport,Tarapoto,PE,PE-SAM,-6.508739948272705,-76.37319946289062,medium
TPQ,Amado Nervo National Airport,Tepic,MX,MX-NAY,21.419833,-104.842472,medium
TPS,Vincenzo Florio Airport Trapani-Birgi,Trapani (TP),IT,IT-82,37.9114,12.488,medium
TQO,Felipe Carrillo Puerto International Airport Tulum,Tulum,MX,MX-ROO,20.172098,-87.660272,large
TRA,Tarama Airport,Tarama,JP,JP-47,24.653793,124.675453,medium
TRC,Francisco Sarabia Tinoco International Airport,Torreón,MX,MX-COA,25.562265,-103.404608,medium
TRD,"Trondheim Airport, Værnes",Trondheim,NO,NO-50,63.457802,10.924,large
TRE,Tiree Airport,"Balemartine, Argyll and Bute",GB,GB-SCT,56.499199,-6.86917,medium
TRF,"Sandefjord Airport, Torp",Sandefjord(Torp),NO,NO-39,59.186699,10.2586,large
TRG,Tauranga Airport,Tauranga,NZ,NZ-BOP,-37.67190170288086,176.1959991455078,medium
TRI,Tri-Cities Regional TN/VA Airport,Blountville,US,US-TN,36.475201,-82.407401,medium
TRK,Juwata International Airport / Suharnoko Harbani AFB,Tarakan,ID,ID-KU,3.325145,117.564169,medium
TRN,Turin Airport,Caselle Torinese (TO),IT,IT-21,45.200802,7.64963,large
TRR,China Bay Airport,Trincomalee,LK,LK-5,8.539159,81.18128,medium
TRS,Trieste Airport,Ronchi dei Legionari/Trieste,IT,IT-36,45.827862,13.466672,large
TRT,Toraja Airport,Toraja,ID,ID-SS,-3.185833,119.91775,medium
TRU,Capitán FAP Carlos Martínez de Pinillos International Airport,Trujillo,PE,PE-LAL,-8.082382,-79.108821,large
TRV,Thiruvananthapuram International Airport,Thiruvananthapuram,IN,IN-KL,8.481889,76.920029,large
TRW,Bonriki International Airport,South Tarawa,KI,KI-G,1.38164,173.147003,large
TRZ,Tiruchirappalli International Airport,Tiruchirappalli,IN,IN-TN,10.762915,78.717741,large
TSA,Taipei Songshan International Airport,Taipei (Songshan),TW,TW-TPE,25.067244,121.552822,large
TSF,Treviso Airport,Treviso (TV),IT,IT-34,45.648399,12.1944,large
TSJ,Tsushima Airport,Tsushima,JP,JP-42,34.2849006653,129.330993652,medium
TSM,Taos Regional Airport,Taos,US,US-NM,36.452494,-105.67749,medium
TSN,Tianjin Binhai International Airport,Tianjin,CN,CN-12,39.124401092499994,117.346000671,large
TSR,Timișoara Traian Vuia International Airport,Timişoara,RO,RO-TM,45.809898,21.3379,large
TST,Trang Airport,Trang,TH,TH-92,7.50874,99.6166,medium
TSV,Townsville Airport / RAAF Base Townsville,Townsville,AU,AU-QLD,-19.252904,146.766512,medium
TTA,Tan Tan Airport,Tan Tan,MA,MA-10,28.447563,-11.161749,medium
TTE,Sultan Babullah Airport,Ternate,ID,ID-MU,0.831012,127.381611,medium
TTJ,Tottori Sand Dunes Conan Airport,Tottori,JP,JP-31,35.530058,134.165023,medium
TTN,Trenton Mercer Airport,Ewing Township,US,US-NJ,40.276699,-74.813499,medium
TTS,Tsaratanana Airport,Tsaratanana,MG,MG-M,-16.751064,47.619016,small
TTT,Taitung Airport,Taitung City,TW,TW-TTT,22.754856,121.101794,medium
TTU,Sania Ramel Airport,Tétouan,MA,MA-01,35.594299,-5.32002,large
TUA,Lieutenant Colonel Luis A. Mantilla International Airport,Tulcán,EC,EC-C,0.809506,-77.708099,medium
TUB,Tubuai Airport,,PF,PF-U-A,-23.365400314331055,-149.5240020751953,medium
TUC,Teniente Benjamín Matienzo International Airport,San Miguel de Tucumán,AR,AR-T,-26.837397,-65.104195,large
TUF,Tours Val de Loire Airport,"Tours, Indre-et-Loire",FR,FR-CVL,47.432201,0.727606,medium
TUG,Tuguegarao Airport,Tuguegarao City,PH,PH-CAG,17.6433676823,121.733150482,medium
TUI,Turaif Domestic Airport,Turaif,SA,SA-08,31.692188,38.731544,medium
TUK,Turbat International Airport,Turbat,PK,PK-BA,25.984767,63.028856,large
TUL,Tulsa International Airport,Tulsa,US,US-OK,36.197084,-95.886225,large
TUN,Tunis Carthage International Airport,Tunis,TN,TN-11,36.851002,10.2272,large
TUO,Taupo Airport,Taupo,NZ,NZ-WKO,-38.73970031738281,176.08399963378906,medium
TUP,Tupelo Regional Airport,Tupelo,US,US-MS,34.26810073852539,-88.7698974609375,medium
TUR,Tucuruí Airport,Tucuruí,BR,BR-PA,-3.78601,-49.720299,medium
TUS,Tucson International Airport,Tucson,US,US-AZ,32.115004,-110.938053,large
TUU,Prince Sultan bin Abdulaziz International Airport,Tabuk,SA,SA-07,28.3711,36.624865,large
TVC,Cherry Capital Airport,Traverse City,US,US-MI,44.741402,-85.582199,medium
TVF,Thief River Falls Regional Airport,Thief River Falls,US,US-MN,48.065701,-96.184998,medium
TVS,Tangshan Sannühe Airport,Tangshan (Fengrun),CN,CN-13,39.7178,118.002625,small
TVT,Tashkent-Khumo International Airport,Tashkent,UZ,UZ-TO,41.312889,69.395535,medium
TVU,Matei Airport,Matei,FJ,FJ-N,-16.690599,-179.876999,small
TVY,Dawei Airport,Dawei,MM,MM-05,14.1039,98.203598,medium
TWA,Twin Hills Airport,Twin Hills,US,US-AK,59.074713,-160.274992,small
TWC,Tumxuk Tangwangcheng Airport,Tumxuk,CN,CN-65,39.886663,79.233408,small
TWF,Joslin Field Magic Valley Regional Airport,Twin Falls,US,US-ID,42.4818,-114.487999,medium
TWT,Sanga Sanga Airport,Bongao,PH,PH-TAW,5.048196,119.743338,medium
TWU,Tawau Airport,Tawau,MY,MY-12,4.31338,118.12152,medium
TXE,Rembele Airport,Takengon,ID,ID-AC,4.72113,96.851943,medium
TXK,Texarkana Regional Airport (Webb Field),Texarkana,US,US-AR,33.453701,-93.990997,medium
TXN,Huangshan Tunxi International Airport,Huangshan,CN,CN-34,29.733299,118.255997,large
TYF,Torsby Airport,Torsby,SE,SE-S,60.1576,12.9913,medium
TYL,Captain Victor Montes Arias International Airport,Talara,PE,PE-PIU,-4.57664,-81.254097,medium
TYN,Taiyuan Wusu International Airport,Taiyuan,CN,CN-14,37.746899,112.627998,large
TYR,Tyler Pounds Regional Airport,Tyler,US,US-TX,32.35409927368164,-95.40239715576172,medium
TYS,McGhee Tyson Airport,Knoxville/Maryville,US,US-TN,35.811001,-83.994003,large
TZA,Sir Barry Bowen Municipal Airport,Belize City,BZ,BZ-BZ,17.517239,-88.195775,medium
TZL,Tuzla International Airport,Dubrave Gornje,BA,BA-BIH,44.459858,18.723627,large
TZN,Congo Town Airport,Andros,BS,BS-SA,24.158701,-77.589798,medium
TZX,Trabzon International Airport,Trabzon,TR,TR-61,40.995098,39.7897,medium
UAH,Ua Huka Airport,Ua Huka,PF,PF-U-A,-8.936228,-139.554062,small
UAI,"Commander in Chief of FALINTIL, Kay Rala Xanana Gusmão, International Airport",Suai,TL,TL-CO,-9.301856,125.286302,medium
UAP,Ua Pou Airport,Ua Pou,PF,PF-U-A,-9.35167,-140.078003,small
UAQ,Domingo Faustino Sarmiento Airport,San Juan,AR,AR-J,-31.571501,-68.418198,medium
UAR,Bouarfa Airport,Bouarfa,MA,MA-02,32.514306,-1.983056,medium
UBA,Mário de Almeida Franco Airport,Uberaba,BR,BR-MG,-19.765036,-47.964805,medium
UBB,Mabuiag Island Airport,Mabuiag Island,AU,AU-QLD,-9.950168,142.19523,small
UBJ,Yamaguchi Ube Airport,Ube,JP,JP-35,33.93,131.279007,medium
UBN,Ulaanbaatar Chinggis Khaan International Airport,Ulaanbaatar (Sergelen),MN,MN-047,47.646916,106.819833,large
UBP,Ubon Ratchathani Airport,Ubon Ratchathani,TH,TH-34,15.2512998581,104.870002747,medium
UCB,Ulanqab Jining Airport,Ulanqab,CN,CN-15,41.130266,113.107274,medium
UCT,Ukhta Airport,Ukhta,RU,RU-KO,63.566898,53.804699,medium
UDI,Ten. Cel. Aviador César Bombonato Airport,Uberlândia,BR,BR-MG,-18.883579,-48.225936,medium
UDJ,Uzhhorod International Airport,Uzhhorod,UA,UA-21,48.6343,22.263399,large
UDR,Maharana Pratap Airport,Udaipur,IN,IN-RJ,24.617700576799997,73.89610290530001,medium
UEL,Quelimane Airport,Quelimane,MZ,MZ-Q,-17.855499267578125,36.86909866333008,medium
UEO,Kumejima Airport,Kumejima,JP,JP-47,26.363445,126.71384,medium
UET,Quetta International Airport,Quetta,PK,PK-BA,30.2514,66.937798,large
UFA,Ufa International Airport,Ufa,RU,RU-BA,54.557499,55.874401,large
UGA,Bulgan Airport,Bulgan,MN,MN-067,48.85499954223633,103.47599792480469,medium
UGC,Urgench International Airport,Urgench,UZ,UZ-XO,41.58274,60.64338,large
UGU,Bilorai Airport,Bilogai,ID,ID-PT,-3.739503,137.031183,medium
UIB,El Caraño Airport,Quibdó,CO,CO-CHO,5.69076,-76.6412,medium
UIH,Phu Cat Airport,Quy Nohn,VN,VN-SCC,13.955,109.042,medium
UII,Utila Airport,Utila Island,HN,HN-IB,16.1131,-86.880302,small
UIN,Quincy Regional Airport Baldwin Field,Quincy,US,US-IL,39.942699,-91.194603,medium
UIO,Mariscal Sucre International Airport,Quito,EC,EC-P,-0.125399,-78.354306,large
UIT,Jaluit Airport,Jabor Jaluit Atoll,MH,MH-JAL,5.909213,169.637256,small
UJE,Ujae Atoll Airport,Ujae Atoll,MH,MH-UJA,8.92806,165.761993,small
UKB,Kobe Airport,Kobe,JP,JP-28,34.632801,135.223999,large
UKE,Utkela Airport,Bhawanipatna,IN,IN-OR,20.097778,83.183333,medium
UKG,Ust-Kuyga Airport,Ust-Kuyga,RU,RU-SA,70.011002,135.645004,small
UKK,Oskemen International Airport,Ust-Kamenogorsk (Oskemen),KZ,KZ-VOS,50.035033,82.496057,large
UKX,Ust-Kut Airport,Ust-Kut,RU,RU-IRK,56.856701,105.730003,medium
ULG,Ölgii Mongolei International Airport,Ölgii,MN,MN-071,48.993301,89.922501,medium
ULH,Al-Ula International Airport,Al-Ula,SA,SA-03,26.483634,38.117048,large
ULK,Lensk Airport,Lensk,RU,RU-SA,60.723594,114.825319,medium
ULO,Ulaangom Airport,Ulaangom,MN,MN-046,50.066588,91.938273,medium
ULP,Quilpie Airport,,AU,AU-QLD,-26.609176,144.253746,medium
ULU,Gulu Airport,Gulu,UG,UG-N,2.8055601119995117,32.27180099487305,medium
ULV,Ulyanovsk Baratayevka Airport,Ulyanovsk,RU,RU-ULY,54.27016,48.225569,medium
ULY,Ulyanovsk Vostochny Airport,Cherdakly,RU,RU-ULY,54.401001,48.8027,medium
ULZ,Donoi Airport,Uliastai,MN,MN-057,47.7093,96.5258,small
UME,Umeå Airport,Umeå,SE,SE-AC,63.791801,20.282801,large
UMS,Ust-Maya Airport,Ust-Maya,RU,RU-SA,60.357437,134.43731,small
UMU,Orlando de Carvalho Airport,Umuarama,BR,BR-PR,-23.7987,-53.313801,small
UNA,Una-Comandatuba Airport,Una,BR,BR-BA,-15.354358,-38.998729,small
UNG,Kiunga Airport,Kiunga,PG,PG-WPD,-6.1257100105285645,141.28199768066406,small
UNI,Union Island International Airport,Union Island,VC,VC-06,12.600135,-61.411945,medium
UNK,Unalakleet Airport,Unalakleet,US,US-AK,63.888401,-160.798996,medium
UNN,Ranong Airport,Ranong,TH,TH-85,9.77762,98.585503,medium
UOL,Buol - Pogogul Airport,Buol,ID,ID-ST,1.102318,121.413358,small
UPG,Sultan Hasanuddin International Airport,Makassar,ID,ID-SN,-5.075539,119.553702,large
UPN,Uruapan - Licenciado y General Ignacio Lopez Rayon International Airport,Uruapan,MX,MX-MIC,19.3967,-102.039001,medium
URA,Manshuk Mametova International Airport,Uralsk,KZ,KZ-ZAP,51.151976,51.543652,large
URC,Ürümqi Tianshan International Airport,Ürümqi,CN,CN-65,43.913584,87.479372,large
URE,Kuressaare Airport,Kuressaare,EE,EE-74,58.22990036010742,22.50950050354004,medium
URG,Rubem Berta Airport,Uruguaiana,BR,BR-RS,-29.7822,-57.0382,medium
URJ,Uray Airport,Uray,RU,RU-KHM,60.103298,64.826698,medium
URS,Kursk East Airport,Kursk,RU,RU-KRS,51.7505989074707,36.29560089111328,medium
URT,Surat Thani Airport,Surat Thani,TH,TH-84,9.13259983063,99.135597229,medium
URY,Gurayat Domestic Airport,Gurayat,SA,SA-12,31.412413,37.278898,medium
USA,Concord-Padgett Regional Airport,Concord,US,US-NC,35.387798,-80.709099,medium
USH,Ushuaia - Malvinas Argentinas International Airport,Ushuaia,AR,AR-V,-54.8433,-68.2958,medium
USJ,Usharal Airport,Usharal,KZ,KZ-JET,46.190767,80.830922,small
USK,Usinsk Airport,Usinsk,RU,RU-KO,66.0047,57.367199,medium
USM,Samui International Airport,Na Thon (Ko Samui Island),TH,TH-84,9.54779,100.061996,large
USN,Ulsan Airport,Ulsan,KR,KR-31,35.59349823,129.352005005,medium
USR,Ust-Nera Airport,Ust-Nera,RU,RU-SA,64.550003,143.115005,medium
UST,Northeast Florida Regional Airport,St Augustine,US,US-FL,29.9592,-81.339798,medium
USU,Francisco B. Reyes (Busuanga) Airport,Coron,PH,PH-PLW,12.121865,120.100801,medium
UTH,Udon Thani International Airport,Udon Thani,TH,TH-41,17.386186,102.788577,large
UTK,Utirik Airport,Utirik Island,MH,MH-UTI,11.222219,169.851429,small
UTN,Upington Airport,Upington,ZA,ZA-NC,-28.400246,21.263592,medium
UTO,Indian Mountain LRRS Airport,Utopia Creek,US,US-AK,65.992798,-153.703995,medium
UTP,U-Tapao–Rayong–Pattaya International Airport,Rayong,TH,TH-21,12.6799,101.004997,large
UTT,K. D. Matanzima Airport,Mthatha,ZA,ZA-EC,-31.546363184900002,28.6733551025,medium
UUA,Bugulma Airport,Bugulma,RU,RU-TA,54.641184,52.800229,medium
UUD,Baikal International Airport,Ulan Ude,RU,RU-BU,51.808614,107.439652,large
UUS,Yuzhno-Sakhalinsk International Airport,Yuzhno-Sakhalinsk,RU,RU-SAK,46.885461,142.717466,large
UVE,Ouvéa Airport,Ouvéa,NC,NC-01,-20.640932,166.573024,medium
UVF,Hewanorra International Airport,Vieux Fort,LC,LC-11,13.7332,-60.952599,large
UVI,José Cleto Airport,União da Vitória,BR,BR-PR,-26.233224,-51.066754,small
UYL,Nyala Airport,Nyala,SD,SD-11,12.0535,24.9562,medium
UYN,Yulin Yuyang Airport,Yulin,CN,CN-61,38.35971,109.590927,medium
UYU,Joya Andina International Airport,Quijarro,BO,BO-P,-20.441304,-66.857553,large
UZR,Urzhar Airport,Urzhar,KZ,KZ-ABA,47.091786,81.668216,small
VAA,Vaasa Airport,Vaasa,FI,FI-12,63.05023,21.762543,large
VAI,Vanimo Airport,Vanimo,PG,PG-SAN,-2.6926,141.3028,medium
VAK,Chevak Airport,Chevak,US,US-AK,61.5409,-165.6005,small
VAL,Valença Airport,Valença,BR,BR-BA,-13.2965,-38.992401,small
VAM,Villa International Airport Maamigili,Maamigili,MV,MV-00,3.471751,72.832633,medium
VAN,Van Ferit Melen Airport,Van,TR,TR-65,38.46820068359375,43.332298278808594,medium
VAO,Suavanao Airport,Suavanao,SB,SB-IS,-7.58556,158.731003,small
VAQ,Vanavara Airport,Vanavara,RU,RU-KYA,60.356229,102.309641,medium
VAR,Varna Airport,Varna,BG,BG-03,43.232101,27.8251,large
VAS,Sivas Nuri Demirağ Airport,Sivas,TR,TR-58,39.813801,36.9035,small
VAV,Vava'u International Airport,Vava'u Island,TO,TO-05,-18.5853,-173.962006,large
VAW,"Vardø Airport, Svartnes",Vardø,NO,NO-56,70.3554,31.044901,medium
VBS,Brescia Gabriele d'Annunzio Airport,Montichiari (BS),IT,IT-25,45.428902,10.3306,medium
VBV,Vanua Balavu Airport,Vanua Balavu,FJ,FJ-E,-17.268999099731445,-178.9759979248047,small
VBY,Visby Airport,Visby,SE,SE-I,57.6628,18.346201,large
VCA,Can Tho International Airport,Can Tho,VN,VN-SW,10.083397,105.709371,large
VCE,Venice Marco Polo Airport,Venezia (VE),IT,IT-34,45.505299,12.3519,large
VCL,Chu Lai Airport,Tam Nghĩa,VN,VN-SCC,15.4033,108.706001,small
VCP,Viracopos International Airport,Campinas,BR,BR-SP,-23.007404,-47.134502,large
VCS,Con Dao Airport,Con Dao,VN,VN-SE,8.73183,106.633003,medium
VCT,Victoria Regional Airport,Victoria,US,US-TX,28.85260009765625,-96.91850280761719,medium
VDC,Glauber de Andrade Rocha Airport,Vitória da Conquista,BR,BR-BA,-14.907885,-40.914804,medium
VDE,El Hierro Airport,El Hierro Island,ES,ES-CN,27.8148,-17.8871,medium
VDH,Dong Hoi Airport,Dong Hoi,VN,VN-NC,17.515,106.590556,medium
VDM,Gobernador Castello Airport,Viedma / Carmen de Patagones,AR,AR-R,-40.8692,-63.0004,medium
VDO,Van Don International Airport,Van Don,VN,VN-NE,21.120693,107.41539,medium
VDS,Vadsø Airport,Vadsø,NO,NO-56,70.0653,29.8447,medium
VDZ,Valdez Pioneer Field,Valdez,US,US-AK,61.132712,-146.246567,medium
VEE,Venetie Airport,Venetie,US,US-AK,67.008698,-146.365997,small
VEL,Vernal Regional Airport,Vernal,US,US-UT,40.436214,-109.511661,medium
VEO,Severo-Yeniseysk Airport,Severo-Yeniseysk,RU,RU-KYA,60.373299,93.011703,medium
VER,General Heriberto Jara International Airport,Veracruz,MX,MX-VER,19.139589,-96.188602,large
VFA,Victoria Falls International Airport,Victoria Falls,ZW,ZW-MN,-18.097437,25.836867,large
VGA,Vijayawada International Airport,Vijayawada,IN,IN-AP,16.530011,80.804888,large
VGO,Vigo Airport,Vigo,ES,ES-GA,42.2318,-8.62677,medium
VHM,Vilhelmina South Lapland Airport,Vilhelmina,SE,SE-AC,64.579102,16.833599,medium
VHV,Verkhnevilyuisk Airport,Verkhnevilyuisk,RU,RU-SA,63.458057403564,120.26916503906,small
VIE,Vienna International Airport,Vienna,AT,AT-9,48.110298,16.5697,large
VIG,Juan Pablo Pérez Alfonso Airport,El Vigía,VE,VE-L,8.624139,-71.672668,medium
VII,Vinh Airport,Vinh,VN,VN-NC,18.7376003265,105.67099762,medium
VIJ,Virgin Gorda Airport,Spanish Town,VG,VG-U-A,18.446634,-64.427932,medium
VIL,Dakhla Airport,Dakhla,EH,EH-U-A,23.7183,-15.932,large
VIT,Vitoria Airport,Alava,ES,ES-PV,42.882801,-2.72447,medium
VIX,Eurico de Aguiar Salles International Airport,Vitória,BR,BR-ES,-20.258,-40.285,large
VJB,Xai-Xai Chongoene Airport,Xai-Xai,MZ,MZ-G,-24.892909,33.753024,small
VKG,Rach Gia Airport,Rach Gia,VN,VN-SW,9.95802997234,105.132379532,medium
VKO,Vnukovo International Airport,Moscow,RU,RU-MOW,55.591499,37.261501,large
VKT,Vorkuta Airport,Vorkuta,RU,RU-KO,67.488602,63.993099,medium
VLC,Valencia Airport,Valencia,ES,ES-VC,39.489162,-0.480961,large
VLD,Valdosta Regional Airport,Valdosta,US,US-GA,30.782499313354492,-83.27670288085938,medium
VLI,Bauerfield International Airport,Port Vila,VU,VU-SEE,-17.699301,168.320007,large
VLL,Valladolid Airport,Valladolid,ES,ES-CL,41.7061,-4.85194,medium
VLN,Arturo Michelena International Airport,Valencia,VE,VE-G,10.149733,-67.928398,large
VLS,Valesdir Airport,Epi Island,VU,VU-SEE,-16.796100616500002,168.177001953,small
VLV,Dr. Antonio Nicolás Briceño Airport,Valera,VE,VE-T,9.340478,-70.584061,medium
VMU,Baimuru Airport,Baimuru,PG,PG-GPK,-7.496955,144.821756,medium
VNO,Vilnius International Airport,Vilnius,LT,LT-VL,54.634102,25.285801,large
VNS,Lal Bahadur Shastri International Airport,Varanasi,IN,IN-UP,25.452171,82.862549,large
VNX,Vilankulo Airport,Vilanculo,MZ,MZ-I,-22.018400192260742,35.31330108642578,medium
VOG,Volgograd International Airport,Volgograd,RU,RU-VGG,48.78134,44.339194,large
VOL,Nea Anchialos National Airport,Nea Anchialos,GR,GR-E,39.219601,22.7943,medium
VOZ,Voronezh International Airport,Voronezh,RU,RU-VOR,51.814324,39.230948,medium
VPE,Ngjiva Pereira Airport,Ngiva,AO,AO-CNN,-17.0435009003,15.683799743700002,medium
VPN,Vopnafjörður Airport,Vopnafjörður,IS,IS-7,65.720596,-14.8506,medium
VPS,Destin-Fort Walton Beach Airport,Valparaiso,US,US-FL,30.481315,-86.515839,medium
VPY,Chimoio Airport,Chimoio,MZ,MZ-B,-19.15130043029785,33.42900085449219,medium
VQS,Antonio Rivera Rodriguez Airport,Vieques,PR,PR-U-A,18.1348,-65.493599,medium
VRA,Juan Gualberto Gomez International Airport,Matanzas,CU,CU-04,23.034401,-81.435303,large
VRB,Vero Beach Regional Airport,Vero Beach,US,US-FL,27.6556,-80.417901,medium
VRC,Virac Airport,Virac,PH,PH-CAT,13.576399803161621,124.20600128173828,medium
VRL,Vila Real Airport,Vila Real,PT,PT-17,41.2743,-7.72047,medium
VRN,Verona Villafranca Valerio Catullo Airport,Caselle (VR),IT,IT-34,45.394955,10.887303,large
VSA,Carlos Rovirosa Pérez International Airport,Villahermosa,MX,MX-TAB,17.994283,-92.818199,large
VSE,Aerodromo Goncalves Lobato (Viseu Airport),Viseu,PT,PT-18,40.725498,-7.88899,medium
VST,Stockholm Västerås Airport,Stockholm / Västerås,SE,SE-U,59.589401,16.6336,large
VSV,Shravasti Airport,Shravasti,IN,IN-UP,27.499732,82.032927,small
VTE,Wattay International Airport,Vientiane,LA,LA-VT,17.985052,102.566692,large
VTU,Hermanos Ameijeiras Airport,Las Tunas,CU,CU-10,20.9876,-76.935799,medium
VTZ,Visakhapatnam International Airport,Visakhapatnam,IN,IN-AP,17.723506,83.227729,large
VUP,Alfonso López Pumarejo Airport,Valledupar,CO,CO-CES,10.435,-73.2495,medium
VUS,Velikiy Ustyug Airport,Velikiy Ustyug,RU,RU-VLG,60.7883,46.259998,medium
VVC,Vanguardia Airport,Villavicencio,CO,CO-MET,4.16787,-73.6138,medium
VVI,Viru Viru International Airport,Santa Cruz,BO,BO-S,-17.6448,-63.135399,large
VVO,Vladivostok International Airport,Artyom,RU,RU-PRI,43.396256,132.148155,large
VVZ,Illizi Takhamalt Airport,Illizi,DZ,DZ-33,26.723499,8.62265,medium
VXC,Lichinga Airport,Lichinga,MZ,MZ-A,-13.274,35.2663,medium
VXE,Cesaria Evora International Airport,São Pedro,CV,CV-B,16.833363,-25.055308,large
VXO,Växjö Kronoberg Airport,Växjö,SE,SE-G,56.929100036621094,14.727999687194824,medium
VYI,Vilyuisk Airport,Vilyuisk,RU,RU-SA,63.756668,121.693336,medium
WAA,Wales Airport,Wales,US,US-AK,65.622593,-168.095,small
WAE,Wadi Al Dawasir Domestic Airport,Wadi Al Dawasir,SA,SA-01,20.504299,45.1996,medium
WAG,Wanganui Airport,Wanganui,NZ,NZ-MWT,-39.963467,175.02444,medium
WAW,Warsaw Chopin Airport,Warsaw,PL,PL-MZ,52.165699,20.9671,large
WBB,Stebbins Airport,Stebbins,US,US-AK,63.515999,-162.278,small
WBM,Wapenamanda Airport,Wapenamanda,PG,PG-EPW,-5.635293,143.892231,medium
WBQ,Beaver Airport,Beaver,US,US-AK,66.362198,-147.406998,small
WDH,Hosea Kutako International Airport,Windhoek,NA,NA-KH,-22.4799,17.4709,large
WDN,Waldron Airstrip,Eastsound,US,US-WA,48.71141,-123.018208,small
WDS,Shiyan Wudangshan Airport,Shiyan (Maojian),CN,CN-42,32.592889,110.906296,medium
WEF,Weifang Nanyuan Airport,Weifang (Kuiwen),CN,CN-37,36.646702,119.119003,medium
WEH,Weihai Dashuibo Airport,Weihai,CN,CN-37,37.187099,122.228996,medium
WEI,Weipa Airport,Weipa,AU,AU-QLD,-12.677493,141.922618,medium
WGA,Wagga Wagga Airport,Forest Hill,AU,AU-NSW,-35.163484,147.46832,medium
WGE,Walgett Airport,,AU,AU-NSW,-30.032801,148.126007,medium
WGN,Shaoyang Wugang Airport,Shaoyang (Wugang),CN,CN-43,26.806123,110.641042,medium
WGP,Umbu Mehang Kunda Airport,Waingapu-Sumba Island,ID,ID-NT,-9.66922,120.302002,small
WHA,Wuhu Xuanzhou Airport,Wuhu,CN,CN-34,31.1045,118.66687,medium
WHK,Whakatāne Airport,Whakatāne,NZ,NZ-BOP,-37.922224,176.91696,medium
WIC,Wick John O'Groats Airport,Wick,GB,GB-SCT,58.4589,-3.09306,medium
WIL,Nairobi Wilson Airport,Nairobi,KE,KE-47,-1.32172,36.8148,medium
WIN,Winton Airport,,AU,AU-QLD,-22.36359977722168,143.08599853515625,medium
WJR,Wajir Airport,Wajir,KE,KE-08,1.73324,40.091599,medium
WJU,Wonju Airport / Hoengseong Air Base (K-38/K-46),Wonju,KR,KR-42,37.437113,127.960051,medium
WKA,Wanaka Airport,Wanaka,NZ,NZ-OTA,-44.722091,169.246287,medium
WKJ,Wakkanai Airport,Wakkanai,JP,JP-01,45.4042015076,141.800994873,medium
WKK,Aleknagik / New Airport,Aleknagik,US,US-AK,59.2826004028,-158.617996216,medium
WLG,Wellington International Airport,Wellington,NZ,NZ-WGN,-41.326839,174.806862,large
WLH,Walaha Airport,Walaha,VU,VU-PAM,-15.412,167.690994,small
WLK,Selawik Airport,Selawik,US,US-AK,66.600098,-159.985992,small
WLS,Hihifo Airport,Wallis Island,WF,WF-U-A,-13.239445,-176.19865,large
WMI,Warsaw Modlin Airport,Nowy Dwór Mazowiecki,PL,PL-MZ,52.451099,20.6518,large
WMN,Maroantsetra Airport,Maroantsetra,MG,MG-A,-15.437742,49.689081,medium
WMO,White Mountain Airport,White Mountain,US,US-AK,64.689201,-163.412994,small
WMT,Zunyi Maotai Airport,Zunyi,CN,CN-52,27.961837,106.435416,medium
WMX,Wamena Airport,Wamena,ID,ID-PP,-4.097324,138.952417,medium
WNA,Napakiak Airport,Napakiak,US,US-AK,60.6903,-161.979004,small
WNH,Wenshan Puzhehei Airport,Wenshan,CN,CN-53,23.5583,104.3255,small
WNI,Matahora Airport,Wangi-wangi Island,ID,ID-SG,-5.292123,123.636233,medium
WNN,Wunnumin Lake Airport,Wunnumin Lake,CA,CA-ON,52.893902,-89.2892,small
WNP,Naga Airport,Naga,PH,PH-CAS,13.58489990234375,123.2699966430664,medium
WNR,Windorah Airport,Windorah,AU,AU-QLD,-25.410641,142.668428,medium
WNS,Shaheed Benazirabad Airport,Nawabashah,PK,PK-SD,26.2194,68.390099,medium
WNZ,Wenzhou Longwan International Airport,Wenzhou (Longwan),CN,CN-33,27.910572,120.853465,large
WOS,Wonsan Kalma Airport,Wonsan,KP,KP-07,39.165219,127.487931,medium
WRE,Whangarei Airport,Whangarei,NZ,NZ-NTL,-35.769253,174.363713,medium
WRG,Wrangell Airport,Wrangell,US,US-AK,56.48429871,-132.3699951,medium
WRO,Copernicus Wrocław Airport,Wrocław,PL,PL-DS,51.103719,16.882096,large
WRY,Westray Airport,"Westray, Orkney Islands",GB,GB-SCT,59.350475,-2.950062,small
WSK,Chongqing Wushan Airport,Wushan,CN,CN-50,31.06896,109.708958,small
WSN,South Naknek Number 2 Airport,South Naknek,US,US-AK,58.702362,-157.005444,small
WST,Westerly State Airport,Westerly,US,US-RI,41.349602,-71.803398,medium
WSZ,Westport Airport,Westport,NZ,NZ-WTC,-41.737111,171.579033,medium
WTA,Tambohorano Airport,Tambohorano,MG,MG-M,-17.476101,43.972801,small
WTB,Toowoomba Wellcamp Airport,Toowoomba,AU,AU-QLD,-27.558332,151.793335,large
WTE,Wotje Airport,Wotje,MH,MH-WTJ,9.458333,170.238611,small
WTK,Noatak Airport,Noatak,US,US-AK,67.561241,-162.980461,small
WTL,Tuntutuliak Airport,Tuntutuliak,US,US-AK,60.351243,-162.654476,small
WTO,Wotho Island Airport,Wotho Island,MH,MH-WTN,10.1733,166.003006,small
WUA,Wuhai Airport,Wuhai,CN,CN-15,39.7934,106.7993,medium
WUH,Wuhan Tianhe International Airport,Wuhan (Huangpi),CN,CN-42,30.774798,114.213723,large
WUN,Wiluna Airport,,AU,AU-WA,-26.632691,120.221906,medium
WUS,Nanping Wuyishan Airport,Wuyishan,CN,CN-35,27.7019,118.000999,medium
WUT,Xinzhou Wutaishan Airport,Xinzhou,CN,CN-14,38.597456,112.969173,small
WUU,Wau Airport,Wau,SS,SS-BW,7.72583,27.975,medium
WUX,Sunan Shuofang International Airport,Wuxi,CN,CN-32,31.496952,120.43038,large
WUZ,Wuzhou Xijiang Airport,Tangbu,CN,CN-45,23.40316,111.09331,medium
WVB,Walvis Bay International Airport,Walvis Bay(Rooikop),NA,NA-ER,-22.979332,14.647102,large
WWK,Wewak International Airport,Wewak,PG,PG-ESW,-3.58383011818,143.669006348,medium
WWT,Mertarvik Airport,Mertarvik,US,US-AK,60.81037,-164.499511,small
WXN,Wanzhou Wuqiao Airport,Wanzhou,CN,CN-50,30.8017,108.433,small
WYA,Whyalla Airport,Whyalla,AU,AU-SA,-33.05889892578125,137.51400756835938,medium
WYS,Yellowstone Airport,West Yellowstone,US,US-MT,44.6884,-111.117996,medium
XAI,Xinyang Minggang Airport,Xinyang,CN,CN-41,32.540819,114.079141,medium
XAP,Serafin Enoss Bertaso Airport,Chapecó,BR,BR-SC,-27.134199,-52.656601,medium
XBE,Bearskin Lake Airport,Bearskin Lake,CA,CA-ON,53.965599060058594,-91.0271987915039,small
XBJ,Birjand International Airport,Birjand,IR,IR-29,32.896525,59.281258,large
XCH,Christmas Island International Airport,Flying Fish Cove,CX,CX-U-A,-10.450387,105.6911,medium
XCR,Chalons Vatry airport,Chalons en Champagne,FR,FR-GES,48.77333,4.20611,medium
XFN,Xiangyang Liuji Airport,Xiangyang (Xiangzhou),CN,CN-42,32.152222,112.291666,medium
XGR,Kangiqsualujjuaq (Georges River) Airport,Kangiqsualujjuaq,CA,CA-QC,58.711399,-65.992798,small
XIC,Xichang Qingshan Airport,Liangshan (Xichang),CN,CN-51,27.9891,102.183998,medium
XIL,Xilinhot Airport,Xilinhot,CN,CN-15,43.91559982299805,115.96399688720703,medium
XIY,Xi'an Xianyang International Airport,Xi'an,CN,CN-61,34.442207,108.762385,large
XKH,Xieng Khouang Airport,Xieng Khouang,LA,LA-XI,19.450001,103.157997,small
XKS,Kasabonika Airport,Kasabonika,CA,CA-ON,53.52470016479492,-88.6427993774414,medium
XLB,Lac Brochet Airport,Lac Brochet,CA,CA-MB,58.614279,-101.468954,small
XMH,Manihi Airport,,PF,PF-U-A,-14.436800003051758,-146.07000732421875,medium
XMN,Xiamen Gaoqi International Airport,Xiamen,CN,CN-35,24.543889,118.127454,large
XMS,Coronel E Carvajal Airport,Macas,EC,EC-S,-2.2991700172424316,-78.12079620361328,medium
XMY,Yam Island Airport,Yam Island,AU,AU-QLD,-9.899187,142.774265,small
XNA,Northwest Arkansas National Airport,Fayetteville/Springdale/Rogers,US,US-AR,36.281898,-94.306801,medium
XNN,Xining Caojiabao International Airport,Haidong (Huzhu Tu Autonomous County),CN,CN-63,36.52775,102.040215,large
XPK,Pukatawagan Airport,Pukatawagan,CA,CA-MB,55.749199,-101.265999,small
XPL,Palmerola International Airport,Palmerola,HN,HN-CM,14.3824,-87.621201,large
XQP,Quepos Managua Airport,Quepos,CR,CR-P,9.44316,-84.129799,medium
XQU,Qualicum Beach Airport,Qualicum Beach,CA,CA-BC,49.337456,-124.393086,medium
XRY,Jerez Airport,Jerez de la Frontera,ES,ES-AN,36.744598,-6.06011,medium
XSC,South Caicos Airport,South Caicos,TC,TC-SC,21.515699,-71.528503,medium
XSI,South Indian Lake Airport,South Indian Lake,CA,CA-MB,56.792801,-98.907204,small
XSP,Seletar Airport,Seletar,SG,SG-02,1.41555,103.86673,medium
XTG,Thargomindah Airport,Thargomindah,AU,AU-QLD,-27.986368,143.812065,medium
XTL,Tadoule Lake Airport,Tadoule Lake,CA,CA-MB,58.706308,-98.511057,small
XUZ,Xuzhou Guanyin International Airport,Xuzhou,CN,CN-32,34.059056,117.555278,medium
XWA,Williston Basin International Airport,Williston,US,US-ND,48.260863,-103.75116,medium
XYA,Yandina Airport,Yandina,SB,SB-CE,-9.092816,159.21841,small
YAA,Anahim Lake Airport,Anahim Lake,CA,CA-BC,52.451501,-125.303776,medium
YAB,Arctic Bay Airport,Arctic Bay,CA,CA-NU,73.006101,-85.04616,small
YAC,Cat Lake Airport,Cat Lake,CA,CA-ON,51.7272,-91.824402,small
YAG,Fort Frances Municipal Airport,Fort Frances,CA,CA-ON,48.655749,-93.44349,medium
YAK,Yakutat Airport,Yakutat,US,US-AK,59.508717,-139.660435,medium
YAL,Alert Bay Airport,Alert Bay,CA,CA-BC,50.582199,-126.916,small
YAM,Sault Ste Marie Airport,Sault Ste Marie,CA,CA-ON,46.483216,-84.508467,medium
YAP,Yap International Airport,Yap Island,FM,FM-YAP,9.49891,138.082993,large
YAS,Yasawa Island Airport,Yasawa Island,FJ,FJ-W,-16.7589,177.544998,small
YAT,Attawapiskat Airport,Attawapiskat,CA,CA-ON,52.927502,-82.4319,small
YAX,Wapekeka Airport,Angling Lake,CA,CA-ON,53.84920120239258,-89.57939910888672,small
YAY,St. Anthony Airport,St. Anthony,CA,CA-NL,51.391909,-56.08321,medium
YAZ,Tofino / Long Beach Airport,Tofino,CA,CA-BC,49.079833,-125.775583,medium
YBB,Kugaaruk Airport,Kugaaruk,CA,CA-NU,68.535711,-89.805508,small
YBC,Baie-Comeau Airport,Baie-Comeau,CA,CA-QC,49.1325,-68.204399,medium
YBE,Uranium City Airport,Uranium City,CA,CA-SK,59.561401,-108.481003,small
YBG,Saguenay-Bagotville Airport,Saguenay,CA,CA-QC,48.330123,-70.992012,medium
YBI,Black Tickle Airport,Black Tickle,CA,CA-NL,53.469836,-55.787501,small
YBK,Baker Lake Airport,Baker Lake,CA,CA-NU,64.29889678960001,-96.077796936,medium
YBL,Campbell River Airport,Campbell River,CA,CA-BC,49.950802,-125.271004,medium
YBP,Yibin Wuliangye Airport,Yibin (Cuiping),CN,CN-51,28.858431,104.526157,medium
YBR,Brandon Municipal Airport,Brandon,CA,CA-MB,49.91,-99.951897,medium
YBT,Brochet Airport,Brochet,CA,CA-MB,57.8894,-101.679001,small
YBV,Berens River Airport,Berens River,CA,CA-MB,52.358898,-97.018303,small
YBX,Lourdes-de-Blanc-Sablon Airport,Blanc-Sablon,CA,CA-QC,51.4436,-57.185299,medium
YBY,Bonnyville Airport,Bonnyville,CA,CA-AB,54.304199,-110.744003,medium
YCB,Cambridge Bay Airport,Cambridge Bay,CA,CA-NU,69.1081008911,-105.138000488,medium
YCD,Nanaimo Airport,Nanaimo,CA,CA-BC,49.05497,-123.869863,medium
YCG,Castlegar/West Kootenay Regional Airport,Castlegar,CA,CA-BC,49.296398,-117.632004,medium
YCK,Tommy Kochon Airport,Colville Lake,CA,CA-NT,67.02015,-126.128364,small
YCL,Charlo Airport,Charlo,CA,CA-NB,47.990799,-66.330299,medium
YCM,Niagara District Airport,Niagara-on-the-Lake,CA,CA-ON,43.191598,-79.171686,medium
YCO,Kugluktuk Airport,Kugluktuk,CA,CA-NU,67.816408,-115.14307,small
YCR,Cross Lake (Charlie Sinclair Memorial) Airport,Cross Lake,CA,CA-MB,54.609758,-97.762442,small
YCS,Chesterfield Inlet Airport,Chesterfield Inlet,CA,CA-NU,63.346901,-90.731102,small
YCU,Yuncheng Yanhu International Airport,Yuncheng (Yanhu),CN,CN-61,35.117823,111.034023,large
YCY,Clyde River Airport,Clyde River,CA,CA-NU,70.486099,-68.516701,small
YDA,Dawson City Airport,Dawson City,CA,CA-YT,64.04309844970703,-139.1280059814453,medium
YDF,Deer Lake Airport,Deer Lake,CA,CA-NL,49.208159,-57.396147,medium
YDL,Dease Lake Airport,Dease Lake,CA,CA-BC,58.422199,-130.031998,small
YDN,Dauphin Barker Airport,Dauphin,CA,CA-MB,51.1008,-100.052002,medium
YDP,Nain Airport,Nain,CA,CA-NL,56.550778,-61.682224,small
YDV,Bloodvein River Airport,Bloodvein River,CA,CA-MB,51.784568,-96.692305,small
YEG,Edmonton International Airport,Edmonton,CA,CA-AB,53.3097,-113.580002,large
YEI,Bursa Yenişehir Airport,Yenişehir,TR,TR-16,40.255199,29.562599,medium
YEK,Arviat Airport,Arviat,CA,CA-NU,61.0942,-94.070801,small
YER,Fort Severn Airport,Fort Severn,CA,CA-ON,56.018902,-87.676102,small
YEV,Inuvik Mike Zubko Airport,Inuvik,CA,CA-NT,68.30419921880001,-133.483001709,medium
YFA,Fort Albany Airport,Fort Albany,CA,CA-ON,52.203451,-81.695194,small
YFB,Iqaluit Airport,Iqaluit,CA,CA-NU,63.756402,-68.555801,medium
YFC,Fredericton International Airport,Fredericton,CA,CA-NB,45.868697,-66.529891,medium
YFH,Fort Hope Airport,Fort Hope,CA,CA-ON,51.561901,-87.907799,small
YFJ,Wekweètì Airport,Wekweètì,CA,CA-NT,64.190804,-114.077002,small
YFO,Flin Flon Airport,Flin Flon,CA,CA-MB,54.678101,-101.681999,small
YFS,Fort Simpson Airport,Fort Simpson,CA,CA-NT,61.76020050048828,-121.23699951171875,medium
YFX,St. Lewis (Fox Harbour) Airport,St. Lewis,CA,CA-NL,52.372799,-55.673901,small
YGH,Fort Good Hope Airport,Fort Good Hope,CA,CA-NT,66.240658,-128.647757,small
YGJ,Yonago Kitaro Airport / JASDF Miho Air Base,Yonago,JP,JP-31,35.492199,133.235992,medium
YGL,La Grande Rivière Airport,La Grande Rivière,CA,CA-QC,53.625301361083984,-77.7042007446289,medium
YGO,Gods Lake Narrows Airport,Gods Lake Narrows,CA,CA-MB,54.55768,-94.490061,small
YGP,Michel-Pouliot Gaspé Airport,Gaspé,CA,CA-QC,48.774915,-64.481893,medium
YGR,Îles-de-la-Madeleine Airport,Les Îles-de-la-Madeleine,CA,CA-QC,47.425242,-61.778612,medium
YGT,Igloolik Airport,Igloolik,CA,CA-NU,69.3647,-81.816101,small
YGV,Havre-Saint-Pierre Airport,Havre-Saint-Pierre,CA,CA-QC,50.281898,-63.611401,medium
YGW,Kuujjuarapik Airport,Kuujjuarapik,CA,CA-QC,55.281898498535156,-77.76529693603516,medium
YGX,Gillam Airport,Gillam,CA,CA-MB,56.35712,-94.711504,small
YGZ,Grise Fiord Airport,Grise Fiord,CA,CA-NU,76.425823,-82.908583,small
YHA,Port Hope Simpson Airport,Port Hope Simpson,CA,CA-NL,52.528099060058594,-56.28609848022461,small
YHG,Charlottetown Airport,Charlottetown,CA,CA-NL,52.765774,-56.11237,small
YHI,Ulukhaktok Holman Airport,Ulukhaktok,CA,CA-NT,70.762802,-117.806,small
YHK,Gjoa Haven Airport,Gjoa Haven,CA,CA-NU,68.635597,-95.849701,small
YHM,John C. Munro Hamilton International Airport,Hamilton,CA,CA-ON,43.17348,-79.931185,medium
YHO,Hopedale Airport,Hopedale,CA,CA-NL,55.448757,-60.228124,small
YHP,Poplar Hill Airport,Poplar Hill,CA,CA-ON,52.1133,-94.2556,small
YHR,Chevery Airport,Chevery,CA,CA-QC,50.468322,-59.637823,small
YHU,Montréal / Saint-Hubert Metropolitan Airport,Montréal,CA,CA-QC,45.517502,-73.416901,medium
YHY,Hay River / Merlyn Carter Airport,Hay River,CA,CA-NT,60.8396987915,-115.782997131,medium
YHZ,Halifax / Stanfield International Airport,Halifax,CA,CA-NS,44.8807983398,-63.5085983276,large
YIA,Yogyakarta International Airport,Yogyakarta,ID,ID-YO,-7.905338,110.057264,large
YIC,Yichun Mingyueshan Airport,Yichun,CN,CN-36,27.8025,114.3062,medium
YIE,Arxan Yi'ershi Airport,Arxan,CN,CN-15,47.3106,119.9117,medium
YIF,St Augustin Airport,St-Augustin,CA,CA-QC,51.2117,-58.658298,medium
YIH,Yichang Sanxia Airport,Yichang (Xiaoting),CN,CN-42,30.554132,111.482563,medium
YIK,Ivujivik Airport,Ivujivik,CA,CA-QC,62.417301,-77.925301,small
YIN,Ili Yining International Airport,Ili (Yining / Ghulja),CN,CN-65,43.955799,81.330299,medium
YIO,Pond Inlet Airport,Pond Inlet,CA,CA-NU,72.689494,-77.968941,small
YIV,Island Lake Airport,Island Lake,CA,CA-MB,53.857200622558594,-94.65360260009766,medium
YIW,Yiwu Airport,Yiwu/Jinhua,CN,CN-33,29.342095,120.03116,large
YJT,Stephenville Dymond International Airport,Stephenville,CA,CA-NL,48.54339,-58.552892,medium
YKA,Kamloops John Moose Fulton Field Regional Airport,Kamloops,CA,CA-BC,50.703038,-120.448641,medium
YKF,Region of Waterloo International Airport,Breslau,CA,CA-ON,43.4608,-80.378601,medium
YKG,Kangirsuk Airport,Kangirsuk,CA,CA-QC,60.027199,-69.999199,small
YKH,Yingkou Lanqi Airport,Yingkou (Laobian),CN,CN-21,40.542524,122.3586,medium
YKL,Schefferville Airport,Schefferville,CA,CA-QC,54.805301666259766,-66.8052978515625,medium
YKM,Yakima Air Terminal McAllister Field,Yakima,US,US-WA,46.56819916,-120.5439987,medium
YKO,Hakkari Yüksekova Airport,Hakkari,TR,TR-30,37.5497,44.2381,medium
YKQ,Waskaganish Airport,Waskaganish,CA,CA-QC,51.473301,-78.758301,small
YKS,Platon Oyunsky Yakutsk International Airport,Yakutsk,RU,RU-SA,62.0933,129.770996,large
YKU,Chisasibi Airport,Chisasibi,CA,CA-QC,53.805599212646484,-78.91690063476562,small
YLC,Kimmirut Airport,Kimmirut,CA,CA-NU,62.848253,-69.877853,small
YLE,Whatì Airport,Whatì,CA,CA-NT,63.131699,-117.246002,small
YLH,Lansdowne House Airport,Lansdowne House,CA,CA-ON,52.195599,-87.934196,small
YLK,Barrie-Lake Simcoe Regional Airport,Barrie,CA,CA-ON,44.485056,-79.554663,medium
YLL,Lloydminster Airport,Lloydminster,CA,CA-AB,53.3092,-110.072998,medium
YLW,Kelowna International Airport,Kelowna,CA,CA-BC,49.9561,-119.377998,large
YLX,Yulin Fumian Airport,Yulin,CN,CN-45,22.433042,110.119996,medium
YMH,Mary's Harbour Airport,Mary's Harbour,CA,CA-NL,52.302837,-55.847433,small
YMM,Fort McMurray International Airport,Fort McMurray,CA,CA-AB,56.653301,-111.222,medium
YMN,Makkovik Airport,Makkovik,CA,CA-NL,55.077335,-59.187942,small
YMO,Moosonee Airport,Moosonee,CA,CA-ON,51.291099548339844,-80.60780334472656,medium
YMP,Port McNeill Airport,Port McNeill,CA,CA-BC,50.57348,-127.027702,small
YMS,Moises Benzaquen Rengifo Airport,Yurimaguas,PE,PE-LOR,-5.89377,-76.118202,medium
YMT,Chapais Airport,Chibougamau,CA,CA-QC,49.77190017700195,-74.5280990600586,medium
YMX,Montreal Mirabel International Airport,Montréal,CA,CA-QC,45.679501,-74.038696,medium
YNA,Natashquan Airport,Natashquan,CA,CA-QC,50.190114,-61.78898,medium
YNB,Prince Abdulmohsen Bin Abdulaziz International Airport,Yanbu,SA,SA-03,24.144199,38.0634,large
YNC,Wemindji Airport,Wemindji,CA,CA-QC,53.010601,-78.8311,small
YND,Ottawa / Gatineau Airport,Gatineau,CA,CA-QC,45.521702,-75.563599,medium
YNE,Norway House Airport,Norway House,CA,CA-MB,53.958302,-97.8442,small
YNJ,Yanji Chaoyangchuan Airport,Yanji,CN,CN-22,42.8828010559,129.451004028,medium
YNL,Points North Landing Airport,Points North Landing,CA,CA-SK,58.27669906616211,-104.08200073242188,medium
YNO,North Spirit Lake Airport,North Spirit Lake,CA,CA-ON,52.4900016784668,-92.97109985351562,small
YNP,Natuashish Airport,Natuashish,CA,CA-NL,55.913898,-61.184399,small
YNS,Nemiscau Airport,Nemiscau,CA,CA-QC,51.691101,-76.135597,small
YNT,Yantai Penglai International Airport,Yantai,CN,CN-37,37.659724,120.978124,large
YNY,Yangyang International Airport,Gonghang-ro,KR,KR-42,38.060481,128.669822,large
YNZ,Yancheng Nanyang International Airport,Yancheng (Tinghu),CN,CN-32,33.428317,120.20545,large
YOC,Old Crow Airport,Old Crow,CA,CA-YT,67.570602,-139.839005,small
YOG,Ogoki Post Airport,Ogoki Post,CA,CA-ON,51.6585998535,-85.9017028809,small
YOH,Oxford House Airport,Oxford House,CA,CA-MB,54.9333,-95.2789,small
YOJ,High Level Airport,High Level,CA,CA-AB,58.62139892578125,-117.16500091552734,medium
YOL,Yola Airport,Yola,NG,NG-AD,9.257550239562988,12.430399894714355,medium
YON,Yongphulla Airport,Yongphulla,BT,BT-41,27.25627,91.514633,small
YOW,Ottawa Macdonald-Cartier International Airport,Ottawa,CA,CA-ON,45.322498,-75.669197,large
YPA,Prince Albert Glass Field,Prince Albert,CA,CA-SK,53.214199066199996,-105.672996521,medium
YPC,Paulatuk (Nora Aliqatchialuk Ruben) Airport,Paulatuk,CA,CA-NT,69.360838,-124.07547,small
YPE,Peace River Airport,Peace River,CA,CA-AB,56.226898,-117.446999,medium
YPH,Inukjuak Airport,Inukjuak,CA,CA-QC,58.471901,-78.076897,small
YPJ,Aupaluk Airport,Aupaluk,CA,CA-QC,59.2967,-69.599701,small
YPL,Pickle Lake Airport,Pickle Lake,CA,CA-ON,51.4463996887207,-90.21420288085938,medium
YPM,Pikangikum Airport,Pikangikum,CA,CA-ON,51.819698,-93.973297,small
YPN,Port-Menier Airport,Port-Menier,CA,CA-QC,49.836399,-64.288597,medium
YPO,Peawanuck Airport,Peawanuck,CA,CA-ON,54.987932,-85.442648,small
YPQ,Peterborough Regional Airport,Peterborough,CA,CA-ON,44.232251,-78.362053,medium
YPR,Prince Rupert Airport,Prince Rupert,CA,CA-BC,54.286098480199996,-130.445007324,medium
YPW,Powell River Airport,Powell River,CA,CA-BC,49.83420181274414,-124.5,medium
YPX,Puvirnituq Airport,Puvirnituq,CA,CA-QC,60.050598,-77.286903,medium
YPY,Fort Chipewyan Airport,Fort Chipewyan,CA,CA-AB,58.7672004699707,-111.11699676513672,medium
YPZ,Burns Lake Airport,Burns Lake,CA,CA-BC,54.3764,-125.950996,medium
YQA,Muskoka Airport,Gravenhurst,CA,CA-ON,44.975376,-79.306546,medium
YQB,Quebec Jean Lesage International Airport,Quebec,CA,CA-QC,46.7911,-71.393303,large
YQC,Quaqtaq Airport,Quaqtaq,CA,CA-QC,61.046398,-69.617798,small
YQD,The Pas Airport,The Pas,CA,CA-MB,53.97140121459961,-101.09100341796875,medium
YQG,Windsor International Airport,Windsor,CA,CA-ON,42.2756,-82.955597,medium
YQH,Watson Lake Airport,Watson Lake,CA,CA-YT,60.116839,-128.821993,medium
YQK,Kenora Airport,Kenora,CA,CA-ON,49.788299560546875,-94.36309814453125,medium
YQL,Lethbridge County Airport,Lethbridge,CA,CA-AB,49.6302986145,-112.800003052,medium
YQM,Greater Moncton Roméo LeBlanc International Airport,Moncton,CA,CA-NB,46.113189,-64.67719,medium
YQN,Nakina Airport,Nakina,CA,CA-ON,50.18280029296875,-86.69640350341797,medium
YQQ,Comox Valley International Airport / CFB Comox,Comox,CA,CA-BC,49.7108,-124.887001,medium
YQR,Regina International Airport,Regina,CA,CA-SK,50.431938,-104.660906,medium
YQT,Thunder Bay International Airport,Thunder Bay,CA,CA-ON,48.371899,-89.323898,medium
YQU,Grande Prairie Airport,Grande Prairie,CA,CA-AB,55.1796989441,-118.885002136,medium
YQX,Gander International Airport,Gander,CA,CA-NL,48.936258,-54.567719,medium
YQY,Sydney / J.A. Douglas McCurdy Airport,Sydney,CA,CA-NS,46.161072,-60.049759,medium
YQZ,Quesnel Airport,Quesnel,CA,CA-BC,53.026100158691406,-122.51000213623047,medium
YRA,Rae Lakes Airport,Gamètì,CA,CA-NT,64.116096,-117.309998,small
YRB,Resolute Bay Airport,Resolute Bay,CA,CA-NU,74.7169036865,-94.9693984985,medium
YRF,Cartwright Airport,Cartwright,CA,CA-NL,53.682501,-57.042303,small
YRG,Rigolet Airport,Rigolet,CA,CA-NL,54.1796989440918,-58.45750045776367,small
YRJ,Roberval Airport,Roberval,CA,CA-QC,48.519665,-72.265735,medium
YRL,Red Lake Airport,Red Lake,CA,CA-ON,51.066898345947266,-93.79309844970703,medium
YRO,Ottawa / Rockcliffe Airport,Ottawa,CA,CA-ON,45.460496,-75.644001,medium
YRS,Red Sucker Lake Airport,Red Sucker Lake,CA,CA-MB,54.167198,-93.557198,small
YRT,Rankin Inlet Airport,Rankin Inlet,CA,CA-NU,62.8114013672,-92.1157989502,medium
YSB,Sudbury Airport,Sudbury,CA,CA-ON,46.625,-80.79889678955078,medium
YSF,Stony Rapids Airport,Stony Rapids,CA,CA-SK,59.250301361083984,-105.84100341796875,medium
YSG,Lutselk'e Airport,Lutselk'e,CA,CA-NT,62.417823,-110.682793,small
YSJ,Saint John Airport,Saint John,CA,CA-NB,45.31610107421875,-65.89029693603516,medium
YSK,Sanikiluaq Airport,Sanikiluaq,CA,CA-NU,56.536891,-79.250221,small
YSL,Saint-Léonard Airport,Saint-Léonard,CA,CA-NB,47.157097,-67.836242,medium
YSM,Fort Smith Airport,Fort Smith,CA,CA-NT,60.020302,-111.961998,medium
YSO,Postville Airport,Postville,CA,CA-NL,54.9105,-59.78507,small
YSQ,Songyuan Chaganhu Airport,Qian Gorlos Mongol Autonomous County,CN,CN-22,44.931143,124.552121,medium
YST,St. Theresa Point Airport,St. Theresa Point,CA,CA-MB,53.845261,-94.851966,small
YSY,Sachs Harbour (David Nasogaluak Jr. Saaryuaq) Airport,Sachs Harbour,CA,CA-NT,71.993896,-125.242996,small
YTE,Cape Dorset Airport,Kinngait,CA,CA-NU,64.230003,-76.526703,small
YTH,Thompson Airport,Thompson,CA,CA-MB,55.80110168457031,-97.86419677734375,medium
YTL,Big Trout Lake Airport,Big Trout Lake,CA,CA-ON,53.817799,-89.896896,small
YTQ,Tasiujaq Airport,Tasiujaq,CA,CA-QC,58.667801,-69.955803,small
YTS,Timmins/Victor M. Power,Timmins,CA,CA-ON,48.569698333699996,-81.376701355,medium
YTW,Yutian Wanfang Airport,Hotan (Yutian),CN,CN-65,36.8085,81.7827,small
YTY,Yangzhou Taizhou Airport,Yangzhou,CN,CN-32,32.5634,119.7198,medium
YTZ,Billy Bishop Toronto City Airport,Toronto,CA,CA-ON,43.627852,-79.39553,medium
YUD,Umiujaq Airport,Umiujaq,CA,CA-QC,56.536098,-76.518303,small
YUL,Montreal / Pierre Elliott Trudeau International Airport,Montréal,CA,CA-QC,45.467837,-73.742294,large
YUM,Yuma International Airport / Marine Corps Air Station Yuma,Yuma,US,US-AZ,32.650938,-114.609375,medium
YUS,Yushu Batang Airport,Yushu (Batang),CN,CN-63,32.836389,97.036389,medium
YUT,Naujaat Airport,Repulse Bay,CA,CA-NU,66.521024,-86.225166,small
YUX,Hall Beach Airport,Sanirajak,CA,CA-NU,68.7761,-81.2425,medium
YUY,Rouyn Noranda Airport,Rouyn-Noranda,CA,CA-QC,48.20610046386719,-78.83560180664062,medium
YVB,Bonaventure Airport,Bonaventure,CA,CA-QC,48.071098,-65.460297,medium
YVC,La Ronge Airport,La Ronge,CA,CA-SK,55.151401519800004,-105.262001038,medium
YVM,Qikiqtarjuaq Airport,Qikiqtarjuaq,CA,CA-NU,67.54656,-64.03141,small
YVO,Val-d'Or Airport,Val-d'Or,CA,CA-QC,48.0532989502,-77.7827987671,medium
YVP,Kuujjuaq Airport,Kuujjuaq,CA,CA-QC,58.096099853515625,-68.4269027709961,medium
YVQ,Norman Wells Airport,Norman Wells,CA,CA-NT,65.28160095214844,-126.7979965209961,medium
YVR,Vancouver International Airport,Vancouver,CA,CA-BC,49.193901,-123.183998,large
YVV,Wiarton Airport,Wiarton,CA,CA-ON,44.7458,-81.107201,medium
YVZ,Deer Lake Airport,Deer Lake,CA,CA-ON,52.655613,-94.061208,small
YWB,Kangiqsujuaq (Wakeham Bay) Airport,Kangiqsujuaq,CA,CA-QC,61.5886,-71.929398,small
YWG,Winnipeg / James Armstrong Richardson International Airport,Winnipeg,CA,CA-MB,49.909999847399995,-97.2398986816,large
YWJ,Déline Airport,Déline,CA,CA-NT,65.211098,-123.435997,small
YWK,Wabush Airport,Wabush,CA,CA-NL,52.92190170288086,-66.8644027709961,medium
YWL,Williams Lake Airport,Williams Lake,CA,CA-BC,52.1831016541,-122.054000854,medium
YWM,Williams Harbour Airport,Williams Harbour,CA,CA-NL,52.567377,-55.784883,small
YWP,Webequie Airport,Webequie,CA,CA-ON,52.959393,-87.374868,small
YXC,Cranbrook/Canadian Rockies International Airport,Cranbrook,CA,CA-BC,49.610802,-115.781998,medium
YXE,Saskatoon John G. Diefenbaker International Airport,Saskatoon,CA,CA-SK,52.170723,-106.700793,large
YXH,Medicine Hat Regional Airport,Medicine Hat,CA,CA-AB,50.018902,-110.721001,medium
YXJ,Fort St John / North Peace Regional Airport,Fort Saint John,CA,CA-BC,56.238098,-120.739998,medium
YXK,Rimouski Airport,Rimouski,CA,CA-QC,48.477644,-68.496323,medium
YXL,Sioux Lookout Airport,Sioux Lookout,CA,CA-ON,50.11389923095703,-91.9052963256836,medium
YXN,Whale Cove Airport,Whale Cove,CA,CA-NU,62.240002,-92.598099,small
YXP,Pangnirtung Airport,Pangnirtung,CA,CA-NU,66.144878,-65.713606,small
YXS,Prince George (International) Airport,Prince George,CA,CA-BC,53.884311,-122.666554,medium
YXT,Northwest Regional Airport Terrace-Kitimat,Terrace,CA,CA-BC,54.468498,-128.576009,medium
YXU,London International Airport,London,CA,CA-ON,43.032845,-81.149003,medium
YXX,Abbotsford International Airport,Abbotsford,CA,CA-BC,49.025299,-122.361,medium
YXY,Whitehorse / Erik Nielsen International Airport,Whitehorse,CA,CA-YT,60.708533,-135.065705,medium
YYA,Yueyang Sanhe Airport,Yueyang (Yueyanglou),CN,CN-43,29.311699,113.281574,medium
YYB,North Bay Jack Garland Airport,North Bay,CA,CA-ON,46.363602,-79.422798,medium
YYC,Calgary International Airport,Calgary,CA,CA-AB,51.118822,-114.009933,large
YYD,Smithers Airport,Smithers,CA,CA-BC,54.82469940185547,-127.18299865722656,medium
YYE,Fort Nelson Airport,Fort Nelson,CA,CA-BC,58.8363990784,-122.597000122,medium
YYF,Penticton Airport,Penticton,CA,CA-BC,49.46310043334961,-119.60199737548828,medium
YYG,Charlottetown Airport,Charlottetown,CA,CA-PE,46.288911,-63.125174,medium
YYH,Taloyoak Airport,Taloyoak,CA,CA-NU,69.5467,-93.576698,small
YYJ,Victoria International Airport,Victoria,CA,CA-BC,48.647201,-123.427792,large
YYL,Lynn Lake Airport,Lynn Lake,CA,CA-MB,56.86389923095703,-101.07599639892578,medium
YYQ,Churchill Airport,Churchill,CA,CA-MB,58.739200592041016,-94.06500244140625,medium
YYR,Goose Bay Airport,Goose Bay,CA,CA-NL,53.3191986084,-60.4258003235,medium
YYT,St. John's International Airport,St. John's,CA,CA-NL,47.618599,-52.7519,large
YYY,Mont Joli Airport,Mont-Joli,CA,CA-QC,48.60860061645508,-68.20809936523438,medium
YYZ,Toronto Pearson International Airport,Toronto,CA,CA-ON,43.675935,-79.629421,large
YZF,Yellowknife International Airport,Yellowknife,CA,CA-NT,62.462799,-114.440002,medium
YZG,Salluit Airport,Salluit,CA,CA-QC,62.179401,-75.667198,small
YZP,Sandspit Airport,Sandspit,CA,CA-BC,53.25429916379999,-131.813995361,medium
YZS,Coral Harbour Airport,Coral Harbour,CA,CA-NU,64.1932983398,-83.3593978882,medium
YZT,Port Hardy Airport,Port Hardy,CA,CA-BC,50.680599212646484,-127.36699676513672,medium
YZU,Whitecourt Airport,Whitecourt,CA,CA-AB,54.143902,-115.787003,medium
YZV,Sept-Îles Airport,Sept-Îles,CA,CA-QC,50.22330093383789,-66.2656021118164,medium
YZY,Zhangye Ganzhou Airport,Zhangye (Ganzhou),CN,CN-62,38.801899,100.675003,medium
YZZ,Trail Regional Airport,Trail,CA,CA-BC,49.055599,-117.609001,small
ZAD,Zadar Airport,Zadar,HR,HR-13,44.096986,15.353565,large
ZAG,Zagreb Franjo Tuđman International Airport,Velika Gorica,HR,HR-01,45.742901,16.0688,large
ZAH,Zahedan International Airport,Zahedan,IR,IR-11,29.4757,60.9062,large
ZAL,Pichoy Airport,Valdivia,CL,CL-LR,-39.6500015259,-73.0860977173,medium
ZAM,Zamboanga International Airport,Zamboanga,PH,PH-ZMC,6.92242,122.059998,large
ZAZ,Zaragoza Airport,Zaragoza,ES,ES-AR,41.666199,-1.04155,large
ZBF,Bathurst Airport,South Tetagouche,CA,CA-NB,47.6297,-65.738899,medium
ZBR,Chabahar Konarak International Airport,Konarak,IR,IR-11,25.44319,60.382167,medium
ZCL,General Leobardo C. Ruiz International Airport,Zacatecas,MX,MX-ZAC,22.894942,-102.687154,medium
ZCO,La Araucanía International Airport,Temuco,CL,CL-AR,-38.9259,-72.6515,large
ZDY,Delma Airport,Delma Island,AE,AE-AZ,24.51,52.3352,small
ZEL,Bella Bella (Campbell Island) Airport,Bella Bella,CA,CA-BC,52.185001,-128.156994,medium
ZEM,Eastmain River Airport,Eastmain River,CA,CA-QC,52.226398,-78.522499,small
ZFD,Fond-du-Lac Airport,Fond-du-Lac,CA,CA-SK,59.3344,-107.181999,small
ZFL,Zhaosu Tianma Airport,Zhaosu,CN,CN-65,43.088477,81.223013,small
ZFM,Fort Mcpherson Airport,Fort Mcpherson,CA,CA-NT,67.406993,-134.860182,small
ZFN,Tulita Airport,Tulita,CA,CA-NT,64.909496,-125.570297,small
ZGI,Gods River Airport,Gods River,CA,CA-MB,54.839699,-94.078598,small
ZGS,La Romaine Airport,Le Golfe-du-Saint-Laurent,CA,CA-QC,50.259553,-60.674357,small
ZHA,Zhanjiang Wuchuan International Airport,Zhanjiang,CN,CN-44,21.481667,110.590278,large
ZHY,Zhongwei Shapotou Airport,Zhongwei (Shapotou),CN,CN-64,37.573125,105.154454,medium
ZIA,Zhukovsky International Airport,Moscow,RU,RU-MOS,55.553299,38.150002,large
ZIG,Ziguinchor Airport,Ziguinchor,SN,SN-ZG,12.55559,-16.283298,medium
ZIH,Ixtapa-Zihuatanejo International Airport,Ixtapa,MX,MX-GRO,17.601771,-101.460629,large
ZIX,Zhigansk Airport,Zhigansk,RU,RU-SA,66.7965011597,123.361000061,medium
ZKE,Kashechewan Airport,Kashechewan,CA,CA-ON,52.282501,-81.677803,small
ZKP,Zyryanka Airport,Zyryanka,RU,RU-SA,65.7485,150.8889,medium
ZLO,Playa de Oro International Airport,Manzanillo,MX,MX-COL,19.1448,-104.558998,medium
ZLT,La Tabatière Airport,La Tabatière,CA,CA-QC,50.8307991027832,-58.97560119628906,small
ZMT,Masset Airport,Masset,CA,CA-BC,54.0275,-132.125,medium
ZND,Zinder Airport,Zinder,NE,NE-7,13.779000282287598,8.983759880065918,medium
ZNE,Newman Airport,Newman,AU,AU-WA,-23.417800903299998,119.803001404,medium
ZNZ,Abeid Amani Karume International Airport,Zanzibar,TZ,TZ-07,-6.22202,39.224899,large
ZOS,Cañal Bajo Carlos Hott Siebert Airport,Osorno,CL,CL-LL,-40.611198,-73.060997,medium
ZPB,Sachigo Lake Airport,Sachigo Lake,CA,CA-ON,53.890885,-92.195935,small
ZPC,Pucón Airport,Pucon,CL,CL-AR,-39.292801,-71.915901,small
ZQN,Queenstown Airport,Queenstown,NZ,NZ-OTA,-45.019205,168.746379,large
ZQZ,Zhangjiakou Ningyuan Airport,Zhangjiakou,CN,CN-13,40.738664,114.933395,medium
ZRH,Zürich Airport,Zurich,CH,CH-ZH,47.458056,8.548056,large
ZRJ,Round Lake (Weagamow Lake) Airport,Round Lake,CA,CA-ON,52.9436,-91.312798,small
ZSA,San Salvador International Airport,San Salvador,BS,BS-SS,24.063041,-74.523233,large
ZSE,Saint-Pierre Pierrefonds Airport,Saint-Pierre,RE,RE-SR,-21.319362,55.422506,large
ZSJ,Sandy Lake Airport,Sandy Lake,CA,CA-ON,53.06420135498047,-93.34439849853516,medium
ZTB,Tête-à-la-Baleine Airport,Tête-à-la-Baleine,CA,CA-QC,50.674400329589844,-59.38359832763672,small
ZTH,Zakynthos International Airport Dionysios Solomos,Zakynthos,GR,GR-F,37.7509,20.8843,medium
ZTM,Shamattawa Airport,Shamattawa,CA,CA-MB,55.86356,-92.081137,small
ZUH,Zhuhai Jinwan Airport,Zhuhai (Jinwan),CN,CN-44,22.006399,113.375999,large
ZUM,Churchill Falls Airport,Churchill Falls,CA,CA-NL,53.5619010925293,-64.10639953613281,small
ZWL,Wollaston Lake Airport,Wollaston Lake,CA,CA-SK,58.106899,-103.171997,small
ZYI,Zunyi Xinzhou Airport,Zunyi,CN,CN-52,27.810723,107.247189,medium
ZYL,Osmany International Airport,Sylhet,BD,BD-G,24.963993,91.864749,large
